id,input_address,match_status,match_type,matched_address,coordinates,tiger_line_id,side,state_fips,county_fips,tract,block
0,"1896 KENNARD ST N, MAPLEWOOD, MN, 55109",Match,Non_Exact,"1896 N KENNARD ST, MAPLEWOOD, MN, 55109","-93.030256288394,44.998100085935",97652962.0,R,27.0,123.0,42402.0,1013.0
1,"1826 FLANDRAU ST N, MAPLEWOOD, MN, 55109",Match,Exact,"1826 FLANDRAU ST N, MAPLEWOOD, MN, 55109","-93.027748121061,44.996864970113",97652965.0,R,27.0,123.0,42402.0,1014.0
2,"1838 FLANDRAU ST N, MAPLEWOOD, MN, 55109",Match,Exact,"1838 FLANDRAU ST N, MAPLEWOOD, MN, 55109","-93.027747796915,44.997122637581",97652965.0,R,27.0,123.0,42402.0,1014.0
3,"1919 FLANDRAU ST N, MAPLEWOOD, MN, 55109",Match,Exact,"1919 FLANDRAU ST N, MAPLEWOOD, MN, 55109","-93.027907617439,44.998882157944",97652965.0,L,27.0,123.0,42402.0,1013.0
4,"1899 WHITE BEAR AVE N, MAPLEWOOD, MN, 55109",Match,Exact,"1899 WHITE BEAR AVE N, MAPLEWOOD, MN, 55109","-93.025293315338,44.998320778442",636241388.0,L,27.0,123.0,42402.0,1014.0
5,"1749 FLANDRAU ST N, MAPLEWOOD, MN, 55109",Match,Exact,"1749 FLANDRAU ST N, MAPLEWOOD, MN, 55109","-93.0279122375,44.995209610948",97652965.0,L,27.0,123.0,42402.0,1013.0
6,"1835 FLANDRAU ST N, MAPLEWOOD, MN, 55109",Match,Exact,"1835 FLANDRAU ST N, MAPLEWOOD, MN, 55109","-93.027909900293,44.997067487664",97652965.0,L,27.0,123.0,42402.0,1013.0
7,"1521 EDGCUMBE RD, ST PAUL, MN, 55116",Match,Exact,"1521 EDGCUMBE RD, SAINT PAUL, MN, 55116","-93.151123971717,44.919015314882",97647024.0,R,27.0,123.0,36600.0,1011.0
8,"7191 KNOLLWOOD DR, MOUNDS VIEW, MN, 55112",Match,Exact,"7191 KNOLLWOOD DR, MOUNDS VIEW, MN, 55112","-93.222126382868,45.098857348539",97633649.0,R,27.0,123.0,41002.0,1007.0
9,"1515 EDGCUMBE RD, ST PAUL, MN, 55116",Match,Exact,"1515 EDGCUMBE RD, SAINT PAUL, MN, 55116","-93.150999531997,44.919229766313",97647024.0,R,27.0,123.0,36600.0,1011.0
400,"1427 BLAIR AVE, ST PAUL, MN, 55104",Match,Non_Exact,"1427 W BLAIR AVE, SAINT PAUL, MN, 55104","-93.160528819517,44.961170167147",97641581.0,R,27.0,123.0,32200.0,3004.0
401,"1776 ARONA ST, FALCON HEIGHTS, MN, 55113",Match,Non_Exact,"1776 N ARONA ST, FALCON HEIGHTS, MN, 55113","-93.164146131695,44.994612249823",97640953.0,R,27.0,123.0,41900.0,1009.0
402,"1715 ARONA ST, FALCON HEIGHTS, MN, 55113",Match,Non_Exact,"1715 N ARONA ST, FALCON HEIGHTS, MN, 55113","-93.164310635706,44.993210843278",97640953.0,L,27.0,123.0,41900.0,3019.0
403,"891 KENNETH ST, ST PAUL, MN, 55116",Match,Non_Exact,"891 S KENNETH ST, SAINT PAUL, MN, 55116","-93.184007302598,44.915185991437",97645951.0,R,27.0,123.0,37500.0,3006.0
404,"989 ST ANTHONY AVE, ST PAUL, MN, 55104",Match,Exact,"989 ST ANTHONY AVE, SAINT PAUL, MN, 55104","-93.141754614567,44.952187297504",97646598.0,R,27.0,123.0,33500.0,3012.0
405,"1354 KENT ST, ST PAUL, MN, 55117",Tie,,,,,,,,,
406,"674 HIGHWAY 96 W, SHOREVIEW, MN, 55126",Match,Non_Exact,"674 CO RD 96, SHOREVIEW, MN, 55126","-93.13010974479,45.079312717497",97635702.0,L,27.0,123.0,40708.0,2004.0
407,"4166 HAZEL ST N, WHITE BEAR LAKE, MN, 55110",Match,Non_Exact,"4166 N HAZEL ST, WHITE BEAR LAKE, MN, 55110","-93.0107669332,45.067064031924",97637226.0,R,27.0,123.0,40301.0,2013.0
408,"647 BIRCH LN N, SHOREVIEW, MN, 55126",Match,Exact,"647 BIRCH LN N, SHOREVIEW, MN, 55126","-93.128413000116,45.096803681461",97635560.0,R,27.0,123.0,40707.0,1003.0
409,"1966 ASBURY ST, ROSEVILLE, MN, 55113",Match,Exact,"1966 ASBURY ST, ROSEVILLE, MN, 55113","-93.164804697206,45.001411993474",97640928.0,R,27.0,123.0,41800.0,2006.0
410,"1945 MINNEHAHA AVE E, ST PAUL, MN, 55119",Match,Exact,"1945 MINNEHAHA AVE E, SAINT PAUL, MN, 55119","-93.018209581555,44.963128947883",97653520.0,L,27.0,123.0,31802.0,3017.0
411,"910 WILDER ST S, ST PAUL, MN, 55116",Match,Non_Exact,"910 S WILDER ST, SAINT PAUL, MN, 55116","-93.184486820775,44.91410032414",97639675.0,L,27.0,123.0,37500.0,3006.0
412,"1724 BIRCH LAKE AVE, WHITE BEAR LAKE, MN, 55110",Match,Exact,"1724 BIRCH LAKE AVE, WHITE BEAR LAKE, MN, 55110","-93.028333432295,45.08278867918",97666658.0,L,27.0,123.0,40504.0,4020.0
413,"2125 FLORAL DR, WHITE BEAR LAKE, MN, 55110",Match,Exact,"2125 FLORAL DR, WHITE BEAR LAKE, MN, 55110","-93.011015553124,45.065781258794",97637190.0,L,27.0,123.0,40301.0,2007.0
414,"2240 HENDRY PL N, MAPLEWOOD, MN, 55117",Match,Non_Exact,"2240 HENDRY PL, MAPLEWOOD, MN, 55117","-93.07855301357,45.008407260051",97649451.0,R,27.0,123.0,42202.0,5007.0
415,"1110 SHERREN ST W, ROSEVILLE, MN, 55113",Match,Exact,"1110 SHERREN ST W, ROSEVILLE, MN, 55113","-93.146813899548,45.009074038362",97640639.0,L,27.0,123.0,41800.0,3005.0
416,"2303 7TH AVE E, NORTH ST PAUL, MN, 55109",Match,Exact,"2303 7TH AVE E, NORTH ST PAUL, MN, 55109","-93.004013831925,45.005688198578",647902588.0,L,27.0,123.0,42700.0,3021.0
417,"1672 HARTFORD AVE, ST PAUL, MN, 55116",Match,Non_Exact,"1672 W HARTFORD AVE, SAINT PAUL, MN, 55116","-93.170968593477,44.923322648897",97645999.0,L,27.0,123.0,36400.0,2010.0
418,"2181 BURR ST N, MAPLEWOOD, MN, 55117",Match,Non_Exact,"2181 BURR ST, MAPLEWOOD, MN, 55117","-93.080083007106,45.007148946836",97649450.0,L,27.0,123.0,42202.0,5008.0
419,"1834 ASBURY ST, FALCON HEIGHTS, MN, 55113",Match,Non_Exact,"1834 N ASBURY ST, FALCON HEIGHTS, MN, 55113","-93.165402721091,44.996196719414",97640917.0,R,27.0,123.0,41900.0,3018.0
420,"1599 HURON ST, ST PAUL, MN, 55108",Tie,,,,,,,,,
300,"830 PEDERSEN ST, ST PAUL, MN, 55119",Match,Exact,"830 PEDERSEN ST, SAINT PAUL, MN, 55119","-93.012821237905,44.966243314081",97653600.0,R,27.0,123.0,31802.0,3012.0
421,"670 MONTANA AVE E, ST PAUL, MN, 55106",Match,Exact,"670 MONTANA AVE E, SAINT PAUL, MN, 55106","-93.072294486497,44.987344260551",97650101.0,R,27.0,123.0,30602.0,5019.0
301,"1467 HURON ST, ST PAUL, MN, 55108",Match,Non_Exact,"1467 N HURON ST, SAINT PAUL, MN, 55108","-93.15542839284,44.98583409001",97641763.0,L,27.0,123.0,30201.0,2016.0
422,"1678 HARTFORD AVE, ST PAUL, MN, 55116",Match,Non_Exact,"1678 W HARTFORD AVE, SAINT PAUL, MN, 55116","-93.171214403225,44.92332352058",97645999.0,L,27.0,123.0,36400.0,2010.0
302,"1519 CHELSEA ST, ST PAUL, MN, 55108",Match,Non_Exact,"1519 N CHELSEA ST, SAINT PAUL, MN, 55108","-93.154110078729,44.987036957715",97641759.0,L,27.0,123.0,30201.0,2000.0
423,"1905 SNELLING AVE N, FALCON HEIGHTS, MN, 55113",Match,Non_Exact,"1905 SNELLING DR, FALCON HEIGHTS, MN, 55113","-93.166924696486,44.998501377635",640770965.0,L,27.0,123.0,41900.0,3005.0
303,"3060 WEST OWASSO BLVD, ROSEVILLE, MN, 55113",Match,Exact,"3060 W OWASSO BLVD, ROSEVILLE, MN, 55113","-93.131010270922,45.03283526034",97666804.0,R,27.0,123.0,41500.0,4001.0
424,"1454 SIMPSON ST, ST PAUL, MN, 55108",Match,Exact,"1454 SIMPSON ST, SAINT PAUL, MN, 55108","-93.163010581033,44.9849836376",97641056.0,R,27.0,123.0,30201.0,2011.0
304,"2103 COUNTY ROAD F E, WHITE BEAR LAKE, MN, 55110",Match,Non_Exact,"2103 E CO RD F, WHITE BEAR LAKE, MN, 55110","-93.011676440538,45.064746103469",97637194.0,L,27.0,123.0,40301.0,2011.0
425,"764 COTTAGE AVE W, ST PAUL, MN, 55117",Match,Exact,"764 COTTAGE AVE W, SAINT PAUL, MN, 55117","-93.130814398819,44.982678163346",97643453.0,L,27.0,123.0,30300.0,2010.0
305,"1439 BLAIR AVE, ST PAUL, MN, 55104",Match,Non_Exact,"1439 W BLAIR AVE, SAINT PAUL, MN, 55104","-93.161027866491,44.961166677343",97641581.0,R,27.0,123.0,32200.0,3004.0
426,"928 PARKER AVE, ROSEVILLE, MN, 55113",Match,Exact,"928 PARKER AVE, ROSEVILLE, MN, 55113","-93.139169924194,45.004017321618",616281989.0,L,27.0,123.0,41700.0,3001.0
306,"1628 BAYARD AVE, ST PAUL, MN, 55116",Match,Non_Exact,"1628 W BAYARD AVE, SAINT PAUL, MN, 55116","-93.16932260501,44.922407816843",97646160.0,L,27.0,123.0,36400.0,2012.0
427,"1989 MINNEHAHA AVE E, ST PAUL, MN, 55119",Match,Exact,"1989 MINNEHAHA AVE E, SAINT PAUL, MN, 55119","-93.016411059884,44.963124986257",97653520.0,L,27.0,123.0,31802.0,3017.0
307,"543 SNELLING AVE S, ST PAUL, MN, 55116",Match,Exact,"543 SNELLING AVE S, SAINT PAUL, MN, 55116","-93.167105706922,44.925068061289",97646165.0,R,27.0,123.0,36400.0,2005.0
428,"2345 BURKE AVE E, NORTH ST PAUL, MN, 55109",Match,Exact,"2345 BURKE AVE E, NORTH ST PAUL, MN, 55109","-93.000753395001,45.00561735344",97671212.0,L,27.0,123.0,42700.0,5001.0
308,"1334 SUMNER ST, ST PAUL, MN, 55116",Match,Exact,"1334 SUMNER ST, SAINT PAUL, MN, 55116","-93.183483599718,44.90121813233",97647309.0,L,27.0,123.0,37601.0,2008.0
429,"550 MONTROSE LN, ST PAUL, MN, 55116",Match,Exact,"550 MONTROSE LN, SAINT PAUL, MN, 55116","-93.193509615869,44.925217142322",97639528.0,L,27.0,123.0,43001.0,3000.0
309,"1905 MINNEHAHA AVE E, ST PAUL, MN, 55119",Match,Exact,"1905 MINNEHAHA AVE E, SAINT PAUL, MN, 55119","-93.019989834246,44.963131287469",97653519.0,L,27.0,123.0,31802.0,3018.0
430,"2239 BURR ST N, MAPLEWOOD, MN, 55117",Match,Non_Exact,"2239 BURR ST, MAPLEWOOD, MN, 55117","-93.080093067098,45.008206439088",97649445.0,L,27.0,123.0,42202.0,5008.0
310,"1651 WATSON AVE, ST PAUL, MN, 55116",Match,Non_Exact,"1651 W WATSON AVE, SAINT PAUL, MN, 55116","-93.170066481225,44.924343042549",97645997.0,R,27.0,123.0,36400.0,2006.0
431,"1405 SEARLE ST, ST PAUL, MN, 55130",Match,Exact,"1405 SEARLE ST, SAINT PAUL, MN, 55130","-93.074865883158,44.982381201463",97650117.0,L,27.0,123.0,30602.0,3010.0
311,"1614 BAYARD AVE, ST PAUL, MN, 55116",Match,Non_Exact,"1614 W BAYARD AVE, SAINT PAUL, MN, 55116","-93.169080175384,44.922406961695",97646160.0,L,27.0,123.0,36400.0,2012.0
432,"853 KENNETH ST, ST PAUL, MN, 55116",Match,Non_Exact,"853 S KENNETH ST, SAINT PAUL, MN, 55116","-93.184203522922,44.915477641432",97645951.0,R,27.0,123.0,37500.0,3006.0
312,"2201 HENDRY PL N, MAPLEWOOD, MN, 55117",Match,Non_Exact,"2201 HENDRY PL, MAPLEWOOD, MN, 55117","-93.078729803443,45.007959746821",97649451.0,L,27.0,123.0,42202.0,5004.0
433,"907 ST PAUL AVE, ST PAUL, MN, 55116",Match,Exact,"907 ST PAUL AVE, SAINT PAUL, MN, 55116","-93.185635254797,44.91345717157",97639677.0,R,27.0,123.0,37601.0,4001.0
313,"2224 SOUTH SHORE BLVD, WHITE BEAR LAKE, MN, 55110",Match,Exact,"2224 S SHORE BLVD, WHITE BEAR LAKE, MN, 55110","-93.006654587396,45.069393396274",97662159.0,R,27.0,123.0,40301.0,2010.0
434,"1924 STILLWATER AVE, ST PAUL, MN, 55119",Match,Exact,"1924 STILLWATER AVE, SAINT PAUL, MN, 55119","-93.0189941074,44.968091377007",97653414.0,R,27.0,123.0,31802.0,3007.0
314,"1504 PASCAL ST N, ST PAUL, MN, 55108",Match,Exact,"1504 PASCAL ST N, SAINT PAUL, MN, 55108","-93.161695390677,44.986475986203",97641074.0,R,27.0,123.0,30201.0,2004.0
435,"1811 ARONA ST, FALCON HEIGHTS, MN, 55113",Match,Non_Exact,"1811 N ARONA ST, FALCON HEIGHTS, MN, 55113","-93.164306654477,44.995450393456",97640950.0,L,27.0,123.0,41900.0,3018.0
315,"1377 PAYNE AVE, ST PAUL, MN, 55130",Match,Exact,"1377 PAYNE AVE, SAINT PAUL, MN, 55130","-93.073682877383,44.982705026643",97650124.0,L,27.0,123.0,30602.0,3003.0
436,"2057 BUSH AVE, ST PAUL, MN, 55119",Match,Exact,"2057 BUSH AVE, SAINT PAUL, MN, 55119","-93.014008208738,44.964931286791",97653668.0,L,27.0,123.0,31802.0,2014.0
316,"936 PARKER AVE, ROSEVILLE, MN, 55113",Match,Exact,"936 PARKER AVE, ROSEVILLE, MN, 55113","-93.139500627261,45.004022079959",616281989.0,L,27.0,123.0,41700.0,3001.0
437,"865 PARKVIEW AVE, ST PAUL, MN, 55117",Match,Non_Exact,"865 W PARKVIEW AVE, SAINT PAUL, MN, 55117","-93.137045607243,44.983546665345",97641932.0,R,27.0,123.0,30300.0,4031.0
317,"2239 SUNRISE DR N, MAPLEWOOD, MN, 55117",Match,Non_Exact,"2239 SUNRISE DR, MAPLEWOOD, MN, 55117","-93.077039712409,45.008213143576",656769003.0,L,27.0,123.0,42202.0,5007.0
438,"1447 IOWA AVE W, FALCON HEIGHTS, MN, 55108",Match,Non_Exact,"1447 W IOWA AVE, FALCON HEIGHTS, MN, 55108","-93.161100989154,44.989157044974",97641064.0,R,27.0,123.0,41900.0,2008.0
318,"792 MONTANA AVE E, ST PAUL, MN, 55106",Match,Exact,"792 MONTANA AVE E, SAINT PAUL, MN, 55106","-93.067466225836,44.987382001546",97650259.0,R,27.0,123.0,30602.0,5022.0
439,"1571 ARCADE ST, ST PAUL, MN, 55106",Match,Exact,"1571 ARCADE ST, SAINT PAUL, MN, 55106","-93.066157359059,44.98866048066",97650248.0,L,27.0,123.0,30602.0,5013.0
319,"1353 SCHLETTI ST, ST PAUL, MN, 55117",Tie,,,,,,,,,
440,"585 CRETIN AVE S, ST PAUL, MN, 55116",Match,Non_Exact,"585 S CRETIN AVE, SAINT PAUL, MN, 55116","-93.192557698627,44.923843229183",97639538.0,R,27.0,123.0,43001.0,3000.0
320,"1666 BAYARD AVE, ST PAUL, MN, 55116",Match,Non_Exact,"1666 W BAYARD AVE, SAINT PAUL, MN, 55116","-93.170722378562,44.922408712466",97646001.0,L,27.0,123.0,36400.0,2011.0
441,"1622 WATSON AVE, ST PAUL, MN, 55116",Match,Non_Exact,"1622 W WATSON AVE, SAINT PAUL, MN, 55116","-93.169219109829,44.924224189499",97646158.0,L,27.0,123.0,36400.0,2008.0
200,"1951 KENWOOD DR E, MAPLEWOOD, MN, 55117",Match,Non_Exact,"1951 E KENWOOD DR, MAPLEWOOD, MN, 55117","-93.068969779188,45.000246934337",647914966.0,L,27.0,123.0,42202.0,1017.0
321,"461 WOODLAWN AVE, ST PAUL, MN, 55105",Match,Exact,"461 WOODLAWN AVE, SAINT PAUL, MN, 55105","-93.195225883207,44.928064887476",97639391.0,R,27.0,123.0,43001.0,5014.0
442,"2986 MILDRED DR, ROSEVILLE, MN, 55113",Match,Exact,"2986 MILDRED DR, ROSEVILLE, MN, 55113","-93.179157370166,45.031153813882",635777383.0,R,27.0,123.0,41302.0,4004.0
201,"928 BURKE AVE W, ROSEVILLE, MN, 55113",Match,Non_Exact,"928 W BURKE AVE, ROSEVILLE, MN, 55113","-93.141222418327,45.005387145626",97640650.0,L,27.0,123.0,41700.0,3000.0
322,"2069 3RD ST N, NORTH ST PAUL, MN, 55109",Match,Exact,"2069 3RD ST N, NORTH ST PAUL, MN, 55109","-93.002522853923,45.003757790384",635776183.0,L,27.0,123.0,42700.0,5004.0
443,"339 WOODLAWN AVE, ST PAUL, MN, 55105",Match,Exact,"339 WOODLAWN AVE, SAINT PAUL, MN, 55105","-93.196287680701,44.931289401447",97639384.0,R,27.0,123.0,43001.0,5011.0
202,"1016 CENTRAL AVE W, ST PAUL, MN, 55104",Match,Non_Exact,"1016 W CENTRAL AVE, SAINT PAUL, MN, 55104","-93.143114434283,44.952981706085",97646595.0,L,27.0,123.0,33500.0,3012.0
323,"797 MONTANA AVE E, ST PAUL, MN, 55106",Match,Exact,"797 MONTANA AVE E, SAINT PAUL, MN, 55106","-93.067396995008,44.987497378532",97650259.0,L,27.0,123.0,30602.0,5014.0
444,"748 IOWA AVE W, ST PAUL, MN, 55117",Match,Exact,"748 IOWA AVE W, SAINT PAUL, MN, 55117","-93.132283256415,44.989080534044",97641961.0,L,27.0,123.0,30300.0,1017.0
203,"1969 ASBURY ST, ROSEVILLE, MN, 55113",Match,Exact,"1969 ASBURY ST, ROSEVILLE, MN, 55113","-93.164966713317,45.001429220382",97640928.0,L,27.0,123.0,41800.0,2012.0
324,"305 ELMER ST, ROSEVILLE, MN, 55113",Match,Exact,"305 ELMER ST, ROSEVILLE, MN, 55113","-93.112944311315,45.002234927076",97655885.0,R,27.0,123.0,41602.0,2014.0
445,"2100 IVY ST, NORTH ST PAUL, MN, 55109",Match,Non_Exact,"2100 N IVY ST, NORTH ST PAUL, MN, 55109","-93.003605184038,45.004203424008",97652727.0,R,27.0,123.0,42700.0,5004.0
204,"1377 SCHLETTI ST, ST PAUL, MN, 55117",Tie,,,,,,,,,
325,"534 HIGHWAY DR E, MAPLEWOOD, MN, 55117",Match,Non_Exact,"534 HIGHWAY DR, MAPLEWOOD, MN, 55117","-93.078225712978,45.009102380638",97649457.0,R,27.0,123.0,42202.0,5007.0
446,"7971 WOODLAWN DR, MOUNDS VIEW, MN, 55112",Match,Exact,"7971 WOODLAWN DR, MOUNDS VIEW, MN, 55112","-93.206427568277,45.112981490176",97633425.0,R,27.0,123.0,40901.0,1005.0
205,"1357 ASBURY ST, ST PAUL, MN, 55108",Tie,,,,,,,,,
326,"1346 KENNETH ST, ST PAUL, MN, 55116",Match,Non_Exact,"1346 S KENNETH ST, SAINT PAUL, MN, 55116","-93.184755596254,44.90056043516",97639727.0,L,27.0,123.0,37601.0,2007.0
447,"2966 MILDRED DR, ROSEVILLE, MN, 55113",Match,Exact,"2966 MILDRED DR, ROSEVILLE, MN, 55113","-93.17915231354,45.030789733194",635777383.0,R,27.0,123.0,41302.0,4004.0
206,"2006 BUSH AVE, ST PAUL, MN, 55119",Match,Exact,"2006 BUSH AVE, SAINT PAUL, MN, 55119","-93.015565819398,44.964736234433",97653655.0,R,27.0,123.0,31802.0,3016.0
327,"1604 BAYARD AVE, ST PAUL, MN, 55116",Match,Non_Exact,"1604 W BAYARD AVE, SAINT PAUL, MN, 55116","-93.168907011365,44.922406350875",97646160.0,L,27.0,123.0,36400.0,2012.0
448,"1940 ELM ST, WHITE BEAR LAKE, MN, 55110",Match,Exact,"1940 ELM ST, WHITE BEAR LAKE, MN, 55110","-93.018578841404,45.046581683782",617573588.0,R,27.0,123.0,40402.0,1009.0
207,"1850 BOHLAND AVE, ST PAUL, MN, 55116",Match,Exact,"1850 BOHLAND AVE, SAINT PAUL, MN, 55116","-93.178567976242,44.916094060028",97645966.0,L,27.0,123.0,37500.0,3000.0
328,"5257 HODGSON RD, SHOREVIEW, MN, 55126",Match,Exact,"5257 HODGSON RD, SHOREVIEW, MN, 55126","-93.127313672801,45.100689181594",647906277.0,L,27.0,123.0,40707.0,1003.0
449,"603 MACALESTER ST, ST PAUL, MN, 55116",Match,Non_Exact,"603 S MACALESTER ST, SAINT PAUL, MN, 55116","-93.1696572039,44.923301499842",97646159.0,R,27.0,123.0,36400.0,2010.0
208,"882 KENNETH ST, ST PAUL, MN, 55116",Match,Non_Exact,"882 S KENNETH ST, SAINT PAUL, MN, 55116","-93.183565764471,44.914796135403",97645951.0,L,27.0,123.0,37500.0,3002.0
329,"1880 BOHLAND AVE, ST PAUL, MN, 55116",Match,Exact,"1880 BOHLAND AVE, SAINT PAUL, MN, 55116","-93.179855481071,44.916097208051",97645966.0,L,27.0,123.0,37500.0,3000.0
209,"2184 BURR ST N, MAPLEWOOD, MN, 55117",Match,Non_Exact,"2184 BURR ST, MAPLEWOOD, MN, 55117","-93.079919932972,45.007032337966",97649450.0,R,27.0,123.0,42202.0,5007.0
450,"1925 STILLWATER AVE, ST PAUL, MN, 55119",Match,Exact,"1925 STILLWATER AVE, SAINT PAUL, MN, 55119","-93.019065108141,44.96819437154",97653414.0,L,27.0,123.0,31802.0,1012.0
330,"1394 EDGCUMBE RD, ST PAUL, MN, 55116",Match,Exact,"1394 EDGCUMBE RD, SAINT PAUL, MN, 55116","-93.149770096374,44.923492504908",97646997.0,L,27.0,123.0,36600.0,5003.0
451,"1776 ASBURY ST, FALCON HEIGHTS, MN, 55113",Match,Non_Exact,"1776 N ASBURY ST, FALCON HEIGHTS, MN, 55113","-93.165407391526,44.994633047589",97640921.0,R,27.0,123.0,41900.0,3019.0
210,"2227 SUNRISE DR N, MAPLEWOOD, MN, 55117",Match,Non_Exact,"2227 SUNRISE DR, MAPLEWOOD, MN, 55117","-93.076952521788,45.008049152314",656769003.0,L,27.0,123.0,42202.0,5007.0
331,"2005 MINNEHAHA AVE E, ST PAUL, MN, 55119",Match,Exact,"2005 MINNEHAHA AVE E, SAINT PAUL, MN, 55119","-93.015757052003,44.963123545665",97653520.0,L,27.0,123.0,31802.0,3017.0
452,"1285 ARLINGTON AVE W, ST PAUL, MN, 55108",Match,Exact,"1285 ARLINGTON AVE W, SAINT PAUL, MN, 55108","-93.154938622644,44.984677045593",97641781.0,R,27.0,123.0,30201.0,2017.0
211,"526 MONTROSE LN, ST PAUL, MN, 55116",Match,Exact,"526 MONTROSE LN, SAINT PAUL, MN, 55116","-93.193509264836,44.925500745662",97639528.0,L,27.0,123.0,43001.0,3000.0
332,"1953 MINNEHAHA AVE E, ST PAUL, MN, 55119",Match,Exact,"1953 MINNEHAHA AVE E, SAINT PAUL, MN, 55119","-93.017882577615,44.963128227587",97653520.0,L,27.0,123.0,31802.0,3017.0
453,"1212 HOYT AVE W, ST PAUL, MN, 55108",Match,Exact,"1212 HOYT AVE W, SAINT PAUL, MN, 55108","-93.150964151421,44.988232097414",97641792.0,L,27.0,123.0,30202.0,3000.0
212,"1730 ARONA ST, FALCON HEIGHTS, MN, 55113",Match,Non_Exact,"1730 N ARONA ST, FALCON HEIGHTS, MN, 55113","-93.164147962576,44.993572390717",97640953.0,R,27.0,123.0,41900.0,1009.0
333,"1532 ASBURY ST, ST PAUL, MN, 55108",Match,Non_Exact,"1532 N ASBURY ST, SAINT PAUL, MN, 55108","-93.165535651573,44.986678632426",97641000.0,R,27.0,123.0,30201.0,2007.0
454,"1871 BEECHWOOD AVE, ST PAUL, MN, 55116",Match,Exact,"1871 BEECHWOOD AVE, SAINT PAUL, MN, 55116","-93.179429056736,44.915299860727",97645967.0,R,27.0,123.0,37500.0,3000.0
213,"844 COUNTY ROAD I W, SHOREVIEW, MN, 55126",Match,Exact,"844 CO RD I W, SHOREVIEW, MN, 55126","-93.136705694817,45.108080596035",617573537.0,L,27.0,123.0,40707.0,1003.0
334,"1538 HURON ST, ST PAUL, MN, 55108",Match,Non_Exact,"1538 N HURON ST, SAINT PAUL, MN, 55108","-93.155245212865,44.987135611356",97641758.0,R,27.0,123.0,30201.0,2000.0
455,"511 MONTROSE LN, ST PAUL, MN, 55116",Match,Exact,"511 MONTROSE LN, SAINT PAUL, MN, 55116","-93.193671694064,44.925033425764",97639528.0,R,27.0,123.0,43001.0,3001.0
214,"861 PARKVIEW AVE, ST PAUL, MN, 55117",Match,Non_Exact,"861 W PARKVIEW AVE, SAINT PAUL, MN, 55117","-93.136960051862,44.983546240747",97641932.0,R,27.0,123.0,30300.0,4031.0
335,"1995 MINNEHAHA AVE E, ST PAUL, MN, 55119",Match,Exact,"1995 MINNEHAHA AVE E, SAINT PAUL, MN, 55119","-93.016165806928,44.963124446035",97653520.0,L,27.0,123.0,31802.0,3017.0
456,"995 SHERREN ST W, ROSEVILLE, MN, 55113",Match,Exact,"995 SHERREN ST W, ROSEVILLE, MN, 55113","-93.141992072344,45.009151262505",97640735.0,R,27.0,123.0,41700.0,1002.0
215,"895 HOYT AVE W, ST PAUL, MN, 55117",Match,Exact,"895 HOYT AVE W, SAINT PAUL, MN, 55117","-93.137855323863,44.988340623685",97641944.0,R,27.0,123.0,30300.0,4012.0
336,"1628 JUNO AVE, ST PAUL, MN, 55116",Match,Non_Exact,"1628 W JUNO AVE, SAINT PAUL, MN, 55116","-93.169318426998,44.926034815869",97646154.0,L,27.0,123.0,36400.0,2004.0
457,"5245 HODGSON RD, SHOREVIEW, MN, 55126",Match,Exact,"5245 HODGSON RD, SHOREVIEW, MN, 55126","-93.127310211238,45.100351674681",647906277.0,L,27.0,123.0,40707.0,1003.0
216,"908 IOWA AVE W, ST PAUL, MN, 55117",Match,Exact,"908 IOWA AVE W, SAINT PAUL, MN, 55117","-93.138462268862,44.98912244241",97641890.0,L,27.0,123.0,30300.0,4012.0
337,"2185 SUNRISE DR N, MAPLEWOOD, MN, 55117",Match,Non_Exact,"2185 SUNRISE DR, MAPLEWOOD, MN, 55117","-93.077410564053,45.007553108533",656769003.0,L,27.0,123.0,42202.0,5007.0
458,"2214 RANDOLPH AVE, ST PAUL, MN, 55105",Match,Exact,"2214 RANDOLPH AVE, SAINT PAUL, MN, 55105","-93.193851635169,44.926988026283",97639520.0,L,27.0,123.0,43001.0,3001.0
217,"1604 RANDOLPH AVE, ST PAUL, MN, 55105",Match,Exact,"1604 RANDOLPH AVE, SAINT PAUL, MN, 55105","-93.167357596867,44.926928807812",97646152.0,L,27.0,123.0,36400.0,2000.0
338,"1505 ASBURY ST, ST PAUL, MN, 55108",Match,Non_Exact,"1505 N ASBURY ST, SAINT PAUL, MN, 55108","-93.165700209248,44.986474955668",97641000.0,L,27.0,123.0,30201.0,2008.0
459,"1721 HIGHWAY 96, WHITE BEAR LAKE, MN, 55110",Match,Exact,"1721 CO RD 96, WHITE BEAR LAKE, MN, 55110","-93.028123812603,45.079347393487",638347969.0,L,27.0,123.0,40504.0,4021.0
218,"1600 HARTFORD AVE, ST PAUL, MN, 55116",Match,Non_Exact,"1600 W HARTFORD AVE, SAINT PAUL, MN, 55116","-93.16793052989,44.923306099029",97646173.0,L,27.0,123.0,36400.0,2009.0
339,"5160 ST ALBANS ST N, SHOREVIEW, MN, 55126",Match,Exact,"5160 ST ALBANS ST N, SHOREVIEW, MN, 55126","-93.129514406597,45.097357991266",97635559.0,R,27.0,123.0,40707.0,1003.0
219,"1723 FLORENCE ST, WHITE BEAR LAKE, MN, 55110",Match,Exact,"1723 FLORENCE ST, WHITE BEAR LAKE, MN, 55110","-93.028540774876,45.081091628745",97662155.0,R,27.0,123.0,40504.0,4020.0
460,"793 NEVADA AVE E, ST PAUL, MN, 55106",Match,Exact,"793 NEVADA AVE E, SAINT PAUL, MN, 55106","-93.067397389945,44.985686682623",97650263.0,L,27.0,123.0,30602.0,5023.0
340,"1689 SCHEFFER AVE, ST PAUL, MN, 55116",Match,Non_Exact,"1689 W SCHEFFER AVE, SAINT PAUL, MN, 55116","-93.171623277549,44.921621563609",97646179.0,R,27.0,123.0,36400.0,2011.0
461,"1667 NILES AVE, ST PAUL, MN, 55116",Match,Non_Exact,"1667 W NILES AVE, SAINT PAUL, MN, 55116","-93.170721973176,44.925245366903",97645992.0,R,27.0,123.0,36400.0,2003.0
220,"908 ARLINGTON AVE W, ST PAUL, MN, 55117",Match,Non_Exact,"908 W ARLINGTON AVE, SAINT PAUL, MN, 55117","-93.138351767658,44.984599483794",97641970.0,L,27.0,123.0,30300.0,4031.0
341,"503 MONTROSE LN, ST PAUL, MN, 55116",Match,Exact,"503 MONTROSE LN, SAINT PAUL, MN, 55116","-93.193671517957,44.925175704881",97639528.0,R,27.0,123.0,43001.0,3001.0
462,"1332 HIGHLAND PKWY, ST PAUL, MN, 55116",Match,Non_Exact,"1332 W HIGHLAND PKWY, SAINT PAUL, MN, 55116","-93.155956720524,44.919660617248",97646948.0,L,27.0,123.0,36600.0,1009.0
100,"1525 SIMPSON ST, ST PAUL, MN, 55108",Match,Exact,"1525 SIMPSON ST, SAINT PAUL, MN, 55108","-93.163150084855,44.986838653627",97641054.0,L,27.0,123.0,30201.0,2006.0
221,"0 MILDRED DR, ROSEVILLE, MN, 55113",No_Match,,,,,,,,,
342,"491 MONTROSE LN, ST PAUL, MN, 55116",Match,Exact,"491 MONTROSE LN, SAINT PAUL, MN, 55116","-93.193671253795,44.925389123555",97639528.0,R,27.0,123.0,43001.0,3001.0
463,"8080 RED OAK DR, MOUNDS VIEW, MN, 55112",Match,Exact,"8080 RED OAK DR, MOUNDS VIEW, MN, 55112","-93.217350317612,45.114894556579",97633360.0,L,27.0,123.0,41001.0,2011.0
101,"1533 CHELSEA ST, ST PAUL, MN, 55108",Match,Non_Exact,"1533 N CHELSEA ST, SAINT PAUL, MN, 55108","-93.15410397631,44.987443781978",97641759.0,L,27.0,123.0,30201.0,2000.0
222,"1992 BUSH AVE, ST PAUL, MN, 55119",Match,Exact,"1992 BUSH AVE, SAINT PAUL, MN, 55119","-93.015855495308,44.964695752003",97653655.0,R,27.0,123.0,31802.0,3016.0
343,"2194 NORTONIA AVE, ST PAUL, MN, 55119",Match,Exact,"2194 NORTONIA AVE, SAINT PAUL, MN, 55119","-93.010777721551,44.967776380066",97653634.0,R,27.0,123.0,31802.0,2003.0
464,"1791 ARONA ST, FALCON HEIGHTS, MN, 55113",Match,Non_Exact,"1791 N ARONA ST, FALCON HEIGHTS, MN, 55113","-93.164307610772,44.994928871366",97640953.0,L,27.0,123.0,41900.0,3019.0
102,"939 HOYT AVE W, ST PAUL, MN, 55117",Match,Exact,"939 HOYT AVE W, SAINT PAUL, MN, 55117","-93.139796564202,44.988348596061",97641944.0,R,27.0,123.0,30300.0,4012.0
223,"1015 ST ANTHONY AVE, ST PAUL, MN, 55104",Match,Exact,"1015 ST ANTHONY AVE, SAINT PAUL, MN, 55104","-93.142289200974,44.952187297541",97646598.0,R,27.0,123.0,33500.0,3012.0
344,"2246 DESOTO ST N, MAPLEWOOD, MN, 55117",Match,Non_Exact,"2246 DESOTO ST, MAPLEWOOD, MN, 55117","-93.081332699803,45.00836201866",97649441.0,R,27.0,123.0,42202.0,5008.0
465,"2304 BURKE AVE E, NORTH ST PAUL, MN, 55109",Match,Exact,"2304 BURKE AVE E, NORTH ST PAUL, MN, 55109","-93.003421221135,45.005480581761",97652731.0,R,27.0,123.0,42700.0,5004.0
103,"2125 NILES AVE, ST PAUL, MN, 55116",Match,Non_Exact,"2125 W NILES AVE, SAINT PAUL, MN, 55116","-93.190125109144,44.925294587276",97639536.0,R,27.0,123.0,43001.0,4005.0
224,"1635 HARTFORD AVE, ST PAUL, MN, 55116",Match,Non_Exact,"1635 W HARTFORD AVE, SAINT PAUL, MN, 55116","-93.169329756696,44.923430567302",97646173.0,R,27.0,123.0,36400.0,2008.0
345,"1802 ASBURY ST, FALCON HEIGHTS, MN, 55113",Match,Non_Exact,"1802 N ASBURY ST, FALCON HEIGHTS, MN, 55113","-93.165405282518,44.995234091207",97640921.0,R,27.0,123.0,41900.0,3019.0
466,"1758 ARONA ST, FALCON HEIGHTS, MN, 55113",Match,Non_Exact,"1758 N ARONA ST, FALCON HEIGHTS, MN, 55113","-93.164146848126,44.994205348434",97640953.0,R,27.0,123.0,41900.0,1009.0
104,"1640 HAMLINE AVE N, ST PAUL, MN, 55108",Match,Exact,"1640 HAMLINE AVE N, SAINT PAUL, MN, 55108","-93.156494759767,44.990625956899",97641738.0,R,27.0,123.0,30201.0,1004.0
225,"1655 DEMONT AVE E, MAPLEWOOD, MN, 55109",Match,Exact,"1655 DEMONT AVE E, MAPLEWOOD, MN, 55109","-93.03077642013,45.017288504757",97662448.0,L,27.0,123.0,42401.0,1005.0
346,"1669 NORTH RIDGEWOOD LN W, ROSEVILLE, MN, 55113",Match,Non_Exact,"1669 RIDGEWOOD LN N, ROSEVILLE, MN, 55113","-93.169561462776,45.002185681271",97640879.0,R,27.0,123.0,41301.0,1013.0
467,"2194 HENDRY PL N, MAPLEWOOD, MN, 55117",Match,Non_Exact,"2194 HENDRY PL, MAPLEWOOD, MN, 55117","-93.078636698216,45.00784012291",97649451.0,R,27.0,123.0,42202.0,5007.0
105,"2970 MILDRED DR, ROSEVILLE, MN, 55113",Match,Exact,"2970 MILDRED DR, ROSEVILLE, MN, 55113","-93.179153324866,45.030862549331",635777383.0,R,27.0,123.0,41302.0,4004.0
226,"3538 RUSTIC PL, SHOREVIEW, MN, 55126",Match,Exact,"3538 RUSTIC PL, SHOREVIEW, MN, 55126","-93.108767688899,45.0483216233",97642627.0,R,27.0,123.0,40704.0,5004.0
347,"2231 OXFORD ST N, ROSEVILLE, MN, 55113",Match,Non_Exact,"2231 N OXFORD ST, ROSEVILLE, MN, 55113","-93.143125985768,45.008150684914",97640734.0,L,27.0,123.0,41700.0,1005.0
468,"643 SHRYER AVE W, ROSEVILLE, MN, 55113",Match,Exact,"643 SHRYER AVE W, ROSEVILLE, MN, 55113","-93.126671667175,45.001849008527",97643365.0,R,27.0,123.0,41700.0,4002.0
106,"1425 BELMONT LN W, ROSEVILLE, MN, 55113",Match,Exact,"1425 BELMONT LN W, ROSEVILLE, MN, 55113","-93.15972942856,45.003610083254",97641631.0,R,27.0,123.0,41800.0,2009.0
227,"1817 ARONA ST, FALCON HEIGHTS, MN, 55113",Match,Non_Exact,"1817 N ARONA ST, FALCON HEIGHTS, MN, 55113","-93.164306186123,44.99563866107",97640950.0,L,27.0,123.0,41900.0,3018.0
348,"1652 PACIFIC ST, ST PAUL, MN, 55106",Match,Exact,"1652 PACIFIC ST, SAINT PAUL, MN, 55106","-93.031826565873,44.95132264229",97654893.0,R,27.0,123.0,34701.0,2010.0
469,"1878 SAUNDERS AVE, ST PAUL, MN, 55116",Match,Non_Exact,"1878 W SAUNDERS AVE, SAINT PAUL, MN, 55116","-93.179773590033,44.914275430796",97646055.0,L,27.0,123.0,37500.0,3008.0
107,"2193 SUNRISE DR N, MAPLEWOOD, MN, 55117",Match,Non_Exact,"2193 SUNRISE DR, MAPLEWOOD, MN, 55117","-93.077299157411,45.007650251492",656769003.0,L,27.0,123.0,42202.0,5007.0
228,"1523 PASCAL ST N, ST PAUL, MN, 55108",Match,Exact,"1523 PASCAL ST N, SAINT PAUL, MN, 55108","-93.161852249364,44.986822274324",97641074.0,L,27.0,123.0,30201.0,2005.0
349,"1780 ALBERT ST N, FALCON HEIGHTS, MN, 55113",Match,Non_Exact,"1780 N ALBERT ST, FALCON HEIGHTS, MN, 55113","-93.159049723082,44.994625103536",97640969.0,R,27.0,123.0,41900.0,1014.0
108,"1895 BEECHWOOD AVE, ST PAUL, MN, 55116",Match,Exact,"1895 BEECHWOOD AVE, SAINT PAUL, MN, 55116","-93.180460378421,44.915297342308",97645967.0,R,27.0,123.0,37500.0,3000.0
229,"1707 BARCLAY ST N, MAPLEWOOD, MN, 55109",Match,Non_Exact,"1707 BARCLAY ST, MAPLEWOOD, MN, 55109","-93.038341692921,44.993145958755",97651279.0,L,27.0,123.0,42302.0,3018.0
109,"1687 BAYARD AVE, ST PAUL, MN, 55116",Match,Non_Exact,"1687 W BAYARD AVE, SAINT PAUL, MN, 55116","-93.171541744562,44.922523303903",97646001.0,R,27.0,123.0,36400.0,2010.0
470,"1531 SIMPSON ST, ST PAUL, MN, 55108",Match,Exact,"1531 SIMPSON ST, SAINT PAUL, MN, 55108","-93.163149052607,44.986942393088",97641054.0,L,27.0,123.0,30201.0,2006.0
350,"1621 NILES AVE, ST PAUL, MN, 55116",Match,Non_Exact,"1621 W NILES AVE, SAINT PAUL, MN, 55116","-93.169183264326,44.925239917747",97646156.0,R,27.0,123.0,36400.0,2004.0
471,"2158 NORTONIA AVE, ST PAUL, MN, 55119",Match,Exact,"2158 NORTONIA AVE, SAINT PAUL, MN, 55119","-93.010936048241,44.967547349839",97653634.0,R,27.0,123.0,31802.0,2003.0
230,"560 MONTROSE LN, ST PAUL, MN, 55116",Match,Exact,"560 MONTROSE LN, SAINT PAUL, MN, 55116","-93.193509762133,44.925098974264",97639528.0,L,27.0,123.0,43001.0,3000.0
351,"1728 ASBURY ST, FALCON HEIGHTS, MN, 55113",Match,Non_Exact,"1728 N ASBURY ST, FALCON HEIGHTS, MN, 55113","-93.165411285078,44.993523428601",97640921.0,R,27.0,123.0,41900.0,3019.0
472,"2665 HILLVIEW RD, MOUNDS VIEW, MN, 55112",Match,Exact,"2665 HILLVIEW RD, MOUNDS VIEW, MN, 55112","-93.213993144103,45.111643118307",97633390.0,R,27.0,123.0,41001.0,1006.0
110,"1667 ELEANOR AVE, ST PAUL, MN, 55116",Match,Non_Exact,"1667 W ELEANOR AVE, SAINT PAUL, MN, 55116","-93.171256666847,44.920708224644",97646025.0,R,27.0,123.0,36400.0,2014.0
231,"1955 MONTREAL AVE, ST PAUL, MN, 55116",Match,Non_Exact,"1955 W MONTREAL AVE, SAINT PAUL, MN, 55116","-93.182429281026,44.912583072476",97646041.0,R,27.0,123.0,37500.0,3011.0
352,"1463 LARPENTEUR AVE W, FALCON HEIGHTS, MN, 55113",Match,Exact,"1463 LARPENTEUR AVE W, FALCON HEIGHTS, MN, 55113","-93.161783104476,44.99185871359",97641043.0,R,27.0,123.0,41900.0,1010.0
473,"918 JORDAN AVE, ST PAUL, MN, 55119",Match,Non_Exact,"918 N JORDAN AVE, SAINT PAUL, MN, 55119","-93.018049242965,44.969113767932",97653408.0,R,27.0,123.0,31802.0,1013.0
111,"2079 3RD ST N, NORTH ST PAUL, MN, 55109",Match,Exact,"2079 3RD ST N, NORTH ST PAUL, MN, 55109","-93.002522854271,45.004008731",619690962.0,L,27.0,123.0,42700.0,5004.0
232,"1955 SNELLING AVE N, ROSEVILLE, MN, 55113",Match,Non_Exact,"1955 SNELLING DR, ROSEVILLE, MN, 55113","-93.166927523116,44.99996828021",640770966.0,L,27.0,123.0,41301.0,1015.0
353,"4154 HAZEL ST N, WHITE BEAR LAKE, MN, 55110",Match,Non_Exact,"4154 N HAZEL ST, WHITE BEAR LAKE, MN, 55110","-93.010742057939,45.067021455953",97637226.0,R,27.0,123.0,40301.0,2013.0
474,"1834 ARONA ST, FALCON HEIGHTS, MN, 55113",Match,Non_Exact,"1834 N ARONA ST, FALCON HEIGHTS, MN, 55113","-93.164142804567,44.996176366951",97640950.0,R,27.0,123.0,41900.0,1006.0
112,"899 IOWA AVE W, ST PAUL, MN, 55117",Match,Exact,"899 IOWA AVE W, SAINT PAUL, MN, 55117","-93.138018220667,44.989233401734",97641890.0,R,27.0,123.0,30300.0,4011.0
233,"511 MOUNT CURVE BLVD, ST PAUL, MN, 55116",Match,Non_Exact,"511 S MOUNT CURVE BLVD, SAINT PAUL, MN, 55116","-93.195048456678,44.925025779063",97639519.0,R,27.0,123.0,43001.0,3002.0
354,"1880 BEECHWOOD AVE, ST PAUL, MN, 55116",Match,Exact,"1880 BEECHWOOD AVE, SAINT PAUL, MN, 55116","-93.17985821611,44.915184220696",97645967.0,L,27.0,123.0,37500.0,3009.0
475,"721 ROSELAWN AVE E, MAPLEWOOD, MN, 55117",Match,Non_Exact,"721 E ROSELAWN AVE, MAPLEWOOD, MN, 55117","-93.070258302215,44.999218903024",97649973.0,L,27.0,123.0,42202.0,1011.0
113,"2215 OXFORD ST N, ROSEVILLE, MN, 55113",Match,Non_Exact,"2215 N OXFORD ST, ROSEVILLE, MN, 55113","-93.143122153316,45.007938853189",97640734.0,L,27.0,123.0,41700.0,1005.0
234,"856 COUNTY ROAD I W, SHOREVIEW, MN, 55126",Match,Exact,"856 CO RD I W, SHOREVIEW, MN, 55126","-93.137191918487,45.108078206763",617573537.0,L,27.0,123.0,40707.0,1003.0
355,"1537 MIDWAY PKWY, ST PAUL, MN, 55108",No_Match,,,,,,,,,
476,"7538 SPRING LAKE RD, MOUNDS VIEW, MN, 55112",Match,Exact,"7538 SPRING LAKE RD, MOUNDS VIEW, MN, 55112","-93.225142691869,45.104755479942",97633321.0,L,27.0,123.0,41002.0,1003.0
114,"1072 GORDON AVE E, MAPLEWOOD, MN, 55109",Match,Non_Exact,"1072 GORDON AVE, MAPLEWOOD, MN, 55109","-93.054882969066,44.99626367618",97651060.0,R,27.0,123.0,42302.0,1007.0
235,"2067 VICTORIA ST N, ROSEVILLE, MN, 55113",Match,Exact,"2067 VICTORIA ST N, ROSEVILLE, MN, 55113","-93.136357316302,45.00298029777",647903004.0,R,27.0,123.0,41700.0,3001.0
356,"1303 BOHLAND PL, ST PAUL, MN, 55116",Match,Non_Exact,"1303 W BOHLAND PL, SAINT PAUL, MN, 55116","-93.154811328793,44.916144159912",97646955.0,R,27.0,123.0,36600.0,1019.0
477,"1026 CENTRAL AVE W, ST PAUL, MN, 55104",Match,Non_Exact,"1026 W CENTRAL AVE, SAINT PAUL, MN, 55104","-93.143526430016,44.952981706113",97646595.0,L,27.0,123.0,33500.0,3012.0
115,"1415 ASBURY ST, ST PAUL, MN, 55108",Tie,,,,,,,,,
236,"2245 BURR ST N, MAPLEWOOD, MN, 55117",Match,Non_Exact,"2245 BURR ST, MAPLEWOOD, MN, 55117","-93.080093987924,45.008300825147",97649445.0,L,27.0,123.0,42202.0,5008.0
357,"1397 LARPENTEUR AVE W, FALCON HEIGHTS, MN, 55113",Match,Exact,"1397 LARPENTEUR AVE W, FALCON HEIGHTS, MN, 55113","-93.158978337609,44.99187836682",97641067.0,R,27.0,123.0,41900.0,1014.0
478,"1621 SUBURBAN AVE, ST PAUL, MN, 55106",Match,Exact,"1621 SUBURBAN AVE, SAINT PAUL, MN, 55106","-93.029562571997,44.951353533856",638296376.0,L,27.0,123.0,34701.0,2009.0
116,"781 IOWA AVE W, ST PAUL, MN, 55117",Match,Exact,"781 IOWA AVE W, SAINT PAUL, MN, 55117","-93.132936697216,44.989200556123",97641961.0,R,27.0,123.0,30300.0,1012.0
237,"1963 KENWOOD DR W, MAPLEWOOD, MN, 55117",Match,Non_Exact,"1963 W KENWOOD DR, MAPLEWOOD, MN, 55117","-93.069986828933,44.999911717742",97649972.0,L,27.0,123.0,42202.0,1011.0
358,"1617 HARTFORD AVE, ST PAUL, MN, 55116",Match,Non_Exact,"1617 W HARTFORD AVE, SAINT PAUL, MN, 55116","-93.168588135923,44.923425335358",97646173.0,R,27.0,123.0,36400.0,2008.0
479,"882 ALGONQUIN AVE, ST PAUL, MN, 55119",Match,Non_Exact,"882 N ALGONQUIN AVE, SAINT PAUL, MN, 55119","-93.018444343535,44.967843066619",97653415.0,R,27.0,123.0,31802.0,3006.0
117,"2039 NORFOLK AVE, ST PAUL, MN, 55116",Match,Exact,"2039 NORFOLK AVE, SAINT PAUL, MN, 55116","-93.186133646667,44.899667721208",97639724.0,R,27.0,123.0,37601.0,2005.0
238,"1606 FERNWOOD ST, ST PAUL, MN, 55108",Tie,,,,,,,,,
359,"2978 MILDRED DR, ROSEVILLE, MN, 55113",Match,Exact,"2978 MILDRED DR, ROSEVILLE, MN, 55113","-93.179155347516,45.031008181607",635777383.0,R,27.0,123.0,41302.0,4004.0
118,"0 COUNTY ROAD B E, NORTH ST PAUL, MN, 55109",No_Match,,,,,,,,,
239,"1960 REANEY AVE, ST PAUL, MN, 55119",Match,Exact,"1960 REANEY AVE, SAINT PAUL, MN, 55119","-93.016789524097,44.964045626308",97653516.0,R,27.0,123.0,31802.0,3017.0
119,"2350 SOUTH AVE E, NORTH ST PAUL, MN, 55109",No_Match,,,,,,,,,
10,"186 EDGEWATER AVE, SHOREVIEW, MN, 55126",Match,Exact,"186 EDGEWATER AVE, SHOREVIEW, MN, 55126","-93.108581181096,45.038832691161",97643026.0,L,27.0,123.0,40704.0,3006.0
11,"1390 SEARLE ST, ST PAUL, MN, 55130",Match,Exact,"1390 SEARLE ST, SAINT PAUL, MN, 55130","-93.074694298952,44.981839622778",97650117.0,R,27.0,123.0,30602.0,3003.0
12,"483 GLENWOOD AVE, ROSEVILLE, MN, 55113",Match,Non_Exact,"483 W GLENWOOD AVE, ROSEVILLE, MN, 55113","-93.119378459698,44.996309471238",97643557.0,R,27.0,123.0,41602.0,3001.0
13,"1959 REANEY AVE, ST PAUL, MN, 55119",Match,Exact,"1959 REANEY AVE, SAINT PAUL, MN, 55119","-93.016800562434,44.96416580897",97653516.0,L,27.0,123.0,31802.0,3016.0
14,"1995 BEACON ST, ROSEVILLE, MN, 55113",Match,Exact,"1995 BEACON ST, ROSEVILLE, MN, 55113","-93.175683007425,45.001383528045",97640803.0,L,27.0,123.0,41301.0,1020.0
15,"23 MID OAKS LN, ROSEVILLE, MN, 55113",Match,Exact,"23 MID OAKS LN, ROSEVILLE, MN, 55113","-93.168597600888,45.00018842514",97662234.0,L,27.0,123.0,41301.0,1017.0
16,"2010 SNELLING AVE N, ROSEVILLE, MN, 55113",Match,Exact,"2010 SNELLING AVE N, ROSEVILLE, MN, 55113","-93.166285008859,45.002213368236",649858891.0,R,27.0,123.0,41800.0,2006.0
17,"2059 WILLIAM ST, ROSEVILLE, MN, 55113",Match,Non_Exact,"2059 WILLIAM ST N, ROSEVILLE, MN, 55113","-93.111227518698,45.003002965765",97643567.0,L,27.0,123.0,41602.0,2015.0
18,"478 MOUNT CURVE BLVD, ST PAUL, MN, 55105",Match,Exact,"478 MOUNT CURVE BLVD, SAINT PAUL, MN, 55105","-93.193529334804,44.927460861541",97639410.0,L,27.0,123.0,43001.0,5008.0
19,"1344 ARONA ST, ST PAUL, MN, 55108",Tie,,,,,,,,,
480,"2054 NORTONIA AVE, ST PAUL, MN, 55119",Match,Exact,"2054 NORTONIA AVE, SAINT PAUL, MN, 55119","-93.014135684117,44.965616333125",97653665.0,R,27.0,123.0,31802.0,2014.0
360,"1373 SHELDON ST, ST PAUL, MN, 55108",Tie,,,,,,,,,
481,"1203 HARTFORD AVE, ST PAUL, MN, 55116",Match,Non_Exact,"1203 W HARTFORD AVE, SAINT PAUL, MN, 55116","-93.151415325747,44.923376797884",97646994.0,R,27.0,123.0,36600.0,2012.0
240,"1476 CHATSWORTH ST N, ST PAUL, MN, 55117",Match,Non_Exact,"1476 N CHATSWORTH ST, SAINT PAUL, MN, 55117","-93.142054274967,44.985948671655",97641895.0,R,27.0,123.0,30300.0,4026.0
361,"1565 FERNWOOD ST, ST PAUL, MN, 55108",Tie,,,,,,,,,
482,"2655 HILLVIEW RD, MOUNDS VIEW, MN, 55112",Match,Exact,"2655 HILLVIEW RD, MOUNDS VIEW, MN, 55112","-93.213668889483,45.111648832023",97633390.0,R,27.0,123.0,41001.0,1006.0
120,"3076 WOODBRIDGE ST, ROSEVILLE, MN, 55113",Match,Exact,"3076 WOODBRIDGE ST, ROSEVILLE, MN, 55113","-93.108198871493,45.033877921469",97642698.0,R,27.0,123.0,41601.0,1007.0
241,"1802 EAST SHORE DR N, MAPLEWOOD, MN, 55109",Match,Non_Exact,"1802 E SHORE DR, MAPLEWOOD, MN, 55109","-93.054960180028,44.995274595731",97651061.0,R,27.0,123.0,42302.0,1007.0
362,"2053 FLORAL DR, WHITE BEAR LAKE, MN, 55110",Match,Exact,"2053 FLORAL DR, WHITE BEAR LAKE, MN, 55110","-93.013525292443,45.065798933191",97637190.0,L,27.0,123.0,40301.0,2007.0
483,"1659 DEMONT AVE E, MAPLEWOOD, MN, 55109",Match,Exact,"1659 DEMONT AVE E, MAPLEWOOD, MN, 55109","-93.030618254414,45.017288137772",97662448.0,L,27.0,123.0,42401.0,1005.0
121,"1020 CENTRAL AVE W, ST PAUL, MN, 55104",Match,Non_Exact,"1020 W CENTRAL AVE, SAINT PAUL, MN, 55104","-93.143279232576,44.952981706096",97646595.0,L,27.0,123.0,33500.0,3012.0
242,"1033 ST ANTHONY AVE, ST PAUL, MN, 55104",Match,Exact,"1033 ST ANTHONY AVE, SAINT PAUL, MN, 55104","-93.142659299255,44.952187297566",97646598.0,R,27.0,123.0,33500.0,3012.0
363,"1015 PARKER AVE, ROSEVILLE, MN, 55113",Match,Exact,"1015 PARKER AVE, ROSEVILLE, MN, 55113","-93.142817938333,45.004183792287",616281990.0,R,27.0,123.0,41700.0,3000.0
484,"2099 WAUKON AVE, ST PAUL, MN, 55119",Match,Exact,"2099 WAUKON AVE, SAINT PAUL, MN, 55119","-93.011245311924,44.965960935137",97653702.0,L,27.0,123.0,31802.0,2006.0
122,"4143 HAZEL ST N, WHITE BEAR LAKE, MN, 55110",Match,Non_Exact,"4143 N HAZEL ST, WHITE BEAR LAKE, MN, 55110","-93.010649922495,45.066756499342",97637226.0,L,27.0,123.0,40301.0,2007.0
243,"1027 SHERREN ST W, ROSEVILLE, MN, 55113",Match,Exact,"1027 SHERREN ST W, ROSEVILLE, MN, 55113","-93.143487464913,45.009120400627",97640733.0,R,27.0,123.0,41700.0,1002.0
364,"348 WOODLAWN AVE, ST PAUL, MN, 55105",Match,Exact,"348 WOODLAWN AVE, SAINT PAUL, MN, 55105","-93.196084538714,44.93114175532",97639384.0,L,27.0,123.0,43001.0,5010.0
485,"2204 DESOTO ST N, MAPLEWOOD, MN, 55117",Match,Non_Exact,"2204 DESOTO ST, MAPLEWOOD, MN, 55117","-93.081326402764,45.007674947556",97649447.0,R,27.0,123.0,42202.0,5008.0
123,"1996 BUSH AVE, ST PAUL, MN, 55119",Match,Exact,"1996 BUSH AVE, SAINT PAUL, MN, 55119","-93.015770253223,44.964711537571",97653655.0,R,27.0,123.0,31802.0,3016.0
244,"997 ST ANTHONY AVE, ST PAUL, MN, 55104",Match,Exact,"997 ST ANTHONY AVE, SAINT PAUL, MN, 55104","-93.141919102692,44.952187297515",97646598.0,R,27.0,123.0,33500.0,3012.0
365,"2075 3RD ST N, NORTH ST PAUL, MN, 55109",Match,Exact,"2075 3RD ST N, NORTH ST PAUL, MN, 55109","-93.002522853913,45.003831688911",635776183.0,L,27.0,123.0,42700.0,5004.0
486,"1658 BAYARD AVE, ST PAUL, MN, 55116",Match,Non_Exact,"1658 W BAYARD AVE, SAINT PAUL, MN, 55116","-93.170394632156,44.922408712444",97646001.0,L,27.0,123.0,36400.0,2011.0
124,"1198 INGERSON RD, ARDEN HILLS, MN, 55112",Match,Exact,"1198 INGERSON RD, ARDEN HILLS, MN, 55112","-93.150343233675,45.040717023642",97640308.0,L,27.0,123.0,40804.0,2020.0
245,"2226 GARDENETTE DR S, WHITE BEAR LAKE, MN, 55110",Match,Exact,"2226 GARDENETTE DR S, WHITE BEAR LAKE, MN, 55110","-93.00669161582,45.067386752562",97637242.0,R,27.0,123.0,40301.0,2015.0
366,"1016 BURKE AVE W, ROSEVILLE, MN, 55113",Match,Non_Exact,"1016 W BURKE AVE, ROSEVILLE, MN, 55113","-93.143866720109,45.005425100661",97640650.0,L,27.0,123.0,41700.0,3000.0
487,"2079 COUNTY ROAD F E, WHITE BEAR LAKE, MN, 55110",Match,Non_Exact,"2079 E CO RD F, WHITE BEAR LAKE, MN, 55110","-93.012538051072,45.064749134701",97637194.0,L,27.0,123.0,40301.0,2011.0
125,"788 MONTANA AVE E, ST PAUL, MN, 55106",Match,Exact,"788 MONTANA AVE E, SAINT PAUL, MN, 55106","-93.067516346472,44.987381443102",97650259.0,R,27.0,123.0,30602.0,5022.0
246,"901 PARKER AVE, ROSEVILLE, MN, 55113",Match,Exact,"901 PARKER AVE, ROSEVILLE, MN, 55113","-93.138009166066,45.004115235147",616281989.0,R,27.0,123.0,41700.0,3000.0
367,"1449 ARLINGTON AVE W, ST PAUL, MN, 55108",Match,Exact,"1449 ARLINGTON AVE W, SAINT PAUL, MN, 55108","-93.161231067759,44.984636869143",97641093.0,R,27.0,123.0,30201.0,2018.0
488,"1374 EDGERTON ST, ST PAUL, MN, 55130",Match,Exact,"1374 EDGERTON ST, SAINT PAUL, MN, 55130","-93.076041622345,44.982517503248",97650052.0,R,27.0,123.0,30602.0,3010.0
126,"1647 NORTH RIDGEWOOD LN W, ROSEVILLE, MN, 55113",Match,Non_Exact,"1647 RIDGEWOOD LN N, ROSEVILLE, MN, 55113","-93.169247810084,45.002178301185",97640879.0,R,27.0,123.0,41301.0,1013.0
247,"1740 ARONA ST, FALCON HEIGHTS, MN, 55113",Match,Non_Exact,"1740 N ARONA ST, FALCON HEIGHTS, MN, 55113","-93.164147564558,44.993798447045",97640953.0,R,27.0,123.0,41900.0,1009.0
368,"1612 BAYARD AVE, ST PAUL, MN, 55116",Match,Non_Exact,"1612 W BAYARD AVE, SAINT PAUL, MN, 55116","-93.16904554258,44.922406839531",97646160.0,L,27.0,123.0,36400.0,2012.0
489,"3558 RUSTIC PL, SHOREVIEW, MN, 55126",Match,Exact,"3558 RUSTIC PL, SHOREVIEW, MN, 55126","-93.108767688809,45.048968645369",97642627.0,R,27.0,123.0,40704.0,5004.0
127,"1549 SIMPSON ST, ST PAUL, MN, 55108",Match,Exact,"1549 SIMPSON ST, SAINT PAUL, MN, 55108","-93.163145955864,44.98725361147",97641054.0,L,27.0,123.0,30201.0,2006.0
248,"1626 HARTFORD AVE, ST PAUL, MN, 55116",Match,Non_Exact,"1626 W HARTFORD AVE, SAINT PAUL, MN, 55116","-93.169001759896,44.923313656283",97646173.0,L,27.0,123.0,36400.0,2009.0
369,"1645 BAYARD AVE, ST PAUL, MN, 55116",Match,Non_Exact,"1645 W BAYARD AVE, SAINT PAUL, MN, 55116","-93.16982107593,44.922523303784",97646001.0,R,27.0,123.0,36400.0,2010.0
128,"1322 HILLCREST AVE, ST PAUL, MN, 55116",Match,Non_Exact,"1322 W HILLCREST AVE, SAINT PAUL, MN, 55116","-93.155343891417,44.916929927706",97646954.0,L,27.0,123.0,36600.0,1019.0
249,"1810 EAST SHORE DR N, MAPLEWOOD, MN, 55109",Match,Non_Exact,"1810 E SHORE DR, MAPLEWOOD, MN, 55109","-93.05519829541,44.99538625949",97651061.0,R,27.0,123.0,42302.0,1007.0
129,"1448 COMO BLVD E, ST PAUL, MN, 55117",Match,Non_Exact,"1448 E COMO BLVD, SAINT PAUL, MN, 55117","-93.140384357346,44.984722292658",642883865.0,R,27.0,123.0,30300.0,4029.0
20,"7950 FAIRCHILD AVE, MOUNDS VIEW, MN, 55112",Match,Exact,"7950 FAIRCHILD AVE, MOUNDS VIEW, MN, 55112","-93.219291994725,45.112429771136",97633359.0,L,27.0,123.0,41001.0,2010.0
21,"1603 FERNWOOD ST, ST PAUL, MN, 55108",Tie,,,,,,,,,
22,"904 WILDER ST S, ST PAUL, MN, 55116",Match,Non_Exact,"904 S WILDER ST, SAINT PAUL, MN, 55116","-93.184591175025,44.914256241727",97639675.0,L,27.0,123.0,37500.0,3006.0
23,"888 WILDER ST S, ST PAUL, MN, 55116",Match,Non_Exact,"888 S WILDER ST, SAINT PAUL, MN, 55116","-93.184869453023,44.914672021958",97639675.0,L,27.0,123.0,37500.0,3006.0
24,"2028 KENWOOD DR W, MAPLEWOOD, MN, 55117",Match,Non_Exact,"2028 W KENWOOD DR, MAPLEWOOD, MN, 55117","-93.069824772045,45.001369926809",97649968.0,R,27.0,123.0,42202.0,1017.0
25,"545 MONTROSE LN, ST PAUL, MN, 55116",Match,Exact,"545 MONTROSE LN, SAINT PAUL, MN, 55116","-93.193672442521,44.924428739519",97639528.0,R,27.0,123.0,43001.0,3001.0
26,"2142 ARLINGTON AVE E, ST PAUL, MN, 55119",Match,Exact,"2142 ARLINGTON AVE E, SAINT PAUL, MN, 55119","-93.011543344785,44.984686083836",97653246.0,R,27.0,123.0,30702.0,1009.0
27,"2007 MINNEHAHA AVE E, ST PAUL, MN, 55119",Match,Exact,"2007 MINNEHAHA AVE E, SAINT PAUL, MN, 55119","-93.015675301018,44.963123365591",97653520.0,L,27.0,123.0,31802.0,3017.0
28,"2196 DESOTO ST N, MAPLEWOOD, MN, 55117",Match,Non_Exact,"2196 DESOTO ST, MAPLEWOOD, MN, 55117","-93.08132482493,45.007422488598",97649447.0,R,27.0,123.0,42202.0,5008.0
29,"1889 SNELLING AVE N, FALCON HEIGHTS, MN, 55113",Match,Non_Exact,"1889 SNELLING DR, FALCON HEIGHTS, MN, 55113","-93.166930256566,44.998167775548",640770965.0,L,27.0,123.0,41900.0,3005.0
490,"2048 GIESMANN ST, ROSEVILLE, MN, 55113",Match,Exact,"2048 GIESMANN ST, ROSEVILLE, MN, 55113","-93.112659905472,45.003147741332",97662289.0,R,27.0,123.0,41602.0,2015.0
370,"848 KENNETH ST, ST PAUL, MN, 55116",Match,Non_Exact,"848 S KENNETH ST, SAINT PAUL, MN, 55116","-93.184183510014,44.915715061918",97639632.0,L,27.0,123.0,37500.0,3002.0
491,"0 HIGHWAY 96 W, SHOREVIEW, MN, 55126",No_Match,,,,,,,,,
250,"374 SOUTH MCCARRONS BLVD, ROSEVILLE, MN, 55113",Match,Non_Exact,"374 MCCARRONS BLVD S, ROSEVILLE, MN, 55113","-93.11577965954,44.997064745895",97643562.0,L,27.0,123.0,41602.0,3000.0
371,"1677 NORTH RIDGEWOOD LN W, ROSEVILLE, MN, 55113",Match,Non_Exact,"1677 RIDGEWOOD LN N, ROSEVILLE, MN, 55113","-93.1696755183,45.002188364939",97640879.0,R,27.0,123.0,41301.0,1013.0
492,"936 HIGHWAY 36 W, ROSEVILLE, MN, 55113",Match,Non_Exact,"936 STATE HWY 36, ROSEVILLE, MN, 55113","-93.138115374246,45.010130608236",97685249.0,R,27.0,123.0,41700.0,1002.0
130,"1980 GREENBRIER ST N, MAPLEWOOD, MN, 55117",Match,Non_Exact,"1980 GREENBRIER ST, MAPLEWOOD, MN, 55117","-93.071138454585,45.000708920908",97649969.0,R,27.0,123.0,42202.0,1011.0
251,"1512 SIMPSON ST, ST PAUL, MN, 55108",Match,Exact,"1512 SIMPSON ST, SAINT PAUL, MN, 55108","-93.162991177901,44.986525580937",97641054.0,R,27.0,123.0,30201.0,2005.0
372,"2230 SOUTH SHORE BLVD, WHITE BEAR LAKE, MN, 55110",Match,Exact,"2230 S SHORE BLVD, WHITE BEAR LAKE, MN, 55110","-93.006382486754,45.069394085118",97662159.0,R,27.0,123.0,40301.0,2010.0
493,"1508 ASBURY ST, ST PAUL, MN, 55108",Match,Non_Exact,"1508 N ASBURY ST, SAINT PAUL, MN, 55108","-93.165538206121,44.986473249057",97641000.0,R,27.0,123.0,30201.0,2007.0
131,"1657 NORTH RIDGEWOOD LN W, ROSEVILLE, MN, 55113",Match,Non_Exact,"1657 RIDGEWOOD LN N, ROSEVILLE, MN, 55113","-93.169390379489,45.00218165577",97640879.0,R,27.0,123.0,41301.0,1013.0
252,"1717 PASCAL ST N, FALCON HEIGHTS, MN, 55113",Match,Non_Exact,"1717 N PASCAL ST, FALCON HEIGHTS, MN, 55113","-93.161777794572,44.993304258947",97640964.0,L,27.0,123.0,41900.0,1008.0
373,"2009 BUSH AVE, ST PAUL, MN, 55119",Match,Exact,"2009 BUSH AVE, SAINT PAUL, MN, 55119","-93.015499916975,44.964856333763",97653655.0,L,27.0,123.0,31802.0,3015.0
494,"757 NEBRASKA AVE W, ST PAUL, MN, 55117",Match,Non_Exact,"757 W NEBRASKA AVE, SAINT PAUL, MN, 55117","-93.131938232781,44.986473957861",97641969.0,R,27.0,123.0,30300.0,1031.0
132,"1562 MERRILL ST, ST PAUL, MN, 55108",Tie,,,,,,,,,
253,"2059 BUSH AVE, ST PAUL, MN, 55119",Match,Exact,"2059 BUSH AVE, SAINT PAUL, MN, 55119","-93.013947284588,44.964931286787",97653668.0,L,27.0,123.0,31802.0,2014.0
374,"1536 HURON ST, ST PAUL, MN, 55108",Match,Non_Exact,"1536 N HURON ST, SAINT PAUL, MN, 55108","-93.155245827345,44.987100498499",97641758.0,R,27.0,123.0,30201.0,2000.0
495,"2021 BUSH AVE, ST PAUL, MN, 55119",Match,Exact,"2021 BUSH AVE, SAINT PAUL, MN, 55119","-93.015104843437,44.964931286867",97653668.0,L,27.0,123.0,31802.0,2014.0
133,"1828 ROME AVE, ST PAUL, MN, 55116",Match,Non_Exact,"1828 W ROME AVE, SAINT PAUL, MN, 55116","-93.177641215046,44.913396477568",97646057.0,L,27.0,123.0,37500.0,3010.0
254,"1841 ROME AVE, ST PAUL, MN, 55116",Match,Non_Exact,"1841 W ROME AVE, SAINT PAUL, MN, 55116","-93.178185686093,44.91350709114",97646057.0,R,27.0,123.0,37500.0,3008.0
375,"1620 PACIFIC ST, ST PAUL, MN, 55106",Match,Exact,"1620 PACIFIC ST, SAINT PAUL, MN, 55106","-93.032784497501,44.951320634113",97654893.0,R,27.0,123.0,34701.0,2010.0
496,"580 MOUNT CURVE BLVD, ST PAUL, MN, 55116",Match,Non_Exact,"580 S MOUNT CURVE BLVD, SAINT PAUL, MN, 55116","-93.194929796813,44.923778013973",97639519.0,L,27.0,123.0,43001.0,3001.0
134,"575 SNELLING AVE S, ST PAUL, MN, 55116",Match,Exact,"575 SNELLING AVE S, SAINT PAUL, MN, 55116","-93.16710570576,44.924208711952",97646172.0,R,27.0,123.0,36400.0,2008.0
255,"1533 MIDWAY PKWY, ST PAUL, MN, 55108",No_Match,,,,,,,,,
376,"781 PEDERSEN ST, ST PAUL, MN, 55119",Match,Exact,"781 PEDERSEN ST, SAINT PAUL, MN, 55119","-93.012728801806,44.965102286678",97653666.0,L,27.0,123.0,31802.0,2014.0
497,"715 ROSELAWN AVE E, MAPLEWOOD, MN, 55117",Match,Non_Exact,"715 E ROSELAWN AVE, MAPLEWOOD, MN, 55117","-93.070519983709,44.999217085809",97649973.0,L,27.0,123.0,42202.0,1011.0
135,"1710 FLORENCE ST, WHITE BEAR LAKE, MN, 55110",Match,Exact,"1710 FLORENCE ST, WHITE BEAR LAKE, MN, 55110","-93.028889009594,45.080977796342",97662155.0,L,27.0,123.0,40504.0,4021.0
256,"874 PARKVIEW AVE, ST PAUL, MN, 55117",Match,Non_Exact,"874 W PARKVIEW AVE, SAINT PAUL, MN, 55117","-93.136927624544,44.983431485596",97641932.0,L,27.0,123.0,30300.0,4032.0
377,"1532 HURON ST, ST PAUL, MN, 55108",Match,Non_Exact,"1532 N HURON ST, SAINT PAUL, MN, 55108","-93.155247056305,44.987030272785",97641758.0,R,27.0,123.0,30201.0,2000.0
498,"945 NEVADA AVE W, ST PAUL, MN, 55117",Match,Non_Exact,"945 W NEVADA AVE, SAINT PAUL, MN, 55117","-93.140135846138,44.985631927668",97641897.0,R,27.0,123.0,30300.0,4026.0
136,"758 LAKEVIEW AVE, ST PAUL, MN, 55117",Match,Non_Exact,"758 W LAKEVIEW AVE, SAINT PAUL, MN, 55117","-93.132721917083,44.981848467612",97641994.0,L,27.0,123.0,30300.0,2008.0
257,"225 SOUTH OWASSO BLVD W, ROSEVILLE, MN, 55113",Tie,,,,,,,,,
378,"536 MOUNT CURVE BLVD, ST PAUL, MN, 55116",Match,Non_Exact,"536 S MOUNT CURVE BLVD, SAINT PAUL, MN, 55116","-93.19490267889,44.924560556763",97639519.0,L,27.0,123.0,43001.0,3001.0
499,"1631 MCLEAN AVE, ST PAUL, MN, 55106",Match,Exact,"1631 MCLEAN AVE, SAINT PAUL, MN, 55106","-93.03186320732,44.950512855557",97654896.0,L,27.0,123.0,34701.0,2010.0
137,"3272 WOODBRIDGE ST, SHOREVIEW, MN, 55126",Match,Exact,"3272 WOODBRIDGE ST, SHOREVIEW, MN, 55126","-93.109034903033,45.040213957489",97642680.0,R,27.0,123.0,40704.0,3001.0
258,"2152 GARDENETTE DR S, WHITE BEAR LAKE, MN, 55110",Match,Exact,"2152 GARDENETTE DR S, WHITE BEAR LAKE, MN, 55110","-93.008661845992,45.066641433284",97637242.0,R,27.0,123.0,40301.0,2015.0
379,"2053 IVY ST, NORTH ST PAUL, MN, 55109",Match,Non_Exact,"2053 N IVY ST, NORTH ST PAUL, MN, 55109","-93.003768372611,45.003578985948",97652727.0,L,27.0,123.0,42700.0,5003.0
138,"770 COUNTY ROAD I W, SHOREVIEW, MN, 55126",Match,Exact,"770 CO RD I W, SHOREVIEW, MN, 55126","-93.133707315517,45.108095329879",617573537.0,L,27.0,123.0,40707.0,1003.0
259,"1500 HURON ST, ST PAUL, MN, 55108",Match,Non_Exact,"1500 N HURON ST, SAINT PAUL, MN, 55108","-93.155258127827,44.986389103388",97641763.0,R,27.0,123.0,30201.0,2017.0
139,"1724 FLORENCE ST, WHITE BEAR LAKE, MN, 55110",Match,Exact,"1724 FLORENCE ST, WHITE BEAR LAKE, MN, 55110","-93.028280476086,45.080976469073",97662155.0,L,27.0,123.0,40504.0,4021.0
30,"791 MONTANA AVE E, ST PAUL, MN, 55106",Match,Exact,"791 MONTANA AVE E, SAINT PAUL, MN, 55106","-93.067470901709,44.987496555065",97650259.0,L,27.0,123.0,30602.0,5014.0
31,"1769 SNELLING AVE N, FALCON HEIGHTS, MN, 55113",Match,Exact,"1769 SNELLING AVE N, FALCON HEIGHTS, MN, 55113","-93.16680985601,44.992710980763",624768568.0,L,27.0,123.0,41900.0,3022.0
32,"898 WILDER ST S, ST PAUL, MN, 55116",Match,Non_Exact,"898 S WILDER ST, SAINT PAUL, MN, 55116","-93.184695529274,44.914412159313",97639675.0,L,27.0,123.0,37500.0,3006.0
33,"516 MONTROSE LN, ST PAUL, MN, 55116",Match,Exact,"516 MONTROSE LN, SAINT PAUL, MN, 55116","-93.193509118572,44.92561891372",97639528.0,L,27.0,123.0,43001.0,3000.0
34,"1330 CLEVELAND AVE S, ST PAUL, MN, 55116",Match,Non_Exact,"1330 S CLEVELAND AVE, SAINT PAUL, MN, 55116","-93.187314811798,44.901376032618",97639720.0,L,27.0,123.0,37601.0,2005.0
35,"949 EVAR ST N, MAPLEWOOD, MN, 55119",Match,Non_Exact,"949 EVAR ST, MAPLEWOOD, MN, 55119","-92.993729552394,44.969739089261",97653941.0,L,27.0,123.0,42501.0,4005.0
36,"1487 CHELSEA ST, ST PAUL, MN, 55108",Match,Non_Exact,"1487 N CHELSEA ST, SAINT PAUL, MN, 55108","-93.15412227178,44.986251425867",97641764.0,L,27.0,123.0,30201.0,2017.0
37,"1261 INGERSON RD, ARDEN HILLS, MN, 55112",Match,Exact,"1261 INGERSON RD, ARDEN HILLS, MN, 55112","-93.153974686199,45.040621285453",651943759.0,R,27.0,123.0,40804.0,2016.0
38,"934 IDAHO AVE W, ST PAUL, MN, 55117",Match,Exact,"934 IDAHO AVE W, SAINT PAUL, MN, 55117","-93.139605762748,44.990051283061",97641939.0,L,27.0,123.0,30300.0,4011.0
39,"8046 LONG LAKE RD, MOUNDS VIEW, MN, 55112",Match,Exact,"8046 LONG LAKE RD, MOUNDS VIEW, MN, 55112","-93.209163056834,45.114331048152",97633416.0,L,27.0,123.0,41001.0,1012.0
380,"1933 STILLWATER AVE, ST PAUL, MN, 55119",Match,Exact,"1933 STILLWATER AVE, SAINT PAUL, MN, 55119","-93.018738455426,44.968307789644",97653416.0,L,27.0,123.0,31802.0,1011.0
260,"1693 NORTH RIDGEWOOD LN W, ROSEVILLE, MN, 55113",Match,Non_Exact,"1693 RIDGEWOOD LN N, ROSEVILLE, MN, 55113","-93.169908631541,45.002189167896",97640879.0,R,27.0,123.0,41301.0,1013.0
381,"2057 VICTORIA ST N, ROSEVILLE, MN, 55113",Match,Exact,"2057 VICTORIA ST N, ROSEVILLE, MN, 55113","-93.136357293154,45.002669172634",647903004.0,R,27.0,123.0,41700.0,3001.0
140,"1504 CRAWFORD AVE, FALCON HEIGHTS, MN, 55113",Match,Exact,"1504 CRAWFORD AVE, FALCON HEIGHTS, MN, 55113","-93.163597210496,44.992784204603",97640959.0,L,27.0,123.0,41900.0,1010.0
261,"1730 BIRCH LAKE AVE, WHITE BEAR LAKE, MN, 55110",Match,Exact,"1730 BIRCH LAKE AVE, WHITE BEAR LAKE, MN, 55110","-93.028078405481,45.082788679162",97666658.0,L,27.0,123.0,40504.0,4020.0
382,"637 BIRCH LN N, SHOREVIEW, MN, 55126",Match,Exact,"637 BIRCH LN N, SHOREVIEW, MN, 55126","-93.128165036717,45.096804613637",97635560.0,R,27.0,123.0,40707.0,1003.0
141,"594 MONTROSE LN, ST PAUL, MN, 55116",Match,Exact,"594 MONTROSE LN, SAINT PAUL, MN, 55116","-93.19351025943,44.924697202866",97639528.0,L,27.0,123.0,43001.0,3000.0
262,"1845 ROME AVE, ST PAUL, MN, 55116",Match,Non_Exact,"1845 W ROME AVE, SAINT PAUL, MN, 55116","-93.178366619179,44.913505767252",97646057.0,R,27.0,123.0,37500.0,3008.0
383,"1995 KENWOOD DR W, MAPLEWOOD, MN, 55117",Match,Non_Exact,"1995 W KENWOOD DR, MAPLEWOOD, MN, 55117","-93.069986830971,45.000823285424",97649968.0,L,27.0,123.0,42202.0,1012.0
142,"1949 SAUNDERS AVE, ST PAUL, MN, 55116",Match,Non_Exact,"1949 W SAUNDERS AVE, SAINT PAUL, MN, 55116","-93.182040030782,44.914387305821",97646039.0,R,27.0,123.0,37500.0,3002.0
263,"1765 ARONA ST, FALCON HEIGHTS, MN, 55113",Match,Non_Exact,"1765 N ARONA ST, FALCON HEIGHTS, MN, 55113","-93.164308645618,44.994341124915",97640953.0,L,27.0,123.0,41900.0,3019.0
384,"741 ROSELAWN AVE E, MAPLEWOOD, MN, 55117",Match,Non_Exact,"741 E ROSELAWN AVE, MAPLEWOOD, MN, 55117","-93.0693436591,44.999225623972",97649975.0,L,27.0,123.0,42202.0,1017.0
143,"1396 PASCAL ST N, ST PAUL, MN, 55108",Match,Exact,"1396 PASCAL ST N, SAINT PAUL, MN, 55108","-93.161740099333,44.983410162286",97641094.0,R,27.0,123.0,30201.0,4003.0
264,"519 COUNTY ROAD B E, MAPLEWOOD, MN, 55117",Match,Exact,"519 CO RD B E, MAPLEWOOD, MN, 55117","-93.078808529274,45.006377508799",97649472.0,L,27.0,123.0,42202.0,5007.0
385,"1041 SELBY AVE, ST PAUL, MN, 55104",Match,Exact,"1041 SELBY AVE, SAINT PAUL, MN, 55104","-93.144642601222,44.946672223842",97646444.0,R,27.0,123.0,33800.0,2008.0
144,"3575 RICE ST, SHOREVIEW, MN, 55126",Match,Exact,"3575 RICE ST, SHOREVIEW, MN, 55126","-93.106372723719,45.049702187047",639300396.0,L,27.0,123.0,40704.0,5004.0
265,"778 ARLINGTON AVE W, ST PAUL, MN, 55117",Match,Exact,"778 ARLINGTON AVE W, SAINT PAUL, MN, 55117","-93.132877821257,44.98456036588",97641988.0,L,27.0,123.0,30300.0,2002.0
386,"1361 KENNETH ST, ST PAUL, MN, 55116",Match,Non_Exact,"1361 S KENNETH ST, SAINT PAUL, MN, 55116","-93.184916194418,44.900227234647",97639727.0,R,27.0,123.0,37601.0,2006.0
145,"1399 SIMPSON ST, ST PAUL, MN, 55108",Match,Exact,"1399 SIMPSON ST, SAINT PAUL, MN, 55108","-93.163180127209,44.983433469814",97641092.0,L,27.0,123.0,30201.0,4005.0
266,"902 IDAHO AVE W, ST PAUL, MN, 55117",Match,Exact,"902 IDAHO AVE W, SAINT PAUL, MN, 55117","-93.138184563888,44.99004548215",97641939.0,L,27.0,123.0,30300.0,4011.0
387,"2905 ARTHUR PL, ROSEVILLE, MN, 55113",Match,Exact,"2905 ARTHUR PL, ROSEVILLE, MN, 55113","-93.180588792867,45.028631410968",97684762.0,L,27.0,123.0,41302.0,4000.0
146,"775 PEDERSEN ST, ST PAUL, MN, 55119",Match,Exact,"775 PEDERSEN ST, SAINT PAUL, MN, 55119","-93.012728801581,44.964984802549",97653667.0,L,27.0,123.0,31802.0,2014.0
267,"1847 PASCAL ST N, FALCON HEIGHTS, MN, 55113",Match,Non_Exact,"1847 N PASCAL ST, FALCON HEIGHTS, MN, 55113","-93.161777797733,44.996589248059",97640961.0,L,27.0,123.0,41900.0,1007.0
388,"1341 SCHLETTI ST, ST PAUL, MN, 55117",Tie,,,,,,,,,
147,"1802 SIMPSON ST, FALCON HEIGHTS, MN, 55113",Match,Exact,"1802 SIMPSON ST, FALCON HEIGHTS, MN, 55113","-93.162880597196,44.995208996185",97640956.0,R,27.0,123.0,41900.0,1008.0
268,"1630 MCLEAN AVE, ST PAUL, MN, 55106",Match,Exact,"1630 MCLEAN AVE, SAINT PAUL, MN, 55106","-93.031861766971,44.950398268683",97654896.0,R,27.0,123.0,34701.0,2012.0
389,"2233 SUNRISE DR N, MAPLEWOOD, MN, 55117",Match,Non_Exact,"2233 SUNRISE DR, MAPLEWOOD, MN, 55117","-93.076983316991,45.008126860147",656769003.0,L,27.0,123.0,42202.0,5007.0
148,"2220 GARDENETTE DR S, WHITE BEAR LAKE, MN, 55110",Match,Exact,"2220 GARDENETTE DR S, WHITE BEAR LAKE, MN, 55110","-93.006690363614,45.067238989793",97637242.0,R,27.0,123.0,40301.0,2015.0
269,"1959 KENWOOD DR W, MAPLEWOOD, MN, 55117",Match,Non_Exact,"1959 W KENWOOD DR, MAPLEWOOD, MN, 55117","-93.069986828948,44.999805454235",97649972.0,L,27.0,123.0,42202.0,1011.0
149,"1985 NOKOMIS AVE, ST PAUL, MN, 55119",Match,Exact,"1985 NOKOMIS AVE, SAINT PAUL, MN, 55119","-93.016743807834,44.965975224054",97653583.0,L,27.0,123.0,31802.0,3008.0
40,"2064 WILLIAM ST, ROSEVILLE, MN, 55113",Match,Non_Exact,"2064 WILLIAM ST N, ROSEVILLE, MN, 55113","-93.111069858041,45.003496386176",97643567.0,R,27.0,123.0,41602.0,2016.0
41,"1859 FLANDRAU ST N, MAPLEWOOD, MN, 55109",Match,Exact,"1859 FLANDRAU ST N, MAPLEWOOD, MN, 55109","-93.027909248049,44.997585964887",97652965.0,L,27.0,123.0,42402.0,1013.0
42,"2015 REANEY AVE, ST PAUL, MN, 55119",Match,Exact,"2015 REANEY AVE, SAINT PAUL, MN, 55119","-93.015374814567,44.964046987472",97653516.0,L,27.0,123.0,31802.0,3016.0
43,"1740 SIMPSON ST, FALCON HEIGHTS, MN, 55113",Match,Exact,"1740 SIMPSON ST, FALCON HEIGHTS, MN, 55113","-93.162883064906,44.993807446956",97640956.0,R,27.0,123.0,41900.0,1008.0
44,"539 MONTROSE LN, ST PAUL, MN, 55116",Match,Exact,"539 MONTROSE LN, SAINT PAUL, MN, 55116","-93.193672310441,44.924535448857",97639528.0,R,27.0,123.0,43001.0,3001.0
45,"1940 REANEY AVE, ST PAUL, MN, 55119",Match,Exact,"1940 REANEY AVE, SAINT PAUL, MN, 55119","-93.017290450764,44.964198570207",97653516.0,R,27.0,123.0,31802.0,3017.0
46,"1853 PASCAL ST N, FALCON HEIGHTS, MN, 55113",Match,Non_Exact,"1853 N PASCAL ST, FALCON HEIGHTS, MN, 55113","-93.161777797711,44.996748098842",97640961.0,L,27.0,123.0,41900.0,1007.0
47,"1597 BAYARD AVE, ST PAUL, MN, 55116",Match,Non_Exact,"1597 W BAYARD AVE, SAINT PAUL, MN, 55116","-93.168767673922,44.922520452187",97646160.0,R,27.0,123.0,36400.0,2009.0
48,"1381 PAYNE AVE, ST PAUL, MN, 55130",Match,Exact,"1381 PAYNE AVE, SAINT PAUL, MN, 55130","-93.073684747673,44.982806958187",97650124.0,L,27.0,123.0,30602.0,3003.0
49,"904 PARKVIEW AVE, ST PAUL, MN, 55117",Match,Non_Exact,"904 W PARKVIEW AVE, SAINT PAUL, MN, 55117","-93.13732743142,44.983433469777",97641932.0,L,27.0,123.0,30300.0,4032.0
390,"650 HIGHWAY 96 W, SHOREVIEW, MN, 55126",Match,Non_Exact,"650 CO RD 96, SHOREVIEW, MN, 55126","-93.129075917233,45.079300649397",97635702.0,L,27.0,123.0,40708.0,2004.0
270,"2343 BURKE AVE E, NORTH ST PAUL, MN, 55109",Match,Exact,"2343 BURKE AVE E, NORTH ST PAUL, MN, 55109","-93.000798509335,45.005616719518",97671212.0,L,27.0,123.0,42700.0,5001.0
391,"1985 GRAND AVE, ST PAUL, MN, 55105",Match,Exact,"1985 GRAND AVE, SAINT PAUL, MN, 55105","-93.184208409443,44.94017008608",97639431.0,R,27.0,123.0,34900.0,1000.0
150,"1608 BAYARD AVE, ST PAUL, MN, 55116",Match,Non_Exact,"1608 W BAYARD AVE, SAINT PAUL, MN, 55116","-93.168976276973,44.922406595203",97646160.0,L,27.0,123.0,36400.0,2012.0
271,"2261 LEXINGTON AVE N, ROSEVILLE, MN, 55113",Match,Exact,"2261 LEXINGTON AVE N, ROSEVILLE, MN, 55113","-93.146573611622,45.009453361579",97670940.0,L,27.0,123.0,41800.0,3001.0
392,"1320 KENNETH ST, ST PAUL, MN, 55116",Match,Non_Exact,"1320 S KENNETH ST, SAINT PAUL, MN, 55116","-93.184757627401,44.901133240832",97639727.0,L,27.0,123.0,37601.0,2007.0
151,"1200 IDAHO AVE W, ST PAUL, MN, 55108",Match,Exact,"1200 IDAHO AVE W, SAINT PAUL, MN, 55108","-93.150600059947,44.990063951502",97641788.0,L,27.0,123.0,30201.0,1009.0
272,"8061 PLEASANT VIEW DR, SPRING LAKE PARK, MN, 55432",Match,Exact,"8061 PLEASANT VIEW DR, SPRING LAKE PARK, MN, 55432","-93.227750689097,45.113933707216",97519345.0,R,27.0,123.0,41001.0,2015.0
393,"749 IOWA AVE W, ST PAUL, MN, 55117",Match,Exact,"749 IOWA AVE W, SAINT PAUL, MN, 55117","-93.132281355319,44.989195117554",97641961.0,R,27.0,123.0,30300.0,1012.0
152,"2133 WAUKON AVE, ST PAUL, MN, 55119",Match,Exact,"2133 WAUKON AVE, SAINT PAUL, MN, 55119","-93.010597259933,44.966607235663",97653639.0,L,27.0,123.0,31802.0,2006.0
273,"1824 ARONA ST, FALCON HEIGHTS, MN, 55113",Match,Non_Exact,"1824 N ARONA ST, FALCON HEIGHTS, MN, 55113","-93.164143557277,44.995873793999",97640950.0,R,27.0,123.0,41900.0,1006.0
394,"894 HAZEL ST N, ST PAUL, MN, 55119",Match,Non_Exact,"894 N HAZEL ST, SAINT PAUL, MN, 55119","-93.020154315327,44.967616411869",97653410.0,R,27.0,123.0,31802.0,3007.0
153,"3587 RUSTIC PL, SHOREVIEW, MN, 55126",Match,Exact,"3587 RUSTIC PL, SHOREVIEW, MN, 55126","-93.108929878567,45.049874476278",97642627.0,L,27.0,123.0,40704.0,5003.0
274,"1456 HURON ST, ST PAUL, MN, 55108",Match,Non_Exact,"1456 N HURON ST, SAINT PAUL, MN, 55108","-93.155269259153,44.985639600931",97641763.0,R,27.0,123.0,30201.0,2017.0
395,"1635 DEMONT AVE E, MAPLEWOOD, MN, 55109",Match,Exact,"1635 DEMONT AVE E, MAPLEWOOD, MN, 55109","-93.031567248707,45.017290339681",97662448.0,L,27.0,123.0,42401.0,1005.0
154,"1597 NORTH RIDGEWOOD LN W, ROSEVILLE, MN, 55113",Match,Non_Exact,"1597 RIDGEWOOD LN N, ROSEVILLE, MN, 55113","-93.168530209362,45.002156983625",97640879.0,R,27.0,123.0,41301.0,1013.0
275,"1210 HARTFORD AVE, ST PAUL, MN, 55116",Match,Non_Exact,"1210 W HARTFORD AVE, SAINT PAUL, MN, 55116","-93.151532670337,44.923262766678",97646994.0,L,27.0,123.0,36600.0,2017.0
396,"2062 LEXINGTON AVE N, ROSEVILLE, MN, 55113",Match,Exact,"2062 LEXINGTON AVE N, ROSEVILLE, MN, 55113","-93.146317204801,45.003258319406",97641694.0,R,27.0,123.0,41700.0,3001.0
155,"1158 TRANSIT AVE, ROSEVILLE, MN, 55113",Match,Exact,"1158 TRANSIT AVE, ROSEVILLE, MN, 55113","-93.148582056366,45.01532312512",97640602.0,L,27.0,123.0,41400.0,2008.0
276,"1549 CHELSEA ST, ST PAUL, MN, 55108",Match,Non_Exact,"1549 N CHELSEA ST, SAINT PAUL, MN, 55108","-93.154097002116,44.987908723993",97641759.0,L,27.0,123.0,30201.0,2000.0
397,"2111 COUNTY ROAD F E, WHITE BEAR LAKE, MN, 55110",Match,Non_Exact,"2111 E CO RD F, WHITE BEAR LAKE, MN, 55110","-93.011389237027,45.064745093058",97637194.0,L,27.0,123.0,40301.0,2011.0
156,"2348 BURKE AVE E, NORTH ST PAUL, MN, 55109",Match,Exact,"2348 BURKE AVE E, NORTH ST PAUL, MN, 55109","-93.001025873371,45.005498910688",97671212.0,R,27.0,123.0,42700.0,5005.0
277,"2250 BURR ST N, MAPLEWOOD, MN, 55117",Match,Non_Exact,"2250 BURR ST, MAPLEWOOD, MN, 55117","-93.079931933058,45.008303541781",97649445.0,R,27.0,123.0,42202.0,5004.0
398,"1377 SEARLE ST, ST PAUL, MN, 55130",Match,Exact,"1377 SEARLE ST, SAINT PAUL, MN, 55130","-93.074859805853,44.982037223274",97650117.0,L,27.0,123.0,30602.0,3010.0
157,"1800 ALBERT ST N, FALCON HEIGHTS, MN, 55113",Match,Non_Exact,"1800 N ALBERT ST, FALCON HEIGHTS, MN, 55113","-93.159050599203,44.99531205733",97640969.0,R,27.0,123.0,41900.0,1014.0
278,"2190 NORTONIA AVE, ST PAUL, MN, 55119",Match,Exact,"2190 NORTONIA AVE, SAINT PAUL, MN, 55119","-93.010794401182,44.967750921685",97653634.0,R,27.0,123.0,31802.0,2003.0
399,"1943 KENWOOD DR E, MAPLEWOOD, MN, 55117",Match,Non_Exact,"1943 E KENWOOD DR, MAPLEWOOD, MN, 55117","-93.068665276951,45.000093699068",647914966.0,L,27.0,123.0,42202.0,1017.0
158,"1347 ARONA ST, ST PAUL, MN, 55108",Tie,,,,,,,,,
279,"1140 TRANSIT AVE, ROSEVILLE, MN, 55113",Match,Exact,"1140 TRANSIT AVE, ROSEVILLE, MN, 55113","-93.147990278187,45.015326272835",97640602.0,L,27.0,123.0,41400.0,2008.0
159,"1408 ARONA ST, ST PAUL, MN, 55108",Tie,,,,,,,,,
50,"1710 SOUTH RIDGEWOOD LN W, ROSEVILLE, MN, 55113",Match,Non_Exact,"1710 RIDGEWOOD LN S, ROSEVILLE, MN, 55113","-93.170531012668,45.001187820741",97640888.0,L,27.0,123.0,41301.0,1015.0
51,"2171 FLORAL DR, WHITE BEAR LAKE, MN, 55110",Match,Exact,"2171 FLORAL DR, WHITE BEAR LAKE, MN, 55110","-93.009153631266,45.065770128644",97637229.0,L,27.0,123.0,40301.0,2015.0
52,"1609 HURON ST, ST PAUL, MN, 55108",Match,Non_Exact,"1609 HURON ST N, SAINT PAUL, MN, 55108","-93.155365855936,44.989716907046",97641752.0,L,27.0,123.0,30201.0,1005.0
53,"2126 NORTONIA AVE, ST PAUL, MN, 55119",Match,Exact,"2126 NORTONIA AVE, SAINT PAUL, MN, 55119","-93.011638251486,44.966754500145",97653637.0,R,27.0,123.0,31802.0,2006.0
54,"1458 ARONA ST, ST PAUL, MN, 55108",Tie,,,,,,,,,
55,"1556 ARDEN PL, ARDEN HILLS, MN, 55112",Match,Exact,"1556 ARDEN PL, ARDEN HILLS, MN, 55112","-93.165574430232,45.046621370346",97639840.0,L,27.0,123.0,40804.0,1007.0
56,"3241 WOODBRIDGE ST, SHOREVIEW, MN, 55126",Match,Exact,"3241 WOODBRIDGE ST, SHOREVIEW, MN, 55126","-93.109089833915,45.039594831948",97642681.0,L,27.0,123.0,40704.0,3001.0
57,"1450 SKILES LN, ARDEN HILLS, MN, 55112",Match,Exact,"1450 SKILES LN, ARDEN HILLS, MN, 55112","-93.162858877989,45.045794235003",97639866.0,L,27.0,123.0,40804.0,1007.0
58,"774 HOYT AVE W, ST PAUL, MN, 55117",Match,Exact,"774 HOYT AVE W, SAINT PAUL, MN, 55117","-93.132825826475,44.988184952321",97641965.0,L,27.0,123.0,30300.0,1020.0
59,"1396 BELMONT LN W, ROSEVILLE, MN, 55113",Match,Exact,"1396 BELMONT LN W, ROSEVILLE, MN, 55113","-93.159036117959,45.003504132667",97641631.0,L,27.0,123.0,41800.0,2006.0
280,"480 HIGHWAY DR E, MAPLEWOOD, MN, 55117",Match,Exact,"480 HIGHWAY DR E, MAPLEWOOD, MN, 55117","-93.08033968619,45.009172101951",97674253.0,R,27.0,123.0,42202.0,5008.0
160,"1401 SEARLE ST, ST PAUL, MN, 55130",Match,Exact,"1401 SEARLE ST, SAINT PAUL, MN, 55130","-93.074865014972,44.982332061722",97650117.0,L,27.0,123.0,30602.0,3010.0
281,"1405 HAMLINE AVE N, ST PAUL, MN, 55108",Match,Exact,"1405 HAMLINE AVE N, SAINT PAUL, MN, 55108","-93.15677883821,44.983591327008",97641768.0,L,27.0,123.0,30201.0,4000.0
161,"2016 BUSH AVE, ST PAUL, MN, 55119",Match,Exact,"2016 BUSH AVE, SAINT PAUL, MN, 55119","-93.015350916111,44.964748128828",97653655.0,R,27.0,123.0,31802.0,3016.0
282,"1864 ARONA ST, FALCON HEIGHTS, MN, 55113",Match,Non_Exact,"1864 N ARONA ST, FALCON HEIGHTS, MN, 55113","-93.164140546435,44.997084085808",97640950.0,R,27.0,123.0,41900.0,1006.0
162,"735 ROSELAWN AVE E, MAPLEWOOD, MN, 55117",Match,Non_Exact,"735 E ROSELAWN AVE, MAPLEWOOD, MN, 55117","-93.069589154024,44.999223760649",97649975.0,L,27.0,123.0,42202.0,1017.0
283,"1883 COUNTY ROAD C E, MAPLEWOOD, MN, 55109",Match,Exact,"1883 CO RD C E, MAPLEWOOD, MN, 55109","-93.020274882235,45.020886314594",97652133.0,L,27.0,123.0,42401.0,4002.0
163,"824 IROQUOIS AVE, ST PAUL, MN, 55119",Match,Exact,"824 IROQUOIS AVE, SAINT PAUL, MN, 55119","-93.017040530985,44.966416530828",97660443.0,R,27.0,123.0,31802.0,3008.0
284,"7980 WOODLAWN DR, MOUNDS VIEW, MN, 55112",Match,Exact,"7980 WOODLAWN DR, MOUNDS VIEW, MN, 55112","-93.206591917537,45.113157981726",97633425.0,L,27.0,123.0,40901.0,1006.0
164,"1440 SHELDON ST, ST PAUL, MN, 55108",Tie,,,,,,,,,
285,"892 WILDER ST S, ST PAUL, MN, 55116",Match,Non_Exact,"892 S WILDER ST, SAINT PAUL, MN, 55116","-93.184799883524,44.9145680769",97639675.0,L,27.0,123.0,37500.0,3006.0
165,"1161 LAURIE RD W, ROSEVILLE, MN, 55113",Match,Exact,"1161 LAURIE RD W, ROSEVILLE, MN, 55113","-93.148026590572,45.008262008528",97640628.0,R,27.0,123.0,41800.0,3005.0
286,"2190 HENDRY PL N, MAPLEWOOD, MN, 55117",Match,Non_Exact,"2190 HENDRY PL, MAPLEWOOD, MN, 55117","-93.07866733998,45.007797032934",97649451.0,R,27.0,123.0,42202.0,5007.0
166,"2092 3RD ST N, NORTH ST PAUL, MN, 55109",Match,Exact,"2092 3RD ST N, NORTH ST PAUL, MN, 55109","-93.002360786519,45.004491304639",619690962.0,R,27.0,123.0,42700.0,5006.0
287,"512 MONTROSE LN, ST PAUL, MN, 55116",Match,Exact,"512 MONTROSE LN, SAINT PAUL, MN, 55116","-93.193509060066,44.925666180943",97639528.0,L,27.0,123.0,43001.0,3000.0
167,"2345 SKILLMAN AVE E, NORTH ST PAUL, MN, 55109",Match,Exact,"2345 SKILLMAN AVE E, NORTH ST PAUL, MN, 55109","-93.001473811816,45.00293195874",649147160.0,L,27.0,123.0,42700.0,5006.0
288,"2105 3RD ST N, NORTH ST PAUL, MN, 55109",Match,Exact,"2105 3RD ST N, NORTH ST PAUL, MN, 55109","-93.002522449,45.004824622573",97656749.0,L,27.0,123.0,42700.0,5004.0
168,"1661 NORTH RIDGEWOOD LN W, ROSEVILLE, MN, 55113",Match,Non_Exact,"1661 RIDGEWOOD LN N, ROSEVILLE, MN, 55113","-93.169447407251,45.002182997603",97640879.0,R,27.0,123.0,41301.0,1013.0
289,"1588 HURON ST, ST PAUL, MN, 55108",Tie,,,,,,,,,
169,"973 SHERREN ST W, ROSEVILLE, MN, 55113",Match,Exact,"973 SHERREN ST W, ROSEVILLE, MN, 55113","-93.14100450079,45.009137385551",97640735.0,R,27.0,123.0,41700.0,1002.0
60,"1427 ALBERT ST N, ST PAUL, MN, 55108",Match,Exact,"1427 ALBERT ST N, SAINT PAUL, MN, 55108","-93.159327723038,44.984355911369",97641119.0,L,27.0,123.0,30201.0,4002.0
61,"175 EDGEWATER AVE, SHOREVIEW, MN, 55126",Match,Exact,"175 EDGEWATER AVE, SHOREVIEW, MN, 55126","-93.10835866043,45.038947282526",97643026.0,R,27.0,123.0,40704.0,3004.0
62,"1918 FLANDRAU ST N, MAPLEWOOD, MN, 55109",Match,Exact,"1918 FLANDRAU ST N, MAPLEWOOD, MN, 55109","-93.027745635946,44.998840420704",97652965.0,R,27.0,123.0,42402.0,1014.0
63,"370 SOUTH MCCARRONS BLVD, ROSEVILLE, MN, 55113",Match,Non_Exact,"370 MCCARRONS BLVD S, ROSEVILLE, MN, 55113","-93.115635257595,44.997053041534",97643562.0,L,27.0,123.0,41602.0,3000.0
64,"2716 HILLVIEW RD, MOUNDS VIEW, MN, 55112",Match,Exact,"2716 HILLVIEW RD, MOUNDS VIEW, MN, 55112","-93.215560928699,45.111500865194",97633376.0,L,27.0,123.0,41001.0,1008.0
65,"584 MOUNT CURVE BLVD, ST PAUL, MN, 55116",Match,Non_Exact,"584 S MOUNT CURVE BLVD, SAINT PAUL, MN, 55116","-93.194932262079,44.923706873719",97639519.0,L,27.0,123.0,43001.0,3001.0
66,"2220 HENDRY PL N, MAPLEWOOD, MN, 55117",Match,Non_Exact,"2220 HENDRY PL, MAPLEWOOD, MN, 55117","-93.078548152259,45.00816613736",97649451.0,R,27.0,123.0,42202.0,5007.0
67,"2022 NOKOMIS AVE, ST PAUL, MN, 55119",Match,Exact,"2022 NOKOMIS AVE, SAINT PAUL, MN, 55119","-93.015618228473,44.966125703603",97653585.0,R,27.0,123.0,31802.0,3011.0
68,"1626 WATSON AVE, ST PAUL, MN, 55116",Match,Non_Exact,"1626 W WATSON AVE, SAINT PAUL, MN, 55116","-93.169288375463,44.92422467815",97646158.0,L,27.0,123.0,36400.0,2008.0
69,"880 PARKVIEW AVE, ST PAUL, MN, 55117",Match,Non_Exact,"880 W PARKVIEW AVE, SAINT PAUL, MN, 55117","-93.137007585919,44.983431882432",97641932.0,L,27.0,123.0,30300.0,4032.0
290,"4181 HAZEL ST N, WHITE BEAR LAKE, MN, 55110",Match,Non_Exact,"4181 N HAZEL ST, WHITE BEAR LAKE, MN, 55110","-93.010923951793,45.067035085846",97637226.0,L,27.0,123.0,40301.0,2007.0
170,"2188 DESOTO ST N, MAPLEWOOD, MN, 55117",Match,Non_Exact,"2188 DESOTO ST, MAPLEWOOD, MN, 55117","-93.081323247097,45.00717002964",97649447.0,R,27.0,123.0,42202.0,5008.0
291,"742 IDAHO AVE W, ST PAUL, MN, 55117",Match,Exact,"742 IDAHO AVE W, SAINT PAUL, MN, 55117","-93.132146879901,44.989988514181",97641959.0,L,27.0,123.0,30300.0,1012.0
171,"1623 DEMONT AVE E, MAPLEWOOD, MN, 55109",Match,Exact,"1623 DEMONT AVE E, MAPLEWOOD, MN, 55109","-93.032041745854,45.017291440636",97662448.0,L,27.0,123.0,42401.0,1005.0
292,"2199 SUNRISE DR N, MAPLEWOOD, MN, 55117",Match,Non_Exact,"2199 SUNRISE DR, MAPLEWOOD, MN, 55117","-93.077215474814,45.007722776404",656769003.0,L,27.0,123.0,42202.0,5007.0
172,"2089 COUNTY ROAD F E, WHITE BEAR LAKE, MN, 55110",Match,Non_Exact,"2089 E CO RD F, WHITE BEAR LAKE, MN, 55110","-93.012179046683,45.064747871687",97637194.0,L,27.0,123.0,40301.0,2011.0
293,"1364 KENT ST, ST PAUL, MN, 55117",Tie,,,,,,,,,
173,"1911 STILLWATER AVE, ST PAUL, MN, 55119",Match,Exact,"1911 STILLWATER AVE, SAINT PAUL, MN, 55119","-93.019725689627,44.967966424432",97653414.0,L,27.0,123.0,31802.0,1012.0
294,"1357 BAYARD AVE, ST PAUL, MN, 55116",Match,Non_Exact,"1357 W BAYARD AVE, SAINT PAUL, MN, 55116","-93.15757201975,44.92249891294",97646235.0,R,27.0,123.0,36500.0,1013.0
174,"1769 BARCLAY ST N, MAPLEWOOD, MN, 55109",Match,Non_Exact,"1769 BARCLAY ST, MAPLEWOOD, MN, 55109","-93.03944064299,44.994421440096",97651274.0,L,27.0,123.0,42302.0,3010.0
295,"5170 ST ALBANS ST N, SHOREVIEW, MN, 55126",Match,Exact,"5170 ST ALBANS ST N, SHOREVIEW, MN, 55126","-93.129516038194,45.097450993027",97635559.0,R,27.0,123.0,40707.0,1003.0
175,"1867 BEECHWOOD AVE, ST PAUL, MN, 55116",Match,Exact,"1867 BEECHWOOD AVE, SAINT PAUL, MN, 55116","-93.179257169789,44.915300280463",97645967.0,R,27.0,123.0,37500.0,3000.0
296,"904 MILLWOOD AVE, ROSEVILLE, MN, 55113",Match,Exact,"904 MILLWOOD AVE, ROSEVILLE, MN, 55113","-93.138451289929,45.029790190643",649686880.0,L,27.0,123.0,41500.0,2014.0
176,"812 NEBRASKA AVE E, ST PAUL, MN, 55106",Match,Exact,"812 NEBRASKA AVE E, SAINT PAUL, MN, 55106","-93.067361484967,44.986473986437",97650261.0,R,27.0,123.0,30602.0,5023.0
297,"762 IDAHO AVE W, ST PAUL, MN, 55117",Match,Exact,"762 IDAHO AVE W, SAINT PAUL, MN, 55117","-93.132556468063,44.989991913281",97641959.0,L,27.0,123.0,30300.0,1012.0
177,"876 ALGONQUIN AVE, ST PAUL, MN, 55119",Match,Non_Exact,"876 N ALGONQUIN AVE, SAINT PAUL, MN, 55119","-93.018250504175,44.967746329474",97653415.0,R,27.0,123.0,31802.0,3006.0
298,"1730 EUGENE ST, WHITE BEAR LAKE, MN, 55110",Match,Exact,"1730 EUGENE ST, WHITE BEAR LAKE, MN, 55110","-93.02790643745,45.080097679542",97636989.0,L,27.0,123.0,40504.0,4021.0
178,"1318 HIGHLAND PKWY, ST PAUL, MN, 55116",Match,Non_Exact,"1318 W HIGHLAND PKWY, SAINT PAUL, MN, 55116","-93.155788072055,44.919660021306",97646948.0,L,27.0,123.0,36600.0,1009.0
299,"2195 OXFORD ST N, ROSEVILLE, MN, 55113",Match,Non_Exact,"2195 N OXFORD ST, ROSEVILLE, MN, 55113","-93.143117362751,45.007674063533",97640734.0,L,27.0,123.0,41700.0,1005.0
179,"1418 ELDRIDGE AVE W, ROSEVILLE, MN, 55113",Match,Exact,"1418 ELDRIDGE AVE W, ROSEVILLE, MN, 55113","-93.15958021593,45.004394054766",97640942.0,L,27.0,123.0,41800.0,2009.0
70,"663 SHRYER AVE W, ROSEVILLE, MN, 55113",Match,Exact,"663 SHRYER AVE W, ROSEVILLE, MN, 55113","-93.127109529652,45.00185580465",97643365.0,R,27.0,123.0,41700.0,4002.0
71,"1833 ROME AVE, ST PAUL, MN, 55116",Match,Non_Exact,"1833 W ROME AVE, SAINT PAUL, MN, 55116","-93.177823819922,44.913509738917",97646057.0,R,27.0,123.0,37500.0,3008.0
72,"1507 HOYT AVE W, FALCON HEIGHTS, MN, 55108",Match,Exact,"1507 HOYT AVE W, FALCON HEIGHTS, MN, 55108","-93.163900857941,44.988226281861",97641051.0,R,27.0,123.0,41900.0,2015.0
73,"1436 IDAHO AVE W, FALCON HEIGHTS, MN, 55108",Match,Non_Exact,"1436 W IDAHO AVE, FALCON HEIGHTS, MN, 55108","-93.160685763989,44.989946679774",97641063.0,L,27.0,123.0,41900.0,2008.0
74,"2906 ARTHUR PL, ROSEVILLE, MN, 55113",Match,Exact,"2906 ARTHUR PL, ROSEVILLE, MN, 55113","-93.180426841593,45.028646916588",97684762.0,R,27.0,123.0,41302.0,4000.0
75,"775 PARKVIEW AVE, ST PAUL, MN, 55117",Match,Non_Exact,"775 W PARKVIEW AVE, SAINT PAUL, MN, 55117","-93.132691636461,44.983756908058",97641984.0,R,27.0,123.0,30300.0,2002.0
76,"782 ARLINGTON AVE W, ST PAUL, MN, 55117",Match,Exact,"782 ARLINGTON AVE W, SAINT PAUL, MN, 55117","-93.133037300378,44.984561031775",97641988.0,L,27.0,123.0,30300.0,2002.0
77,"2122 ARLINGTON AVE E, ST PAUL, MN, 55119",Match,Exact,"2122 ARLINGTON AVE E, SAINT PAUL, MN, 55119","-93.01203288878,44.984685204186",97653246.0,R,27.0,123.0,30702.0,1009.0
78,"2102 4TH ST E, ST PAUL, MN, 55119",Match,Non_Exact,"2102 E 4TH ST, SAINT PAUL, MN, 55119","-93.011741834085,44.95848969618",97653731.0,R,27.0,123.0,34702.0,4010.0
79,"1386 IDAHO AVE W, FALCON HEIGHTS, MN, 55108",Match,Exact,"1386 IDAHO AVE W, FALCON HEIGHTS, MN, 55108","-93.156346335757,44.989983979578",97641741.0,L,27.0,123.0,30201.0,1005.0
180,"921 HOYT AVE W, ST PAUL, MN, 55117",Match,Exact,"921 HOYT AVE W, SAINT PAUL, MN, 55117","-93.139002420427,44.988345334634",97641944.0,R,27.0,123.0,30300.0,4012.0
181,"862 PARKVIEW AVE, ST PAUL, MN, 55117",Match,Non_Exact,"862 W PARKVIEW AVE, SAINT PAUL, MN, 55117","-93.136767701794,44.983430691923",97641932.0,L,27.0,123.0,30300.0,4032.0
182,"1597 NILES AVE, ST PAUL, MN, 55116",Match,Non_Exact,"1597 W NILES AVE, SAINT PAUL, MN, 55116","-93.168767672012,44.925238451784",97646156.0,R,27.0,123.0,36400.0,2004.0
183,"804 MONTANA AVE E, ST PAUL, MN, 55106",Match,Exact,"804 MONTANA AVE E, SAINT PAUL, MN, 55106","-93.067315863927,44.987383676877",97650259.0,R,27.0,123.0,30602.0,5022.0
184,"1403 HAMLINE AVE N, ST PAUL, MN, 55108",Match,Exact,"1403 HAMLINE AVE N, SAINT PAUL, MN, 55108","-93.156779869386,44.983534144018",97641768.0,L,27.0,123.0,30201.0,4000.0
185,"2255 LEXINGTON AVE N, ROSEVILLE, MN, 55113",Match,Exact,"2255 LEXINGTON AVE N, ROSEVILLE, MN, 55113","-93.146569642977,45.009241392603",97670939.0,L,27.0,123.0,41800.0,3001.0
186,"1621 HARTFORD AVE, ST PAUL, MN, 55116",Match,Non_Exact,"1621 W HARTFORD AVE, SAINT PAUL, MN, 55116","-93.168752940539,44.923426498012",97646173.0,R,27.0,123.0,36400.0,2008.0
187,"1596 BAYARD AVE, ST PAUL, MN, 55116",Match,Non_Exact,"1596 W BAYARD AVE, SAINT PAUL, MN, 55116","-93.16876848015,44.922405862219",97646160.0,L,27.0,123.0,36400.0,2012.0
188,"1851 FERNWOOD AVE, ROSEVILLE, MN, 55113",Match,Non_Exact,"1851 N FERNWOOD ST, ROSEVILLE, MN, 55113","-93.151568300209,44.997153463096",97641709.0,L,27.0,123.0,41800.0,1001.0
189,"1356 ASBURY ST, ST PAUL, MN, 55108",Tie,,,,,,,,,
80,"403 WAGNER ST, ROSEVILLE, MN, 55113",Match,Non_Exact,"403 WAGNER AVE, ROSEVILLE, MN, 55113","-93.117365673703,44.995467120017",616282192.0,R,27.0,123.0,41602.0,3000.0
81,"790 PEDERSEN ST, ST PAUL, MN, 55119",Match,Exact,"790 PEDERSEN ST, SAINT PAUL, MN, 55119","-93.012627383602,44.965794746787",97653666.0,R,27.0,123.0,31802.0,2006.0
82,"3032 BRONSON DR, MOUNDS VIEW, MN, 55112",Match,Exact,"3032 BRONSON DR, MOUNDS VIEW, MN, 55112","-93.225973921459,45.104043508394",97633572.0,L,27.0,123.0,41002.0,1004.0
83,"861 ALGONQUIN AVE, ST PAUL, MN, 55119",Match,Non_Exact,"861 N ALGONQUIN AVE, SAINT PAUL, MN, 55119","-93.01772975914,44.967337048024",97653571.0,L,27.0,123.0,31802.0,3007.0
84,"7980 FAIRCHILD AVE, MOUNDS VIEW, MN, 55112",Match,Exact,"7980 FAIRCHILD AVE, MOUNDS VIEW, MN, 55112","-93.219301899628,45.112963319307",97633359.0,L,27.0,123.0,41001.0,2010.0
85,"1935 MINNEHAHA AVE E, ST PAUL, MN, 55119",Match,Exact,"1935 MINNEHAHA AVE E, SAINT PAUL, MN, 55119","-93.018618336481,44.963129848253",97653520.0,L,27.0,123.0,31802.0,3017.0
86,"1372 LARPENTEUR AVE W, FALCON HEIGHTS, MN, 55113",Match,Exact,"1372 LARPENTEUR AVE W, FALCON HEIGHTS, MN, 55113","-93.158098020613,44.991769915134",97641067.0,L,27.0,123.0,41900.0,2000.0
87,"1725 ARONA ST, FALCON HEIGHTS, MN, 55113",Match,Non_Exact,"1725 N ARONA ST, FALCON HEIGHTS, MN, 55113","-93.164310237689,44.993436899606",97640953.0,L,27.0,123.0,41900.0,3019.0
88,"488 MONTROSE LN, ST PAUL, MN, 55116",Match,Exact,"488 MONTROSE LN, SAINT PAUL, MN, 55116","-93.193508709033,44.925949784283",97639528.0,L,27.0,123.0,43001.0,3000.0
89,"1181 INGERSON RD, ARDEN HILLS, MN, 55112",Match,Exact,"1181 INGERSON RD, ARDEN HILLS, MN, 55112","-93.149806565853,45.040846285131",97640308.0,R,27.0,123.0,40804.0,2018.0
190,"1492 HAMLINE AVE N, ST PAUL, MN, 55108",Match,Exact,"1492 HAMLINE AVE N, SAINT PAUL, MN, 55108","-93.156569586741,44.986258808596",97641750.0,R,27.0,123.0,30201.0,2016.0
191,"1824 3RD ST E, ST PAUL, MN, 55119",Match,Exact,"1824 3RD ST E, SAINT PAUL, MN, 55119","-93.023303486811,44.956718747871",652845334.0,R,27.0,123.0,34701.0,3002.0
192,"871 PARKVIEW AVE, ST PAUL, MN, 55117",Match,Non_Exact,"871 W PARKVIEW AVE, SAINT PAUL, MN, 55117","-93.137173940314,44.983547302243",97641932.0,R,27.0,123.0,30300.0,4031.0
193,"1765 SIMPSON ST, FALCON HEIGHTS, MN, 55113",Match,Exact,"1765 SIMPSON ST, FALCON HEIGHTS, MN, 55113","-93.163044145991,44.994350124826",97640956.0,L,27.0,123.0,41900.0,1009.0
194,"1151 TRANSIT AVE, ROSEVILLE, MN, 55113",Match,Exact,"1151 TRANSIT AVE, ROSEVILLE, MN, 55113","-93.148320263504,45.015439112223",97640602.0,R,27.0,123.0,41400.0,2009.0
195,"1369 MURRAY ST, ST PAUL, MN, 55116",Match,Non_Exact,"1369 S MURRAY ST, SAINT PAUL, MN, 55116","-93.186163950889,44.900392272727",97639722.0,R,27.0,123.0,37601.0,2005.0
196,"1832 ROME AVE, ST PAUL, MN, 55116",Match,Non_Exact,"1832 W ROME AVE, SAINT PAUL, MN, 55116","-93.177822148131,44.913395153679",97646057.0,L,27.0,123.0,37500.0,3010.0
197,"1771 PASCAL ST N, FALCON HEIGHTS, MN, 55113",Match,Non_Exact,"1771 N PASCAL ST, FALCON HEIGHTS, MN, 55113","-93.161777794394,44.994596769196",97640964.0,L,27.0,123.0,41900.0,1008.0
198,"2099 SCHEFFER AVE, ST PAUL, MN, 55116",Match,Non_Exact,"2099 W SCHEFFER AVE, SAINT PAUL, MN, 55116","-93.189438972964,44.921670018316",97639590.0,R,27.0,123.0,43001.0,2000.0
199,"515 COUNTY ROAD B E, MAPLEWOOD, MN, 55117",Match,Exact,"515 CO RD B E, MAPLEWOOD, MN, 55117","-93.079087878888,45.006374662364",97649454.0,L,27.0,123.0,42202.0,5007.0
90,"2186 GARDENETTE DR S, WHITE BEAR LAKE, MN, 55110",Match,Exact,"2186 GARDENETTE DR S, WHITE BEAR LAKE, MN, 55110","-93.007496705088,45.066630429279",97637242.0,R,27.0,123.0,40301.0,2015.0
91,"0 BEECHWOOD AVE, ST PAUL, MN, 55116",No_Match,,,,,,,,,
92,"1805 WHITE BEAR AVE N, MAPLEWOOD, MN, 55109",Match,Exact,"1805 WHITE BEAR AVE N, MAPLEWOOD, MN, 55109","-93.025297422524,44.995488755055",97652980.0,L,27.0,123.0,42402.0,1014.0
93,"1759 LARPENTEUR AVE E, MAPLEWOOD, MN, 55109",Match,Exact,"1759 LARPENTEUR AVE E, MAPLEWOOD, MN, 55109","-93.026593031404,44.992008124681",97652978.0,L,27.0,123.0,42402.0,1014.0
94,"1766 KENNARD ST N, MAPLEWOOD, MN, 55109",Match,Non_Exact,"1766 N KENNARD ST, MAPLEWOOD, MN, 55109","-93.030256293511,44.994485575558",97652974.0,R,27.0,123.0,42402.0,1013.0
95,"1784 FLANDRAU ST N, MAPLEWOOD, MN, 55109",Match,Exact,"1784 FLANDRAU ST N, MAPLEWOOD, MN, 55109","-93.02774925557,44.995963133974",97652965.0,R,27.0,123.0,42402.0,1014.0
96,"1702 FLANDRAU ST N, MAPLEWOOD, MN, 55109",Match,Exact,"1702 FLANDRAU ST N, MAPLEWOOD, MN, 55109","-93.027751470564,44.994202406273",97652965.0,R,27.0,123.0,42402.0,1014.0
97,"4913 OTTER LAKE RD, WHITE BEAR LAKE, MN, 55110",Match,Exact,"4913 OTTER LAKE RD, WHITE BEAR LAKE, MN, 55110","-93.035891802174,45.089562043507",617574487.0,L,27.0,123.0,40504.0,4010.0
98,"2218 GARDENETTE DR N, WHITE BEAR LAKE, MN, 55110",Match,Exact,"2218 GARDENETTE DR N, WHITE BEAR LAKE, MN, 55110","-93.008408552881,45.067642759572",97637241.0,R,27.0,123.0,40301.0,2013.0
99,"1632 PACIFIC ST, ST PAUL, MN, 55106",Match,Exact,"1632 PACIFIC ST, SAINT PAUL, MN, 55106","-93.03242527314,44.951321387179",97654893.0,R,27.0,123.0,34701.0,2010.0
907,"789 LAKEVIEW AVE, ST PAUL, MN, 55117",Match,Non_Exact,"789 W LAKEVIEW AVE, SAINT PAUL, MN, 55117","-93.133401119176,44.981964893087",97641994.0,R,27.0,123.0,30300.0,2009.0
908,"2810 LAKE BLVD, NORTH ST PAUL, MN, 55109",Match,Exact,"2810 LAKE BLVD, NORTH ST PAUL, MN, 55109","-92.992956551113,45.026405927962",97652661.0,R,27.0,123.0,42602.0,1004.0
909,"1599 JUNO AVE, ST PAUL, MN, 55116",Match,Non_Exact,"1599 W JUNO AVE, SAINT PAUL, MN, 55116","-93.168799107667,44.926147573598",97646154.0,R,27.0,123.0,36400.0,2000.0
910,"2196 OXFORD ST N, ROSEVILLE, MN, 55113",Match,Non_Exact,"2196 N OXFORD ST, ROSEVILLE, MN, 55113","-93.142955780352,45.007702008177",97640734.0,R,27.0,123.0,41700.0,1004.0
911,"1834 SAUNDERS AVE, ST PAUL, MN, 55116",Match,Non_Exact,"1834 W SAUNDERS AVE, SAINT PAUL, MN, 55116","-93.17788524687,44.914280047642",97646055.0,L,27.0,123.0,37500.0,3008.0
912,"2197 WAUKON AVE, ST PAUL, MN, 55119",Match,Exact,"2197 WAUKON AVE, SAINT PAUL, MN, 55119","-93.009812012884,44.967738411999",97653640.0,L,27.0,123.0,31802.0,2003.0
913,"7901 PLEASANT VIEW DR NE, SPRING LAKE PARK, MN, 55432",Match,Exact,"7901 PLEASANT VIEW DR NE, SPRING LAKE PARK, MN, 55432","-93.227760707475,45.111460034213",616654679.0,R,27.0,123.0,41001.0,2015.0
914,"1522 IDAHO AVE W, FALCON HEIGHTS, MN, 55108",Match,Non_Exact,"1522 W IDAHO AVE, FALCON HEIGHTS, MN, 55108","-93.164373279211,44.989916995989",97640991.0,L,27.0,123.0,41900.0,2006.0
915,"1516 ARDEN PL, ARDEN HILLS, MN, 55112",Match,Exact,"1516 ARDEN PL, ARDEN HILLS, MN, 55112","-93.164608638017,45.046180367697",97639858.0,L,27.0,123.0,40804.0,1007.0
916,"1390 SHELDON ST, ST PAUL, MN, 55108",Tie,,,,,,,,,
917,"1649 SOUTH RIDGEWOOD LN W, ROSEVILLE, MN, 55113",Match,Non_Exact,"1649 RIDGEWOOD LN S, ROSEVILLE, MN, 55113","-93.169547686335,45.001293559847",97640888.0,R,27.0,123.0,41301.0,1018.0
918,"8028 RED OAK DR, MOUNDS VIEW, MN, 55112",Match,Exact,"8028 RED OAK DR, MOUNDS VIEW, MN, 55112","-93.217340935873,45.114280047015",97633360.0,L,27.0,123.0,41001.0,2011.0
919,"2001 NORTONIA AVE, ST PAUL, MN, 55119",Match,Exact,"2001 NORTONIA AVE, SAINT PAUL, MN, 55119","-93.016094196896,44.965391630126",97653657.0,L,27.0,123.0,31802.0,3014.0
920,"1388 ALBERT ST N, ST PAUL, MN, 55108",Match,Exact,"1388 ALBERT ST N, SAINT PAUL, MN, 55108","-93.159171785722,44.983765534399",97641119.0,R,27.0,123.0,30201.0,4001.0
800,"1387 CALIFORNIA AVE W, FALCON HEIGHTS, MN, 55108",Match,Non_Exact,"1387 CALIFORNIA AVE, FALCON HEIGHTS, MN, 55108","-93.158777618008,44.990961920602",97641069.0,R,27.0,123.0,41900.0,2011.0
921,"1494 HURON ST, ST PAUL, MN, 55108",Match,Non_Exact,"1494 N HURON ST, SAINT PAUL, MN, 55108","-93.155259645735,44.986286898507",97641763.0,R,27.0,123.0,30201.0,2017.0
801,"2169 NORTONIA AVE, ST PAUL, MN, 55119",Match,Exact,"2169 NORTONIA AVE, SAINT PAUL, MN, 55119","-93.010961059489,44.967769026305",97653634.0,L,27.0,123.0,31802.0,3000.0
922,"1360 EDGCUMBE RD, ST PAUL, MN, 55116",Match,Exact,"1360 EDGCUMBE RD, SAINT PAUL, MN, 55116","-93.149762867139,44.92454984009",97646990.0,L,27.0,123.0,36600.0,5005.0
802,"726 PARKVIEW AVE, ST PAUL, MN, 55117",Match,Non_Exact,"726 W PARKVIEW AVE, SAINT PAUL, MN, 55117","-93.130979736966,44.983634572892",97643449.0,L,27.0,123.0,30300.0,2005.0
923,"1492 CALIFORNIA AVE W, FALCON HEIGHTS, MN, 55108",Match,Non_Exact,"1492 CALIFORNIA AVE, FALCON HEIGHTS, MN, 55108","-93.162292193962,44.990820570113",97641045.0,L,27.0,123.0,41900.0,2014.0
803,"1916 STILLWATER AVE, ST PAUL, MN, 55119",Match,Exact,"1916 STILLWATER AVE, SAINT PAUL, MN, 55119","-93.019371582535,44.967961121517",97653414.0,R,27.0,123.0,31802.0,3007.0
924,"1452 LARPENTEUR AVE W, FALCON HEIGHTS, MN, 55113",Match,Exact,"1452 LARPENTEUR AVE W, FALCON HEIGHTS, MN, 55113","-93.16124447132,44.991747893331",97641058.0,L,27.0,123.0,41900.0,2001.0
804,"882 WILDER ST S, ST PAUL, MN, 55116",Match,Non_Exact,"882 S WILDER ST, SAINT PAUL, MN, 55116","-93.184973807273,44.914827939545",97639675.0,L,27.0,123.0,37500.0,3006.0
925,"7660 GROVELAND RD, MOUNDS VIEW, MN, 55112",Match,Exact,"7660 GROVELAND RD, MOUNDS VIEW, MN, 55112","-93.221149027294,45.107096264548",97633370.0,L,27.0,123.0,41002.0,1001.0
805,"2060 NORTONIA AVE, ST PAUL, MN, 55119",Match,Exact,"2060 NORTONIA AVE, SAINT PAUL, MN, 55119","-93.013950938899,44.965641156762",97653665.0,R,27.0,123.0,31802.0,2014.0
926,"300 SOUTH MCCARRONS BLVD, ROSEVILLE, MN, 55113",Match,Non_Exact,"300 MCCARRONS BLVD S, ROSEVILLE, MN, 55113","-93.113283062084,44.99623356712",97643562.0,L,27.0,123.0,41602.0,3000.0
806,"448 SOUTH MCCARRONS BLVD, ROSEVILLE, MN, 55113",Match,Non_Exact,"448 MCCARRONS BLVD S, ROSEVILLE, MN, 55113","-93.118846583001,44.99819334582",97643554.0,L,27.0,123.0,41602.0,3003.0
927,"1571 HURON ST, ST PAUL, MN, 55108",Tie,,,,,,,,,
807,"7830 SPRING LAKE RD, MOUNDS VIEW, MN, 55112",Match,Exact,"7830 SPRING LAKE RD, MOUNDS VIEW, MN, 55112","-93.224925600036,45.109927796418",649428313.0,L,27.0,123.0,41001.0,2020.0
928,"2146 NOKOMIS AVE, ST PAUL, MN, 55119",Match,Exact,"2146 NOKOMIS AVE, SAINT PAUL, MN, 55119","-93.011649931999,44.968341310661",97653631.0,R,27.0,123.0,31802.0,3000.0
808,"3570 RIDGEWOOD RD, ARDEN HILLS, MN, 55112",Match,Exact,"3570 RIDGEWOOD RD, ARDEN HILLS, MN, 55112","-93.164675292709,45.04966795139",97688395.0,R,27.0,123.0,40804.0,1005.0
929,"749 COTTAGE AVE W, ST PAUL, MN, 55117",Match,Exact,"749 COTTAGE AVE W, SAINT PAUL, MN, 55117","-93.130615974471,44.982791353216",97643453.0,R,27.0,123.0,30300.0,2005.0
809,"786 COTTAGE AVE W, ST PAUL, MN, 55117",Match,Exact,"786 COTTAGE AVE W, SAINT PAUL, MN, 55117","-93.131084998797,44.982680082513",97643453.0,L,27.0,123.0,30300.0,2010.0
930,"1915 ARONA ST, FALCON HEIGHTS, MN, 55113",Match,Non_Exact,"1915 N ARONA ST, FALCON HEIGHTS, MN, 55113","-93.164298266454,44.998815155417",97640934.0,L,27.0,123.0,41900.0,3000.0
810,"1633 FERNWOOD ST, ST PAUL, MN, 55108",Tie,,,,,,,,,
931,"3471 SIEMS CT, ARDEN HILLS, MN, 55112",Match,Exact,"3471 SIEMS CT, ARDEN HILLS, MN, 55112","-93.166763587114,45.046457083288",97639839.0,L,27.0,123.0,40804.0,1007.0
811,"1437 SHELDON ST, ST PAUL, MN, 55108",Tie,,,,,,,,,
932,"2005 PROSPERITY RD N, MAPLEWOOD, MN, 55109",Match,Non_Exact,"2005 PROSPERITY RD, MAPLEWOOD, MN, 55109","-93.03279705958,45.001842643254",97662431.0,L,27.0,123.0,42402.0,1006.0
812,"742 PARKVIEW AVE, ST PAUL, MN, 55117",Match,Non_Exact,"742 W PARKVIEW AVE, SAINT PAUL, MN, 55117","-93.131380833878,44.983636086893",97641984.0,L,27.0,123.0,30300.0,2004.0
933,"1884 KENNARD ST N, MAPLEWOOD, MN, 55109",Match,Non_Exact,"1884 N KENNARD ST, MAPLEWOOD, MN, 55109","-93.030256288447,44.99771923384",97652962.0,R,27.0,123.0,42402.0,1013.0
813,"1706 FLANDRAU ST N, MAPLEWOOD, MN, 55109",Match,Exact,"1706 FLANDRAU ST N, MAPLEWOOD, MN, 55109","-93.027751362515,44.99428829543",97652965.0,R,27.0,123.0,42402.0,1014.0
934,"7405 KNOLLWOOD DR, MOUNDS VIEW, MN, 55112",Match,Exact,"7405 KNOLLWOOD DR, MOUNDS VIEW, MN, 55112","-93.222205563999,45.102447811181",97633636.0,R,27.0,123.0,41002.0,1006.0
814,"7409 KNOLLWOOD DR, MOUNDS VIEW, MN, 55112",Match,Exact,"7409 KNOLLWOOD DR, MOUNDS VIEW, MN, 55112","-93.222207148787,45.102518951025",97633636.0,R,27.0,123.0,41002.0,1006.0
935,"1604 CHELSEA ST, ST PAUL, MN, 55108",Tie,,,,,,,,,
815,"1570 EDGCUMBE RD, ST PAUL, MN, 55116",Match,Exact,"1570 EDGCUMBE RD, SAINT PAUL, MN, 55116","-93.152009801158,44.916989310902",97647026.0,L,27.0,123.0,36600.0,5002.0
936,"7870 SPRING LAKE RD, MOUNDS VIEW, MN, 55112",Match,Exact,"7870 SPRING LAKE RD, MOUNDS VIEW, MN, 55112","-93.224946402817,45.110750666602",649428313.0,L,27.0,123.0,41001.0,2020.0
816,"440 GLENWOOD AVE, ROSEVILLE, MN, 55113",Match,Non_Exact,"440 W GLENWOOD AVE, ROSEVILLE, MN, 55113","-93.118082004814,44.996460817875",97643555.0,L,27.0,123.0,41602.0,3000.0
937,"7644 GROVELAND RD, MOUNDS VIEW, MN, 55112",Match,Exact,"7644 GROVELAND RD, MOUNDS VIEW, MN, 55112","-93.221144801214,45.10681170581",97633370.0,L,27.0,123.0,41002.0,1001.0
817,"2097 NOKOMIS AVE, ST PAUL, MN, 55119",Match,Exact,"2097 NOKOMIS AVE, SAINT PAUL, MN, 55119","-93.012915954305,44.967335660862",97653604.0,L,27.0,123.0,31802.0,3001.0
938,"1372 IOWA AVE W, FALCON HEIGHTS, MN, 55108",Match,Non_Exact,"1372 W IOWA AVE, FALCON HEIGHTS, MN, 55108","-93.158464976751,44.989067744693",97641742.0,L,27.0,123.0,41900.0,2017.0
818,"866 IROQUOIS AVE, ST PAUL, MN, 55119",Match,Exact,"866 IROQUOIS AVE, SAINT PAUL, MN, 55119","-93.016341815867,44.967733422744",97653570.0,R,27.0,123.0,31802.0,3004.0
939,"1907 BEECHWOOD AVE, ST PAUL, MN, 55116",Match,Exact,"1907 BEECHWOOD AVE, SAINT PAUL, MN, 55116","-93.181027821862,44.915296305618",97645954.0,R,27.0,123.0,37500.0,3001.0
819,"1423 CALIFORNIA AVE W, FALCON HEIGHTS, MN, 55108",Match,Non_Exact,"1423 CALIFORNIA AVE, FALCON HEIGHTS, MN, 55108","-93.160113886842,44.990952538136",97641060.0,R,27.0,123.0,41900.0,2012.0
940,"1994 HERSCHEL ST, ROSEVILLE, MN, 55113",Match,Exact,"1994 HERSCHEL ST, ROSEVILLE, MN, 55113","-93.173077451159,45.001391980387",97640814.0,R,27.0,123.0,41301.0,1023.0
820,"1910 SNELLING AVE N, FALCON HEIGHTS, MN, 55108",Match,Non_Exact,"1910 N SNELLING DR, FALCON HEIGHTS, MN, 55113","-93.166219995212,44.998676827136",97640901.0,R,27.0,123.0,41900.0,3001.0
941,"1903 FLANDRAU ST N, MAPLEWOOD, MN, 55109",Match,Exact,"1903 FLANDRAU ST N, MAPLEWOOD, MN, 55109","-93.027908052268,44.998536506462",97652965.0,L,27.0,123.0,42402.0,1013.0
700,"875 PARKVIEW AVE, ST PAUL, MN, 55117",Match,Non_Exact,"875 W PARKVIEW AVE, SAINT PAUL, MN, 55117","-93.137259495695,44.983547726841",97641932.0,R,27.0,123.0,30300.0,4031.0
821,"471 WAGNER ST, ROSEVILLE, MN, 55113",Match,Non_Exact,"471 WAGNER AVE, ROSEVILLE, MN, 55113","-93.119393113505,44.995456210151",647909581.0,R,27.0,123.0,41602.0,3000.0
942,"2064 NORTONIA AVE, ST PAUL, MN, 55119",Match,Exact,"2064 NORTONIA AVE, SAINT PAUL, MN, 55119","-93.01382777542,44.965657705854",97653665.0,R,27.0,123.0,31802.0,2014.0
701,"1545 CHELSEA ST, ST PAUL, MN, 55108",Match,Non_Exact,"1545 N CHELSEA ST, SAINT PAUL, MN, 55108","-93.154098745665,44.987792488489",97641759.0,L,27.0,123.0,30201.0,2000.0
822,"1445 ALBERT ST N, ST PAUL, MN, 55108",Match,Exact,"1445 ALBERT ST N, SAINT PAUL, MN, 55108","-93.159345719951,44.982606634637",97641119.0,L,27.0,123.0,30201.0,4002.0
943,"1489 IOWA AVE W, FALCON HEIGHTS, MN, 55108",Match,Non_Exact,"1489 W IOWA AVE, FALCON HEIGHTS, MN, 55108","-93.162862330153,44.98914241509",97641049.0,R,27.0,123.0,41900.0,2007.0
702,"1881 FERNWOOD AVE, ROSEVILLE, MN, 55113",Match,Non_Exact,"1881 N FERNWOOD ST, ROSEVILLE, MN, 55113","-93.151563648143,44.998093413968",97641708.0,L,27.0,123.0,41800.0,1001.0
823,"7745 EASTWOOD RD, MOUNDS VIEW, MN, 55112",Match,Exact,"7745 EASTWOOD RD, MOUNDS VIEW, MN, 55112","-93.213006974815,45.108804331918",97633392.0,R,27.0,123.0,41001.0,1010.0
944,"1437 IDAHO AVE W, FALCON HEIGHTS, MN, 55108",Match,Non_Exact,"1437 W IDAHO AVE, FALCON HEIGHTS, MN, 55108","-93.160688188072,44.990061258303",97641063.0,R,27.0,123.0,41900.0,2013.0
703,"1403 IOWA AVE W, FALCON HEIGHTS, MN, 55108",Match,Non_Exact,"1403 W IOWA AVE, FALCON HEIGHTS, MN, 55108","-93.15935199532,44.989175585426",97641064.0,R,27.0,123.0,41900.0,2008.0
824,"1666 NORTH RIDGEWOOD LN W, ROSEVILLE, MN, 55113",Match,Non_Exact,"1666 RIDGEWOOD LN N, ROSEVILLE, MN, 55113","-93.169538338862,45.00207048235",97640879.0,L,27.0,123.0,41301.0,1018.0
945,"1410 LARPENTEUR AVE W, FALCON HEIGHTS, MN, 55113",Match,Exact,"1410 LARPENTEUR AVE W, FALCON HEIGHTS, MN, 55113","-93.159541537364,44.991759823238",97641061.0,L,27.0,123.0,41900.0,2001.0
704,"1619 MCLEAN AVE, ST PAUL, MN, 55106",Match,Exact,"1619 MCLEAN AVE, SAINT PAUL, MN, 55106","-93.032113303591,44.950511280991",97654896.0,L,27.0,123.0,34701.0,2010.0
825,"1426 IDAHO AVE W, FALCON HEIGHTS, MN, 55108",Match,Non_Exact,"1426 W IDAHO AVE, FALCON HEIGHTS, MN, 55108","-93.160287515826,44.989950894014",97641063.0,L,27.0,123.0,41900.0,2008.0
946,"2128 ARLINGTON AVE E, ST PAUL, MN, 55119",Match,Exact,"2128 ARLINGTON AVE E, SAINT PAUL, MN, 55119","-93.011886025581,44.98468546808",97653246.0,R,27.0,123.0,30702.0,1009.0
705,"2370 SOUTH AVE E, NORTH ST PAUL, MN, 55109",No_Match,,,,,,,,,
826,"1387 SIMPSON ST, ST PAUL, MN, 55108",Match,Exact,"1387 SIMPSON ST, SAINT PAUL, MN, 55108","-93.163185017894,44.983110687524",97641092.0,L,27.0,123.0,30201.0,4005.0
947,"767 IOWA AVE W, ST PAUL, MN, 55117",Match,Exact,"767 IOWA AVE W, SAINT PAUL, MN, 55117","-93.132649985136,44.989198176749",97641961.0,R,27.0,123.0,30300.0,1012.0
706,"1756 HOLTON ST, FALCON HEIGHTS, MN, 55113",Match,Exact,"1756 HOLTON ST, FALCON HEIGHTS, MN, 55113","-93.160333259871,44.993684874975",97640966.0,R,27.0,123.0,41900.0,1012.0
827,"2825 WOODALE DR, MOUNDS VIEW, MN, 55112",Match,Exact,"2825 WOODALE DR, MOUNDS VIEW, MN, 55112","-93.21983101832,45.097534660755",97633652.0,R,27.0,123.0,41002.0,1007.0
948,"2158 5TH ST E, ST PAUL, MN, 55119",Match,Non_Exact,"2158 E 5TH ST, SAINT PAUL, MN, 55119","-93.009458095501,44.959396463989",97653734.0,R,27.0,123.0,34702.0,4006.0
707,"1600 MERRILL ST, ST PAUL, MN, 55108",Tie,,,,,,,,,
828,"2012 REANEY AVE, ST PAUL, MN, 55119",Match,Exact,"2012 REANEY AVE, SAINT PAUL, MN, 55119","-93.015420524325,44.963930975052",97653516.0,R,27.0,123.0,31802.0,3017.0
949,"8460 FAIRCHILD AVE, MOUNDS VIEW, MN, 55112",Match,Exact,"8460 FAIRCHILD AVE, MOUNDS VIEW, MN, 55112","-93.219472923915,45.123185186453",656768267.0,L,27.0,123.0,41001.0,2001.0
708,"1940 KENWOOD DR W, MAPLEWOOD, MN, 55117",Match,Non_Exact,"1940 W KENWOOD DR, MAPLEWOOD, MN, 55117","-93.069826955137,44.999216018455",97649972.0,R,27.0,123.0,42202.0,1017.0
829,"2067 MOHAWK AVE, ST PAUL, MN, 55119",Match,Exact,"2067 MOHAWK AVE, SAINT PAUL, MN, 55119","-93.014330980025,44.967328316365",97653580.0,L,27.0,123.0,31802.0,3010.0
709,"1406 PASCAL ST N, ST PAUL, MN, 55108",Match,Exact,"1406 PASCAL ST N, SAINT PAUL, MN, 55108","-93.161736572403,44.983661747559",97641094.0,R,27.0,123.0,30201.0,4003.0
950,"7375 KNOLLWOOD DR, MOUNDS VIEW, MN, 55112",Match,Exact,"7375 KNOLLWOOD DR, MOUNDS VIEW, MN, 55112","-93.222193678086,45.101914262354",97633636.0,R,27.0,123.0,41002.0,1006.0
830,"1713 ST MARYS ST, FALCON HEIGHTS, MN, 55113",Match,Exact,"1713 ST MARY'S ST, FALCON HEIGHTS, MN, 55113","-93.168938361233,44.993649035295",97640907.0,L,27.0,123.0,41900.0,3006.0
951,"1295 INGERSON RD, ARDEN HILLS, MN, 55112",Match,Exact,"1295 INGERSON RD, ARDEN HILLS, MN, 55112","-93.154903034648,45.040630285517",654398546.0,R,27.0,123.0,40804.0,2012.0
710,"1955 STILLWATER AVE, ST PAUL, MN, 55119",Match,Exact,"1955 STILLWATER AVE, SAINT PAUL, MN, 55119","-93.017894377407,44.968594664467",97653569.0,L,27.0,123.0,31802.0,1013.0
831,"1487 SIMPSON ST, ST PAUL, MN, 55108",Match,Exact,"1487 SIMPSON ST, SAINT PAUL, MN, 55108","-93.163160013117,44.985960444144",97641056.0,L,27.0,123.0,30201.0,2010.0
952,"942 EDITH ST N, MAPLEWOOD, MN, 55119",Match,Non_Exact,"942 EDITH ST, MAPLEWOOD, MN, 55119","-92.992312915531,44.969839532531",97653943.0,R,27.0,123.0,42501.0,4007.0
711,"1328 HIGHLAND PKWY, ST PAUL, MN, 55116",Match,Non_Exact,"1328 W HIGHLAND PKWY, SAINT PAUL, MN, 55116","-93.155908535247,44.919660446979",97646948.0,L,27.0,123.0,36600.0,1009.0
832,"1846 COUNTY ROAD E E, WHITE BEAR LAKE, MN, 55110",Match,Exact,"1846 CO RD E E, WHITE BEAR LAKE, MN, 55110","-93.022434023753,45.050199683522",656768212.0,R,27.0,123.0,40402.0,1003.0
953,"938 STERLING ST N, MAPLEWOOD, MN, 55119",Match,Exact,"938 STERLING ST N, MAPLEWOOD, MN, 55119","-92.994836399176,44.970208582274",97653938.0,R,27.0,123.0,42501.0,4005.0
712,"1280 HILLCREST AVE, ST PAUL, MN, 55116",Match,Non_Exact,"1280 W HILLCREST AVE, SAINT PAUL, MN, 55116","-93.155007722996,44.916926364059",97646954.0,L,27.0,123.0,36600.0,1019.0
833,"767 NEBRASKA AVE W, ST PAUL, MN, 55117",Match,Non_Exact,"767 W NEBRASKA AVE, SAINT PAUL, MN, 55117","-93.132271231504,44.986476732874",97641969.0,R,27.0,123.0,30300.0,1031.0
954,"1854 SAUNDERS AVE, ST PAUL, MN, 55116",Match,Non_Exact,"1854 W SAUNDERS AVE, SAINT PAUL, MN, 55116","-93.178743584671,44.914277949076",97646055.0,L,27.0,123.0,37500.0,3008.0
713,"1481 IOWA AVE W, FALCON HEIGHTS, MN, 55108",Match,Non_Exact,"1481 W IOWA AVE, FALCON HEIGHTS, MN, 55108","-93.162541332633,44.989144663737",97641049.0,R,27.0,123.0,41900.0,2007.0
834,"8388 GROVELAND RD, MOUNDS VIEW, MN, 55112",Match,Exact,"8388 GROVELAND RD, MOUNDS VIEW, MN, 55112","-93.221392773892,45.121199877784",97633330.0,L,27.0,123.0,41001.0,2002.0
955,"8032 SUNNYSIDE RD, MOUNDS VIEW, MN, 55112",Match,Exact,"8032 SUNNYSIDE RD, MOUNDS VIEW, MN, 55112","-93.215292586365,45.113965609536",97633382.0,L,27.0,123.0,41001.0,1007.0
714,"1665 DEMONT AVE E, MAPLEWOOD, MN, 55109",Match,Exact,"1665 DEMONT AVE E, MAPLEWOOD, MN, 55109","-93.030381005841,45.017287587295",97662448.0,L,27.0,123.0,42401.0,1005.0
835,"8127 GROVELAND RD, MOUNDS VIEW, MN, 55112",Match,Exact,"8127 GROVELAND RD, MOUNDS VIEW, MN, 55112","-93.221121855439,45.115419484798",97633347.0,R,27.0,123.0,41001.0,2008.0
956,"1477 HAMLINE AVE N, ST PAUL, MN, 55108",Match,Exact,"1477 HAMLINE AVE N, SAINT PAUL, MN, 55108","-93.156740969484,44.985724119526",97641750.0,L,27.0,123.0,30201.0,2015.0
715,"927 JORDAN AVE, ST PAUL, MN, 55119",Match,Non_Exact,"927 N JORDAN AVE, SAINT PAUL, MN, 55119","-93.018088672953,44.969338738241",97653408.0,L,27.0,123.0,31802.0,1011.0
836,"1759 WHITE BEAR AVE N, MAPLEWOOD, MN, 55109",Match,Exact,"1759 WHITE BEAR AVE N, MAPLEWOOD, MN, 55109","-93.025299249668,44.994319485837",97652980.0,L,27.0,123.0,42402.0,1014.0
957,"754 PARKVIEW AVE, ST PAUL, MN, 55117",Match,Non_Exact,"754 W PARKVIEW AVE, SAINT PAUL, MN, 55117","-93.131843854128,44.983638286546",97641984.0,L,27.0,123.0,30300.0,2004.0
716,"1590 FERNWOOD ST, ST PAUL, MN, 55108",Tie,,,,,,,,,
837,"1540 CRAWFORD AVE, FALCON HEIGHTS, MN, 55113",Match,Exact,"1540 CRAWFORD AVE, FALCON HEIGHTS, MN, 55113","-93.164570764492,44.992774843352",97640927.0,L,27.0,123.0,41900.0,3020.0
958,"1714 SANDHURST AVE E, MAPLEWOOD, MN, 55109",Match,Exact,"1714 SANDHURST AVE E, MAPLEWOOD, MN, 55109","-93.029320567868,45.007278690264",97652158.0,R,27.0,123.0,42402.0,2016.0
717,"2011 SNELLING AVE N, ROSEVILLE, MN, 55113",Match,Non_Exact,"2011 SNELLING DR, ROSEVILLE, MN, 55113","-93.166898329401,45.001765508361",97640881.0,L,27.0,123.0,41301.0,1013.0
838,"0 SILVER LAKE RD NW, MOUNDS VIEW, MN, 55112",No_Match,,,,,,,,,
959,"1357 SIMPSON ST, ST PAUL, MN, 55108",Match,Exact,"1357 SIMPSON ST, SAINT PAUL, MN, 55108","-93.163196237522,44.982354758659",619253152.0,L,27.0,123.0,30201.0,4015.0
718,"867 JORDAN AVE, ST PAUL, MN, 55119",Match,Non_Exact,"867 N JORDAN AVE, SAINT PAUL, MN, 55119","-93.017653266465,44.967942569185",97653417.0,R,27.0,123.0,31802.0,3005.0
839,"1558 ALBERT ST N, ST PAUL, MN, 55108",Match,Non_Exact,"1558 N ALBERT ST, SAINT PAUL, MN, 55108","-93.15913296611,44.987447396302",97641081.0,R,27.0,123.0,30201.0,2002.0
719,"1676 ELEANOR AVE, ST PAUL, MN, 55116",Match,Non_Exact,"1676 W ELEANOR AVE, SAINT PAUL, MN, 55116","-93.171500754505,44.920595358633",97646025.0,L,27.0,123.0,36400.0,2015.0
960,"7950 RED OAK DR, MOUNDS VIEW, MN, 55112",Match,Exact,"7950 RED OAK DR, MOUNDS VIEW, MN, 55112","-93.217326863265,45.113358282668",97633360.0,L,27.0,123.0,41001.0,2011.0
840,"1911 MINNEHAHA AVE E, ST PAUL, MN, 55119",Match,Exact,"1911 MINNEHAHA AVE E, SAINT PAUL, MN, 55119","-93.019716818454,44.96313128745",97653519.0,L,27.0,123.0,31802.0,3018.0
961,"1441 PASCAL ST N, ST PAUL, MN, 55108",Match,Exact,"1441 PASCAL ST N, SAINT PAUL, MN, 55108","-93.161884854688,44.984632944024",97641110.0,L,27.0,123.0,30201.0,2011.0
720,"701 ROSELAWN AVE E, MAPLEWOOD, MN, 55117",Match,Non_Exact,"701 E ROSELAWN AVE, MAPLEWOOD, MN, 55117","-93.07113057386,44.999212845641",97649973.0,L,27.0,123.0,42202.0,1011.0
841,"1443 IOWA AVE W, FALCON HEIGHTS, MN, 55108",Match,Non_Exact,"1443 W IOWA AVE, FALCON HEIGHTS, MN, 55108","-93.160941989714,44.989158730469",97641064.0,R,27.0,123.0,41900.0,2008.0
962,"1913 WHITE BEAR AVE N, MAPLEWOOD, MN, 55109",Match,Exact,"1913 WHITE BEAR AVE N, MAPLEWOOD, MN, 55109","-93.025292841066,44.998734242735",636241388.0,L,27.0,123.0,42402.0,1014.0
600,"1744 ARONA ST, FALCON HEIGHTS, MN, 55113",Match,Non_Exact,"1744 N ARONA ST, FALCON HEIGHTS, MN, 55113","-93.164147405351,44.993888869576",97640953.0,R,27.0,123.0,41900.0,1009.0
721,"2141 2ND ST N, NORTH ST PAUL, MN, 55109",Match,Exact,"2141 2ND ST N, NORTH ST PAUL, MN, 55109","-92.999984857046,45.006423688357",97652743.0,L,27.0,123.0,42700.0,5001.0
842,"8398 GROVELAND RD, MOUNDS VIEW, MN, 55112",Match,Exact,"8398 GROVELAND RD, MOUNDS VIEW, MN, 55112","-93.221397215442,45.12151961624",97662861.0,L,27.0,123.0,41001.0,2002.0
963,"1491 HAMLINE AVE N, ST PAUL, MN, 55108",Match,Exact,"1491 HAMLINE AVE N, SAINT PAUL, MN, 55108","-93.156733849995,44.98613094435",97641750.0,L,27.0,123.0,30201.0,2015.0
601,"2274 SOUTH AVE E, NORTH ST PAUL, MN, 55109",Match,Non_Exact,"2274 SOUTH AVE, NORTH ST PAUL, MN, 55109","-93.005641206122,45.00636733852",97652339.0,R,27.0,123.0,42700.0,4008.0
722,"1633 JUNO AVE, ST PAUL, MN, 55116",Match,Non_Exact,"1633 W JUNO AVE, SAINT PAUL, MN, 55116","-93.16938675412,44.926149650129",97646154.0,R,27.0,123.0,36400.0,2000.0
843,"1453 LARPENTEUR AVE W, FALCON HEIGHTS, MN, 55113",Match,Exact,"1453 LARPENTEUR AVE W, FALCON HEIGHTS, MN, 55113","-93.161299643638,44.991862104488",97641058.0,R,27.0,123.0,41900.0,1011.0
964,"2050 NOKOMIS AVE, ST PAUL, MN, 55119",Match,Exact,"2050 NOKOMIS AVE, SAINT PAUL, MN, 55119","-93.014364763965,44.96642686983",97653599.0,R,27.0,123.0,31802.0,3011.0
602,"2030 NORTONIA AVE, ST PAUL, MN, 55119",Match,Exact,"2030 NORTONIA AVE, SAINT PAUL, MN, 55119","-93.014874664991,44.965517038576",97653665.0,R,27.0,123.0,31802.0,2014.0
723,"2235 HENDRY PL N, MAPLEWOOD, MN, 55117",Match,Non_Exact,"2235 HENDRY PL, MAPLEWOOD, MN, 55117","-93.078713618163,45.008333290015",97649451.0,L,27.0,123.0,42202.0,5004.0
844,"87 MID OAKS LN, ROSEVILLE, MN, 55113",Match,Exact,"87 MID OAKS LN, ROSEVILLE, MN, 55113","-93.170548127164,45.000286174052",97640869.0,R,27.0,123.0,41301.0,1015.0
965,"1941 NORTONIA AVE, ST PAUL, MN, 55119",Match,Exact,"1941 NORTONIA AVE, SAINT PAUL, MN, 55119","-93.018782985332,44.964475492336",97653515.0,L,27.0,123.0,31802.0,3013.0
603,"2096 MCKNIGHT RD N, NORTH ST PAUL, MN, 55109",Match,Exact,"2096 MCKNIGHT RD N, NORTH ST PAUL, MN, 55109","-93.004898380492,45.00494100875",97652342.0,R,27.0,123.0,42700.0,5003.0
724,"2064 MCKNIGHT RD N, NORTH ST PAUL, MN, 55109",Match,Exact,"2064 MCKNIGHT RD N, NORTH ST PAUL, MN, 55109","-93.004895593915,45.004255487519",97652342.0,R,27.0,123.0,42700.0,5003.0
845,"924 IROQUOIS AVE, ST PAUL, MN, 55119",Match,Exact,"924 IROQUOIS AVE, SAINT PAUL, MN, 55119","-93.016270057568,44.969451860106",97653562.0,R,27.0,123.0,31802.0,1014.0
966,"1912 FLANDRAU ST N, MAPLEWOOD, MN, 55109",Match,Exact,"1912 FLANDRAU ST N, MAPLEWOOD, MN, 55109","-93.027745798019,44.99871158697",97652965.0,R,27.0,123.0,42402.0,1014.0
604,"911 PARKER AVE, ROSEVILLE, MN, 55113",Match,Exact,"911 PARKER AVE, ROSEVILLE, MN, 55113","-93.1384225449,45.004121183074",616281989.0,R,27.0,123.0,41700.0,3000.0
725,"927 PARKER AVE, ROSEVILLE, MN, 55113",Match,Exact,"927 PARKER AVE, ROSEVILLE, MN, 55113","-93.139083951034,45.004130699756",616281989.0,R,27.0,123.0,41700.0,3000.0
846,"2187 FLORAL DR, WHITE BEAR LAKE, MN, 55110",Match,Exact,"2187 FLORAL DR, WHITE BEAR LAKE, MN, 55110","-93.008493663379,45.065766615016",97637229.0,L,27.0,123.0,40301.0,2015.0
967,"777 HOYT AVE W, ST PAUL, MN, 55117",Match,Exact,"777 HOYT AVE W, SAINT PAUL, MN, 55117","-93.132897141681,44.988300144704",97641965.0,R,27.0,123.0,30300.0,1017.0
605,"2222 FLORAL DR, WHITE BEAR LAKE, MN, 55110",Match,Exact,"2222 FLORAL DR, WHITE BEAR LAKE, MN, 55110","-93.007009958559,45.065644121253",97637229.0,R,27.0,123.0,40301.0,2016.0
726,"1583 MERRILL ST, ST PAUL, MN, 55108",Tie,,,,,,,,,
847,"1812 FLANDRAU ST N, MAPLEWOOD, MN, 55109",Match,Exact,"1812 FLANDRAU ST N, MAPLEWOOD, MN, 55109","-93.027748499231,44.996564358067",97652965.0,R,27.0,123.0,42402.0,1014.0
968,"958 EVAR ST N, MAPLEWOOD, MN, 55119",Match,Non_Exact,"958 EVAR ST, MAPLEWOOD, MN, 55119","-92.993570112123,44.969861331217",97653941.0,R,27.0,123.0,42501.0,4008.0
606,"763 ROSELAWN AVE E, MAPLEWOOD, MN, 55117",Match,Non_Exact,"763 E ROSELAWN AVE, MAPLEWOOD, MN, 55117","-93.068443511046,44.999232456154",97649975.0,L,27.0,123.0,42202.0,1017.0
727,"1543 ASBURY ST, ST PAUL, MN, 55108",Match,Non_Exact,"1543 N ASBURY ST, SAINT PAUL, MN, 55108","-93.165692037302,44.987131972871",97641000.0,L,27.0,123.0,30201.0,2008.0
848,"1899 FLANDRAU ST N, MAPLEWOOD, MN, 55109",Match,Exact,"1899 FLANDRAU ST N, MAPLEWOOD, MN, 55109","-93.027908160975,44.998450093591",97652965.0,L,27.0,123.0,42402.0,1013.0
969,"1892 SIMPSON ST, FALCON HEIGHTS, MN, 55113",Match,Exact,"1892 SIMPSON ST, FALCON HEIGHTS, MN, 55113","-93.162873585327,44.998081507611",97640939.0,R,27.0,123.0,41900.0,1004.0
607,"1501 ASBURY ST, ST PAUL, MN, 55108",Match,Non_Exact,"1501 N ASBURY ST, SAINT PAUL, MN, 55108","-93.165701069452,44.986405795962",97641000.0,L,27.0,123.0,30201.0,2008.0
728,"1530 EDGCUMBE RD, ST PAUL, MN, 55116",Match,Exact,"1530 EDGCUMBE RD, SAINT PAUL, MN, 55116","-93.151157417671,44.918408832187",97647024.0,L,27.0,123.0,36600.0,5002.0
849,"1464 IDAHO AVE W, FALCON HEIGHTS, MN, 55108",Match,Non_Exact,"1464 W IDAHO AVE, FALCON HEIGHTS, MN, 55108","-93.161887001074,44.989934555764",97641047.0,L,27.0,123.0,41900.0,2007.0
608,"1605 HARTFORD AVE, ST PAUL, MN, 55116",Match,Non_Exact,"1605 W HARTFORD AVE, SAINT PAUL, MN, 55116","-93.168093722074,44.923421847395",97646173.0,R,27.0,123.0,36400.0,2008.0
729,"1488 CRAWFORD AVE, FALCON HEIGHTS, MN, 55113",Match,Exact,"1488 CRAWFORD AVE, FALCON HEIGHTS, MN, 55113","-93.163045974794,44.992788127951",97640959.0,L,27.0,123.0,41900.0,1010.0
609,"1614 JUNO AVE, ST PAUL, MN, 55116",Match,Non_Exact,"1614 W JUNO AVE, SAINT PAUL, MN, 55116","-93.169076454929,44.926033960827",97646154.0,L,27.0,123.0,36400.0,2004.0
970,"2168 5TH ST E, ST PAUL, MN, 55119",Match,Non_Exact,"2168 E 5TH ST, SAINT PAUL, MN, 55119","-93.009004622574,44.959394844411",97653734.0,R,27.0,123.0,34702.0,4006.0
850,"1883 WHITE BEAR AVE N, MAPLEWOOD, MN, 55109",Match,Exact,"1883 WHITE BEAR AVE N, MAPLEWOOD, MN, 55109","-93.025294000327,44.997848180761",636241388.0,L,27.0,123.0,42402.0,1014.0
971,"2825 SHERWOOD RD, MOUNDS VIEW, MN, 55112",Match,Exact,"2825 SHERWOOD RD, MOUNDS VIEW, MN, 55112","-93.219775408739,45.115165257654",97633348.0,R,27.0,123.0,41001.0,2008.0
730,"1871 HIGHLAND PKWY, ST PAUL, MN, 55116",Match,Non_Exact,"1871 W HIGHLAND PKWY, SAINT PAUL, MN, 55116","-93.179417519685,44.919828748722",97645957.0,R,27.0,123.0,36300.0,4010.0
851,"776 LAKEVIEW AVE, ST PAUL, MN, 55117",Match,Non_Exact,"776 W LAKEVIEW AVE, SAINT PAUL, MN, 55117","-93.133129809257,44.981849568564",97641994.0,L,27.0,123.0,30300.0,2008.0
972,"1511 ARONA ST, ST PAUL, MN, 55108",Match,Non_Exact,"1511 N ARONA ST, SAINT PAUL, MN, 55108","-93.164428771099,44.98658789502",97641050.0,L,27.0,123.0,30201.0,2007.0
610,"1899 STILLWATER AVE, ST PAUL, MN, 55119",Match,Exact,"1899 STILLWATER AVE, SAINT PAUL, MN, 55119","-93.020315393969,44.967784574783",97653409.0,L,27.0,123.0,31801.0,4007.0
731,"0 PRIOR AVE N, ROSEVILLE, MN, 55113",No_Match,,,,,,,,,
852,"415 WAGNER ST, ROSEVILLE, MN, 55113",Match,Non_Exact,"415 WAGNER AVE, ROSEVILLE, MN, 55113","-93.117891118485,44.995463483757",616282192.0,R,27.0,123.0,41602.0,3000.0
973,"1617 SOUTH RIDGEWOOD LN W, ROSEVILLE, MN, 55113",Match,Non_Exact,"1617 RIDGEWOOD LN S, ROSEVILLE, MN, 55113","-93.169040118177,45.00127271512",97640888.0,R,27.0,123.0,41301.0,1018.0
611,"3038 WEST OWASSO BLVD, ROSEVILLE, MN, 55113",Match,Exact,"3038 W OWASSO BLVD, ROSEVILLE, MN, 55113","-93.131316799903,45.032338565478",97666804.0,R,27.0,123.0,41500.0,4001.0
732,"1127 INGERSON RD, ARDEN HILLS, MN, 55112",Match,Exact,"1127 INGERSON RD, ARDEN HILLS, MN, 55112","-93.148037600364,45.040848438054",97640318.0,R,27.0,123.0,40804.0,2018.0
853,"7434 KNOLLWOOD DR, MOUNDS VIEW, MN, 55112",Match,Exact,"7434 KNOLLWOOD DR, MOUNDS VIEW, MN, 55112","-93.22237977165,45.102979558327",97633636.0,L,27.0,123.0,41002.0,1005.0
974,"7879 SPRING LAKE RD, MOUNDS VIEW, MN, 55112",Match,Exact,"7879 SPRING LAKE RD, MOUNDS VIEW, MN, 55112","-93.224790171379,45.110994428923",649428313.0,R,27.0,123.0,41001.0,2017.0
612,"721 MOUNT VERNON AVE E, MAPLEWOOD, MN, 55117",Match,Non_Exact,"721 MT VERNON AVE, MAPLEWOOD, MN, 55117","-93.070903681791,45.000823285487",97649971.0,L,27.0,123.0,42202.0,1012.0
733,"1060 HOYT AVE W, ST PAUL, MN, 55117",Match,Exact,"1060 HOYT AVE W, SAINT PAUL, MN, 55117","-93.145038730627,44.988267729782",97641814.0,L,27.0,123.0,30300.0,4016.0
854,"596 MOUNT CURVE BLVD, ST PAUL, MN, 55116",Match,Non_Exact,"596 S MOUNT CURVE BLVD, SAINT PAUL, MN, 55116","-93.194939657876,44.923493452958",97639519.0,L,27.0,123.0,43001.0,3001.0
975,"1576 SNELLING DR, FALCON HEIGHTS, MN, 55108",Match,Non_Exact,"1576 N SNELLING DR, FALCON HEIGHTS, MN, 55108","-93.166262448418,44.990236045812",652844815.0,R,27.0,123.0,41900.0,2003.0
613,"1972 SNELLING AVE N, ROSEVILLE, MN, 55113",Match,Non_Exact,"1972 N SNELLING DR, ROSEVILLE, MN, 55113","-93.166186662065,45.000165106861",97640897.0,R,27.0,123.0,41800.0,2013.0
734,"2254 FLORAL DR, WHITE BEAR LAKE, MN, 55110",Match,Exact,"2254 FLORAL DR, WHITE BEAR LAKE, MN, 55110","-93.005690022785,45.065637093996",97637229.0,R,27.0,123.0,40301.0,2016.0
855,"1451 HAMLINE AVE N, ST PAUL, MN, 55108",Match,Exact,"1451 HAMLINE AVE N, SAINT PAUL, MN, 55108","-93.156754191393,44.984968587708",97641750.0,L,27.0,123.0,30201.0,2015.0
976,"1383 SIMPSON ST, ST PAUL, MN, 55108",Match,Exact,"1383 SIMPSON ST, SAINT PAUL, MN, 55108","-93.163186648122,44.983003093428",97641092.0,L,27.0,123.0,30201.0,4005.0
614,"480 MISSISSIPPI RIVER BLVD S, ST PAUL, MN, 55105",Match,Exact,"480 MISSISSIPPI RIVER BLVD S, SAINT PAUL, MN, 55105","-93.196680889965,44.927101624475",97666738.0,L,27.0,123.0,43001.0,5014.0
735,"683 SHRYER AVE W, ROSEVILLE, MN, 55113",Match,Exact,"683 SHRYER AVE W, ROSEVILLE, MN, 55113","-93.127547392129,45.001862600773",97643365.0,R,27.0,123.0,41700.0,4002.0
856,"1625 EDGCUMBE RD, ST PAUL, MN, 55116",Match,Exact,"1625 EDGCUMBE RD, SAINT PAUL, MN, 55116","-93.152957502986,44.915225032232",647898640.0,R,27.0,123.0,36600.0,1017.0
977,"3009 COUNTY ROAD H2, MOUNDS VIEW, MN, 55112",Match,Exact,"3009 CO RD H2, MOUNDS VIEW, MN, 55112","-93.225717469461,45.100527906432",617573938.0,R,27.0,123.0,41002.0,1004.0
615,"1403 IDAHO AVE W, FALCON HEIGHTS, MN, 55108",Match,Non_Exact,"1403 W IDAHO AVE, FALCON HEIGHTS, MN, 55108","-93.159334144315,44.990075586716",97641063.0,R,27.0,123.0,41900.0,2013.0
736,"1981 MINNEHAHA AVE E, ST PAUL, MN, 55119",Match,Exact,"1981 MINNEHAHA AVE E, SAINT PAUL, MN, 55119","-93.016738063824,44.963125706552",97653520.0,L,27.0,123.0,31802.0,3017.0
857,"1892 KENNARD ST N, MAPLEWOOD, MN, 55109",Match,Non_Exact,"1892 N KENNARD ST, MAPLEWOOD, MN, 55109","-93.030256288412,44.997973135237",97652962.0,R,27.0,123.0,42402.0,1013.0
978,"1598 FERNWOOD ST, ST PAUL, MN, 55108",Tie,,,,,,,,,
616,"467 WOODLAWN AVE, ST PAUL, MN, 55105",Match,Exact,"467 WOODLAWN AVE, SAINT PAUL, MN, 55105","-93.19518721593,44.927916313427",97639391.0,R,27.0,123.0,43001.0,5014.0
737,"1383 PAYNE AVE, ST PAUL, MN, 55130",Match,Exact,"1383 PAYNE AVE, SAINT PAUL, MN, 55130","-93.073686502761,44.982921791958",97650123.0,L,27.0,123.0,30602.0,3003.0
858,"2468 SILVER LAKE RD NW, NEW BRIGHTON, MN, 55112",Match,Exact,"2468 SILVER LAKE RD NW, NEW BRIGHTON, MN, 55112","-93.219018917122,45.091144030322",97633724.0,L,27.0,123.0,41105.0,5013.0
979,"545 MONTCALM PL, ST PAUL, MN, 55116",Match,Exact,"545 MONTCALM PL, SAINT PAUL, MN, 55116","-93.148525199098,44.925016519146",653424310.0,R,27.0,123.0,36600.0,5005.0
617,"1791 ALBERT ST N, FALCON HEIGHTS, MN, 55113",Match,Non_Exact,"1791 N ALBERT ST, FALCON HEIGHTS, MN, 55113","-93.159210283345,44.993469668799",97640969.0,L,27.0,123.0,41900.0,1012.0
738,"8071 WOODLAWN DR, MOUNDS VIEW, MN, 55112",Match,Exact,"8071 WOODLAWN DR, MOUNDS VIEW, MN, 55112","-93.206447376349,45.114755435455",97633425.0,R,27.0,123.0,40901.0,1005.0
859,"1908 FLANDRAU ST N, MAPLEWOOD, MN, 55109",Match,Exact,"1908 FLANDRAU ST N, MAPLEWOOD, MN, 55109","-93.027745906067,44.998625697814",97652965.0,R,27.0,123.0,42402.0,1014.0
618,"913 HOYT AVE W, ST PAUL, MN, 55117",Match,Exact,"913 HOYT AVE W, SAINT PAUL, MN, 55117","-93.138649467638,44.988343885111",97641944.0,R,27.0,123.0,30300.0,4012.0
739,"1663 HARTFORD AVE, ST PAUL, MN, 55116",Match,Non_Exact,"1663 W HARTFORD AVE, SAINT PAUL, MN, 55116","-93.17055810002,44.923435786044",97645999.0,R,27.0,123.0,36400.0,2007.0
619,"2185 GARDENETTE DR S, WHITE BEAR LAKE, MN, 55110",Match,Exact,"2185 GARDENETTE DR S, WHITE BEAR LAKE, MN, 55110","-93.008461666727,45.066754688554",97637242.0,L,27.0,123.0,40301.0,2013.0
980,"1703 ST MARYS ST, FALCON HEIGHTS, MN, 55113",Match,Exact,"1703 ST MARY'S ST, FALCON HEIGHTS, MN, 55113","-93.168940995438,44.993485276934",97640907.0,L,27.0,123.0,41900.0,3006.0
860,"1879 ARONA ST, FALCON HEIGHTS, MN, 55113",Match,Non_Exact,"1879 N ARONA ST, FALCON HEIGHTS, MN, 55113","-93.164301183668,44.997648334123",97640934.0,L,27.0,123.0,41900.0,3000.0
981,"7865 GREENWOOD DR, MOUNDS VIEW, MN, 55112",Match,Exact,"7865 GREENWOOD DR, MOUNDS VIEW, MN, 55112","-93.210996918935,45.110984654461",97633398.0,R,27.0,123.0,41001.0,1013.0
740,"0 ELDRIDGE AVE E, NORTH ST PAUL, MN, 55109",No_Match,,,,,,,,,
861,"1264 HOYT AVE W, ST PAUL, MN, 55108",Match,Exact,"1264 HOYT AVE W, SAINT PAUL, MN, 55108","-93.153128119197,44.988210992407",97641760.0,L,27.0,123.0,30202.0,3000.0
982,"1500 ALBERT ST N, ST PAUL, MN, 55108",Match,Non_Exact,"1500 N ALBERT ST, SAINT PAUL, MN, 55108","-93.159141487165,44.98634420052",97641083.0,R,27.0,123.0,30201.0,2014.0
620,"1729 FLORENCE ST, WHITE BEAR LAKE, MN, 55110",Match,Exact,"1729 FLORENCE ST, WHITE BEAR LAKE, MN, 55110","-93.028279974801,45.081091059915",97662155.0,R,27.0,123.0,40504.0,4020.0
741,"1072 SHERREN ST W, ROSEVILLE, MN, 55113",Match,Exact,"1072 SHERREN ST W, ROSEVILLE, MN, 55113","-93.145510509158,45.008860447255",97640733.0,L,27.0,123.0,41700.0,1005.0
862,"1715 FLANDRAU ST N, MAPLEWOOD, MN, 55109",Match,Exact,"1715 FLANDRAU ST N, MAPLEWOOD, MN, 55109","-93.027913161512,44.994475101549",97652965.0,L,27.0,123.0,42402.0,1013.0
983,"724 RIDGE ST, ST PAUL, MN, 55116",Match,Exact,"724 RIDGE ST, SAINT PAUL, MN, 55116","-93.152930873974,44.919224142245",97646964.0,L,27.0,123.0,36600.0,1011.0
500,"1637 NORTH RIDGEWOOD LN, ROSEVILLE, MN, 55113",Match,Non_Exact,"1637 RIDGEWOOD LN N, ROSEVILLE, MN, 55113","-93.169105240679,45.0021749466",97640879.0,R,27.0,123.0,41301.0,1013.0
621,"1412 FRANKSON AVE, ST PAUL, MN, 55108",Match,Exact,"1412 FRANKSON AVE, SAINT PAUL, MN, 55108","-93.15973033828,44.982367493024",647902758.0,L,27.0,123.0,30201.0,4012.0
742,"2202 NORTONIA AVE, ST PAUL, MN, 55119",Match,Exact,"2202 NORTONIA AVE, SAINT PAUL, MN, 55119","-93.010744362289,44.967827296828",97653634.0,R,27.0,123.0,31802.0,2003.0
863,"1418 BELMONT LN W, ROSEVILLE, MN, 55113",Match,Exact,"1418 BELMONT LN W, ROSEVILLE, MN, 55113","-93.159578613191,45.003497357563",97641631.0,L,27.0,123.0,41800.0,2006.0
984,"2016 BEACON ST, ROSEVILLE, MN, 55113",Match,Exact,"2016 BEACON ST, ROSEVILLE, MN, 55113","-93.175520036485,45.001518248306",97640803.0,R,27.0,123.0,41301.0,1024.0
501,"1080 HOYT AVE W, ST PAUL, MN, 55117",Match,Exact,"1080 HOYT AVE W, SAINT PAUL, MN, 55117","-93.145758725896,44.988273680206",97641814.0,L,27.0,123.0,30300.0,4016.0
622,"1613 NORTH RIDGEWOOD LN W, ROSEVILLE, MN, 55113",Match,Non_Exact,"1613 RIDGEWOOD LN N, ROSEVILLE, MN, 55113","-93.168765619394,45.002173292084",97640879.0,R,27.0,123.0,41301.0,1013.0
743,"1050 SHERREN ST W, ROSEVILLE, MN, 55113",Match,Exact,"1050 SHERREN ST W, ROSEVILLE, MN, 55113","-93.144770893956,45.008851728752",97640733.0,L,27.0,123.0,41700.0,1005.0
864,"702 SHRYER AVE W, ROSEVILLE, MN, 55113",Match,Exact,"702 SHRYER AVE W, ROSEVILLE, MN, 55113","-93.127988811149,45.00175483305",97643365.0,L,27.0,123.0,41700.0,4000.0
985,"1789 WHITE BEAR AVE N, MAPLEWOOD, MN, 55109",Match,Exact,"1789 WHITE BEAR AVE N, MAPLEWOOD, MN, 55109","-93.025298058052,44.995082052718",97652980.0,L,27.0,123.0,42402.0,1014.0
502,"1483 CHELSEA ST, ST PAUL, MN, 55108",Match,Non_Exact,"1483 N CHELSEA ST, SAINT PAUL, MN, 55108","-93.154123110616,44.986202102735",97641764.0,L,27.0,123.0,30201.0,2017.0
623,"1205 BAYARD AVE, ST PAUL, MN, 55116",Match,Non_Exact,"1205 W BAYARD AVE, SAINT PAUL, MN, 55116","-93.15144943563,44.922469302519",97646995.0,R,27.0,123.0,36600.0,2017.0
744,"2170 BURR ST N, MAPLEWOOD, MN, 55117",Match,Non_Exact,"2170 BURR ST, MAPLEWOOD, MN, 55117","-93.079917593667,45.006758634887",97649450.0,R,27.0,123.0,42202.0,5007.0
865,"1725 ST MARYS ST, FALCON HEIGHTS, MN, 55113",Match,Exact,"1725 ST MARY'S ST, FALCON HEIGHTS, MN, 55113","-93.168935200187,44.993845545328",97640907.0,L,27.0,123.0,41900.0,3006.0
986,"662 SHRYER AVE W, ROSEVILLE, MN, 55113",Match,Exact,"662 SHRYER AVE W, ROSEVILLE, MN, 55113","-93.127113086195,45.001741240804",97643365.0,L,27.0,123.0,41700.0,4000.0
503,"1459 HURON ST, ST PAUL, MN, 55108",Match,Non_Exact,"1459 N HURON ST, SAINT PAUL, MN, 55108","-93.155430458021,44.985695035751",97641763.0,L,27.0,123.0,30201.0,2016.0
624,"2037 SNELLING AVE N, ROSEVILLE, MN, 55113",Match,Non_Exact,"2037 SNELLING DR, ROSEVILLE, MN, 55113","-93.166913616152,45.002090898785",97640881.0,L,27.0,123.0,41301.0,1013.0
745,"499 WHEELOCK PKWY W, ST PAUL, MN, 55117",Match,Exact,"499 WHEELOCK PKWY W, SAINT PAUL, MN, 55117","-93.11987721634,44.981279290105",97643634.0,R,27.0,123.0,30400.0,3011.0
866,"1998 HAMLINE AVE N, ROSEVILLE, MN, 55113",Match,Exact,"1998 HAMLINE AVE N, ROSEVILLE, MN, 55113","-93.156503747086,45.001309895407",97641636.0,R,27.0,123.0,41800.0,3022.0
987,"2147 GARDENETTE DR S, WHITE BEAR LAKE, MN, 55110",Match,Exact,"2147 GARDENETTE DR S, WHITE BEAR LAKE, MN, 55110","-93.009371748649,45.066760786319",97637242.0,L,27.0,123.0,40301.0,2013.0
504,"3119 RICE ST, ROSEVILLE, MN, 55113",Match,Exact,"3119 RICE ST, ROSEVILLE, MN, 55113","-93.106292418292,45.035700378449",97643041.0,L,27.0,123.0,41601.0,1000.0
625,"466 HIGHWAY DR E, MAPLEWOOD, MN, 55117",Match,Exact,"466 HIGHWAY DR E, MAPLEWOOD, MN, 55117","-93.080523102323,45.009189573943",97674253.0,R,27.0,123.0,42202.0,5008.0
746,"554 MONTROSE LN, ST PAUL, MN, 55116",Match,Exact,"554 MONTROSE LN, SAINT PAUL, MN, 55116","-93.193509674375,44.925169875099",97639528.0,L,27.0,123.0,43001.0,3000.0
867,"1472 HURON ST, ST PAUL, MN, 55108",Match,Non_Exact,"1472 N HURON ST, SAINT PAUL, MN, 55108","-93.155265211398,44.985912147279",97641763.0,R,27.0,123.0,30201.0,2017.0
988,"870 PARKVIEW AVE, ST PAUL, MN, 55117",Match,Non_Exact,"870 W PARKVIEW AVE, SAINT PAUL, MN, 55117","-93.136874316961,44.983431221038",97641932.0,L,27.0,123.0,30300.0,4032.0
505,"1123 TRANSIT AVE, ROSEVILLE, MN, 55113",Match,Exact,"1123 TRANSIT AVE, ROSEVILLE, MN, 55113","-93.147399719671,45.01544400867",97640602.0,R,27.0,123.0,41400.0,2009.0
626,"1917 STILLWATER AVE, ST PAUL, MN, 55119",Match,Exact,"1917 STILLWATER AVE, SAINT PAUL, MN, 55119","-93.019442583276,44.96806411605",97653414.0,L,27.0,123.0,31802.0,1012.0
747,"7988 EDGEWOOD DR, MOUNDS VIEW, MN, 55112",Match,Exact,"7988 EDGEWOOD DR, MOUNDS VIEW, MN, 55112","-93.204031692647,45.113286715989",97633429.0,L,27.0,123.0,40901.0,1005.0
868,"1409 SIMPSON ST, ST PAUL, MN, 55108",Match,Exact,"1409 SIMPSON ST, SAINT PAUL, MN, 55108","-93.163176051639,44.983702455055",97641092.0,L,27.0,123.0,30201.0,4005.0
989,"2000 HAZELWOOD ST N, MAPLEWOOD, MN, 55109",Match,Non_Exact,"2000 HAZELWOOD ST, MAPLEWOOD, MN, 55109","-93.035386281537,45.001649571691",97671157.0,R,27.0,123.0,42402.0,1006.0
506,"808 MONTANA AVE E, ST PAUL, MN, 55106",Match,Exact,"808 MONTANA AVE E, SAINT PAUL, MN, 55106","-93.06726574329,44.987384235321",97650259.0,R,27.0,123.0,30602.0,5022.0
627,"595 CRETIN AVE S, ST PAUL, MN, 55116",Match,Non_Exact,"595 S CRETIN AVE, SAINT PAUL, MN, 55116","-93.192557698664,44.923575426354",97639538.0,R,27.0,123.0,43001.0,3000.0
748,"1434 BELMONT LN W, ROSEVILLE, MN, 55113",Match,Exact,"1434 BELMONT LN W, ROSEVILLE, MN, 55113","-93.159973155178,45.003492430214",97641631.0,L,27.0,123.0,41800.0,2006.0
869,"752 HOYT AVE W, ST PAUL, MN, 55117",Match,Exact,"752 HOYT AVE W, SAINT PAUL, MN, 55117","-93.132376288543,44.988181213929",97641965.0,L,27.0,123.0,30300.0,1020.0
507,"2238 FLORAL DR, WHITE BEAR LAKE, MN, 55110",Match,Exact,"2238 FLORAL DR, WHITE BEAR LAKE, MN, 55110","-93.006349990672,45.065640607625",97637229.0,R,27.0,123.0,40301.0,2016.0
628,"1915 NORTONIA AVE, ST PAUL, MN, 55119",Match,Exact,"1915 NORTONIA AVE, SAINT PAUL, MN, 55119","-93.01933126096,44.963759168679",97653518.0,L,27.0,123.0,31802.0,3018.0
749,"2222 BURR ST N, MAPLEWOOD, MN, 55117",Match,Non_Exact,"2222 BURR ST, MAPLEWOOD, MN, 55117","-93.079927109682,45.007809138616",97649445.0,R,27.0,123.0,42202.0,5004.0
508,"1985 MINNEHAHA AVE E, ST PAUL, MN, 55119",Match,Exact,"1985 MINNEHAHA AVE E, SAINT PAUL, MN, 55119","-93.016574561854,44.963125346405",97653520.0,L,27.0,123.0,31802.0,3017.0
629,"1544 ASBURY ST, ST PAUL, MN, 55108",Match,Non_Exact,"1544 N ASBURY ST, SAINT PAUL, MN, 55108","-93.1655343743,44.98678132411",97641000.0,R,27.0,123.0,30201.0,2007.0
509,"1829 BEECHWOOD AVE, ST PAUL, MN, 55116",Match,Exact,"1829 BEECHWOOD AVE, SAINT PAUL, MN, 55116","-93.177624243788,44.91530426796",97645967.0,R,27.0,123.0,37500.0,3000.0
990,"2009 WHEELER ST N, ROSEVILLE, MN, 55113",Match,Exact,"2009 WHEELER ST N, ROSEVILLE, MN, 55113","-93.174505863891,45.001464562368",97640812.0,L,27.0,123.0,41301.0,1024.0
870,"1741 HOLTON ST, FALCON HEIGHTS, MN, 55113",Match,Exact,"1741 HOLTON ST, FALCON HEIGHTS, MN, 55113","-93.160495293307,44.994345450249",97640966.0,L,27.0,123.0,41900.0,1011.0
991,"775 COTTAGE AVE W, ST PAUL, MN, 55117",Match,Exact,"775 COTTAGE AVE W, SAINT PAUL, MN, 55117","-93.130935774444,44.982793621324",97643453.0,R,27.0,123.0,30300.0,2005.0
750,"1959 MONTREAL AVE, ST PAUL, MN, 55116",Match,Non_Exact,"1959 W MONTREAL AVE, SAINT PAUL, MN, 55116","-93.182521204087,44.912583428773",97646041.0,R,27.0,123.0,37500.0,3011.0
871,"1607 BAYARD AVE, ST PAUL, MN, 55116",Match,Non_Exact,"1607 W BAYARD AVE, SAINT PAUL, MN, 55116","-93.16894083794,44.922521063007",97646160.0,R,27.0,123.0,36400.0,2009.0
992,"1726 FLANDRAU ST N, MAPLEWOOD, MN, 55109",Match,Exact,"1726 FLANDRAU ST N, MAPLEWOOD, MN, 55109","-93.027750822273,44.99471774121",97652965.0,R,27.0,123.0,42402.0,1014.0
630,"913 HOWELL ST S, ST PAUL, MN, 55116",Match,Non_Exact,"913 S HOWELL ST, SAINT PAUL, MN, 55116","-93.180966456017,44.914176745041",97646054.0,R,27.0,123.0,37500.0,3007.0
751,"3070 WOODBRIDGE ST, ROSEVILLE, MN, 55113",Match,Exact,"3070 WOODBRIDGE ST, ROSEVILLE, MN, 55113","-93.108197281097,45.033699794298",97642698.0,R,27.0,123.0,41601.0,1007.0
872,"1602 NORTH RIDGEWOOD LN W, ROSEVILLE, MN, 55113",Match,Non_Exact,"1602 RIDGEWOOD LN N, ROSEVILLE, MN, 55113","-93.168632025329,45.002049230245",97640879.0,L,27.0,123.0,41301.0,1018.0
993,"2112 SHERWOOD AVE, ST PAUL, MN, 55119",Match,Exact,"2112 SHERWOOD AVE, SAINT PAUL, MN, 55119","-93.013419529265,44.983776748599",97653280.0,R,27.0,123.0,30702.0,1007.0
510,"1765 ALBERT ST N, FALCON HEIGHTS, MN, 55113",Match,Non_Exact,"1765 N ALBERT ST, FALCON HEIGHTS, MN, 55113","-93.159209696609,44.993009617924",97640969.0,L,27.0,123.0,41900.0,1012.0
631,"0 7TH AVE E, NORTH ST PAUL, MN, 55109",No_Match,,,,,,,,,
752,"3574 SNELLING AVE N, ARDEN HILLS, MN, 55112",Match,Exact,"3574 SNELLING AVE N, ARDEN HILLS, MN, 55112","-93.162404205796,45.047662248883",97639859.0,R,27.0,123.0,40804.0,1003.0
873,"7876 SUNNYSIDE RD, MOUNDS VIEW, MN, 55112",Match,Exact,"7876 SUNNYSIDE RD, MOUNDS VIEW, MN, 55112","-93.215246987735,45.111006706159",97633394.0,L,27.0,123.0,41001.0,1008.0
994,"1993 BUSH AVE, ST PAUL, MN, 55119",Match,Exact,"1993 BUSH AVE, SAINT PAUL, MN, 55119","-93.015866194785,44.964812221947",97653655.0,L,27.0,123.0,31802.0,3015.0
511,"898 IOWA AVE W, ST PAUL, MN, 55117",Match,Exact,"898 IOWA AVE W, SAINT PAUL, MN, 55117","-93.138020098395,44.989118818031",97641890.0,L,27.0,123.0,30300.0,4012.0
632,"1382 SHELDON ST, ST PAUL, MN, 55108",Tie,,,,,,,,,
753,"1970 BOHLAND AVE, ST PAUL, MN, 55116",Match,Exact,"1970 BOHLAND AVE, SAINT PAUL, MN, 55116","-93.184013953399,44.916105009986",97639633.0,L,27.0,123.0,37500.0,3002.0
874,"1810 SNELLING AVE N, FALCON HEIGHTS, MN, 55108",Match,Non_Exact,"1810 SNELLING AVE N, FALCON HEIGHTS, MN, 55113","-93.166439758374,44.992339631469",97674175.0,R,27.0,123.0,41900.0,3020.0
995,"975 COUNTY ROAD C2 W, ROSEVILLE, MN, 55113",Match,Exact,"975 CO RD C2 W, ROSEVILLE, MN, 55113","-93.141491027655,45.027938802138",97671369.0,R,27.0,123.0,41500.0,2014.0
512,"782 IOWA AVE W, ST PAUL, MN, 55117",Match,Exact,"782 IOWA AVE W, SAINT PAUL, MN, 55117","-93.13297955718,44.989086312523",97641961.0,L,27.0,123.0,30300.0,1017.0
633,"758 COTTAGE AVE W, ST PAUL, MN, 55117",Match,Exact,"758 COTTAGE AVE W, SAINT PAUL, MN, 55117","-93.130740598826,44.982677639936",97643453.0,L,27.0,123.0,30300.0,2010.0
754,"1728 SIMPSON ST, FALCON HEIGHTS, MN, 55113",Match,Exact,"1728 SIMPSON ST, FALCON HEIGHTS, MN, 55113","-93.162883542527,44.993536179363",97640956.0,R,27.0,123.0,41900.0,1008.0
875,"3590 SNELLING AVE N, ARDEN HILLS, MN, 55112",Match,Exact,"3590 SNELLING AVE N, ARDEN HILLS, MN, 55112","-93.162428055478,45.047712116424",97639859.0,R,27.0,123.0,40804.0,1003.0
996,"1365 HAMLINE AVE N, ST PAUL, MN, 55108",Match,Exact,"1365 HAMLINE AVE N, SAINT PAUL, MN, 55108","-93.156799461738,44.98244766721",97641768.0,L,27.0,123.0,30201.0,4000.0
513,"1655 HARTFORD AVE, ST PAUL, MN, 55116",Match,Non_Exact,"1655 W HARTFORD AVE, SAINT PAUL, MN, 55116","-93.170230353689,44.9234346238",97645999.0,R,27.0,123.0,36400.0,2007.0
634,"1846 BOHLAND AVE, ST PAUL, MN, 55116",Match,Exact,"1846 BOHLAND AVE, SAINT PAUL, MN, 55116","-93.178396308932,44.916093640291",97645966.0,L,27.0,123.0,37500.0,3000.0
755,"1811 PASCAL ST N, FALCON HEIGHTS, MN, 55113",Match,Non_Exact,"1811 N PASCAL ST, FALCON HEIGHTS, MN, 55113","-93.161777797864,44.995636143358",97640961.0,L,27.0,123.0,41900.0,1007.0
876,"7344 SILVER LAKE RD, MOUNDS VIEW, MN, 55112",No_Match,,,,,,,,,
997,"3437 GLENARDEN RD, ARDEN HILLS, MN, 55112",Match,Exact,"3437 GLENARDEN RD, ARDEN HILLS, MN, 55112","-93.158528978141,45.044516247456",97662208.0,L,27.0,123.0,40804.0,1001.0
514,"1618 WATSON AVE, ST PAUL, MN, 55116",Match,Non_Exact,"1618 W WATSON AVE, SAINT PAUL, MN, 55116","-93.169149844194,44.924223700848",97646158.0,L,27.0,123.0,36400.0,2008.0
635,"1727 HIGHWAY 96, WHITE BEAR LAKE, MN, 55110",Match,Exact,"1727 CO RD 96, WHITE BEAR LAKE, MN, 55110","-93.02787466692,45.079348271047",638347969.0,L,27.0,123.0,40504.0,4021.0
756,"907 HOYT AVE W, ST PAUL, MN, 55117",Match,Exact,"907 HOYT AVE W, SAINT PAUL, MN, 55117","-93.138384753046,44.988342797969",97641944.0,R,27.0,123.0,30300.0,4012.0
877,"1685 WHITE BEAR AVE N, MAPLEWOOD, MN, 55109",Match,Exact,"1685 WHITE BEAR AVE N, MAPLEWOOD, MN, 55109","-93.025297861227,44.992375068567",97652981.0,L,27.0,123.0,42402.0,1014.0
998,"2173 NORTONIA AVE, ST PAUL, MN, 55119",Match,Exact,"2173 NORTONIA AVE, SAINT PAUL, MN, 55119","-93.010933765548,44.967810685474",97653634.0,L,27.0,123.0,31802.0,3000.0
515,"1755 ARONA ST, FALCON HEIGHTS, MN, 55113",Match,Non_Exact,"1755 N ARONA ST, FALCON HEIGHTS, MN, 55113","-93.164309043636,44.994115068588",97640953.0,L,27.0,123.0,41900.0,3019.0
636,"1919 NORTONIA AVE, ST PAUL, MN, 55119",Match,Exact,"1919 NORTONIA AVE, SAINT PAUL, MN, 55119","-93.019262669534,44.963939085732",97653518.0,L,27.0,123.0,31802.0,3018.0
757,"1882 ROME AVE, ST PAUL, MN, 55116",Match,Non_Exact,"1882 W ROME AVE, SAINT PAUL, MN, 55116","-93.180083811699,44.913378605076",97646057.0,L,27.0,123.0,37500.0,3010.0
878,"2152 MOHAWK AVE, ST PAUL, MN, 55119",Match,Exact,"2152 MOHAWK AVE, SAINT PAUL, MN, 55119","-93.012458068258,44.96894630521",97653602.0,R,27.0,123.0,31802.0,3001.0
999,"7060 KNOLLWOOD DR, MOUNDS VIEW, MN, 55112",Match,Exact,"7060 KNOLLWOOD DR, MOUNDS VIEW, MN, 55112","-93.222242599506,45.09643327252",97633651.0,L,27.0,123.0,41002.0,1010.0
516,"1349 SCHLETTI ST, ST PAUL, MN, 55117",Tie,,,,,,,,,
637,"1710 EAST SHORE DR N, MAPLEWOOD, MN, 55109",Match,Non_Exact,"1710 E SHORE DR, MAPLEWOOD, MN, 55109","-93.052355893575,44.993071200098",97662426.0,R,27.0,123.0,42302.0,1019.0
758,"1464 HAMLINE AVE N, ST PAUL, MN, 55108",Match,Exact,"1464 HAMLINE AVE N, SAINT PAUL, MN, 55108","-93.156578013892,44.985777260844",97641750.0,R,27.0,123.0,30201.0,2016.0
879,"1878 ROME AVE, ST PAUL, MN, 55116",Match,Non_Exact,"1878 W ROME AVE, SAINT PAUL, MN, 55116","-93.179902878614,44.913379928964",97646057.0,L,27.0,123.0,37500.0,3010.0
517,"1297 BOHLAND PL, ST PAUL, MN, 55116",Match,Non_Exact,"1297 W BOHLAND PL, SAINT PAUL, MN, 55116","-93.154689819569,44.916143731299",97646955.0,R,27.0,123.0,36600.0,1019.0
638,"1554 ASBURY ST, ST PAUL, MN, 55108",Match,Non_Exact,"1554 N ASBURY ST, SAINT PAUL, MN, 55108","-93.165533309905,44.986866900513",97641000.0,R,27.0,123.0,30201.0,2007.0
759,"545 MOUNT CURVE BLVD, ST PAUL, MN, 55116",Match,Non_Exact,"545 S MOUNT CURVE BLVD, SAINT PAUL, MN, 55116","-93.195069411437,44.924421086907",97639519.0,R,27.0,123.0,43001.0,3002.0
518,"1370 KENT ST, ST PAUL, MN, 55117",Tie,,,,,,,,,
639,"1884 SAUNDERS AVE, ST PAUL, MN, 55116",Match,Non_Exact,"1884 W SAUNDERS AVE, SAINT PAUL, MN, 55116","-93.180031091373,44.914274801227",97646055.0,L,27.0,123.0,37500.0,3008.0
519,"1662 JUNO AVE, ST PAUL, MN, 55116",Match,Non_Exact,"1662 W JUNO AVE, SAINT PAUL, MN, 55116","-93.170556117333,44.926039195573",97645990.0,L,27.0,123.0,36400.0,2003.0
880,"8019 GREENWOOD DR, MOUNDS VIEW, MN, 55112",Match,Exact,"8019 GREENWOOD DR, MOUNDS VIEW, MN, 55112","-93.211040396276,45.113797147221",97633388.0,R,27.0,123.0,41001.0,1012.0
760,"1671 HIGHLAND PKWY, ST PAUL, MN, 55116",Match,Non_Exact,"1671 W HIGHLAND PKWY, SAINT PAUL, MN, 55116","-93.170883518772,44.919809948799",97646027.0,R,27.0,123.0,36400.0,2015.0
881,"2124 4TH ST E, ST PAUL, MN, 55119",Match,Non_Exact,"2124 E 4TH ST, SAINT PAUL, MN, 55119","-93.010868962192,44.958489696119",97653731.0,R,27.0,123.0,34702.0,4010.0
640,"545 WHEELOCK PKWY W, ST PAUL, MN, 55117",Match,Exact,"545 WHEELOCK PKWY W, SAINT PAUL, MN, 55117","-93.12310253905,44.981032291998",97643518.0,R,27.0,123.0,30400.0,3008.0
761,"2020 SNELLING AVE N, ROSEVILLE, MN, 55113",Match,Exact,"2020 SNELLING AVE N, ROSEVILLE, MN, 55113","-93.166283829512,45.002334839217",649858891.0,R,27.0,123.0,41800.0,2006.0
882,"7588 GROVELAND RD, MOUNDS VIEW, MN, 55112",Match,Exact,"7588 GROVELAND RD, MOUNDS VIEW, MN, 55112","-93.221130009935,45.105815750225",97633370.0,L,27.0,123.0,41002.0,1001.0
520,"860 COUNTY ROAD I W, SHOREVIEW, MN, 55126",Match,Exact,"860 CO RD I W, SHOREVIEW, MN, 55126","-93.137353993044,45.108077410339",617573537.0,L,27.0,123.0,40707.0,1003.0
641,"1974 BEECHWOOD AVE, ST PAUL, MN, 55116",Match,Exact,"1974 BEECHWOOD AVE, SAINT PAUL, MN, 55116","-93.182019364563,44.915181714306",97645954.0,L,27.0,123.0,37500.0,3002.0
762,"1631 COUNTY ROAD B E, MAPLEWOOD, MN, 55109",Match,Exact,"1631 CO RD B E, MAPLEWOOD, MN, 55109","-93.031602365113,45.006477738734",97649927.0,L,27.0,123.0,42402.0,2015.0
883,"45 MID OAKS LN, ROSEVILLE, MN, 55113",Match,Exact,"45 MID OAKS LN, ROSEVILLE, MN, 55113","-93.169644681318,45.000292947355",97662234.0,R,27.0,123.0,41301.0,1015.0
521,"1971 NORTONIA AVE, ST PAUL, MN, 55119",Match,Exact,"1971 NORTONIA AVE, SAINT PAUL, MN, 55119","-93.017648972733,44.965003248652",97653654.0,L,27.0,123.0,31802.0,3013.0
642,"2181 SUNRISE DR N, MAPLEWOOD, MN, 55117",Match,Non_Exact,"2181 SUNRISE DR, MAPLEWOOD, MN, 55117","-93.077465636165,45.007502702516",656769003.0,L,27.0,123.0,42202.0,5007.0
763,"5251 HODGSON RD, SHOREVIEW, MN, 55126",Match,Exact,"5251 HODGSON RD, SHOREVIEW, MN, 55126","-93.12731194202,45.100520428137",647906277.0,L,27.0,123.0,40707.0,1003.0
884,"786 PARKVIEW AVE, ST PAUL, MN, 55117",Match,Non_Exact,"786 W PARKVIEW AVE, SAINT PAUL, MN, 55117","-93.133078574796,44.983644152289",97641984.0,L,27.0,123.0,30300.0,2004.0
522,"743 IOWA AVE W, ST PAUL, MN, 55117",Match,Exact,"743 IOWA AVE W, SAINT PAUL, MN, 55117","-93.132158478713,44.989194097823",97641961.0,R,27.0,123.0,30300.0,1012.0
643,"3210 WOODBRIDGE ST, SHOREVIEW, MN, 55126",Match,Exact,"3210 WOODBRIDGE ST, SHOREVIEW, MN, 55126","-93.108793788806,45.038837687102",619830508.0,R,27.0,123.0,40704.0,3006.0
764,"939 IOWA AVE W, ST PAUL, MN, 55117",Match,Exact,"939 IOWA AVE W, SAINT PAUL, MN, 55117","-93.139786902538,44.989247899251",97641890.0,R,27.0,123.0,30300.0,4011.0
885,"1374 SIMPSON ST, ST PAUL, MN, 55108",Match,Exact,"1374 SIMPSON ST, SAINT PAUL, MN, 55108","-93.163029612663,44.982672117129",619253152.0,R,27.0,123.0,30201.0,4010.0
523,"516 MOUNT CURVE BLVD, ST PAUL, MN, 55116",Match,Non_Exact,"516 S MOUNT CURVE BLVD, SAINT PAUL, MN, 55116","-93.194890352561,44.924916258031",97639519.0,L,27.0,123.0,43001.0,3001.0
644,"569 MONTROSE LN, ST PAUL, MN, 55116",Match,Exact,"569 MONTROSE LN, SAINT PAUL, MN, 55116","-93.193672970844,44.92400190217",97639528.0,R,27.0,123.0,43001.0,3001.0
765,"450 MISSISSIPPI RIVER BLVD S, ST PAUL, MN, 55105",Match,Exact,"450 MISSISSIPPI RIVER BLVD S, SAINT PAUL, MN, 55105","-93.196843874023,44.927995470015",97666738.0,L,27.0,123.0,43001.0,5014.0
886,"1404 BELMONT LN W, ROSEVILLE, MN, 55113",Match,Exact,"1404 BELMONT LN W, ROSEVILLE, MN, 55113","-93.159233388953,45.003501668993",97641631.0,L,27.0,123.0,41800.0,2006.0
524,"1648 MCLEAN AVE, ST PAUL, MN, 55106",Match,Exact,"1648 MCLEAN AVE, SAINT PAUL, MN, 55106","-93.031486622565,44.950400630532",97654896.0,R,27.0,123.0,34701.0,2012.0
645,"1496 CRAWFORD AVE, FALCON HEIGHTS, MN, 55113",Match,Exact,"1496 CRAWFORD AVE, FALCON HEIGHTS, MN, 55113","-93.163321592645,44.992786166277",97640959.0,L,27.0,123.0,41900.0,1010.0
766,"1860 SNELLING AVE N, FALCON HEIGHTS, MN, 55108",Match,Non_Exact,"1860 SNELLING AVE N, FALCON HEIGHTS, MN, 55113","-93.166439758341,44.992574330577",97674175.0,R,27.0,123.0,41900.0,3020.0
887,"1467 IOWA AVE W, FALCON HEIGHTS, MN, 55108",Match,Non_Exact,"1467 W IOWA AVE, FALCON HEIGHTS, MN, 55108","-93.161979586974,44.989148598869",97641049.0,R,27.0,123.0,41900.0,2007.0
525,"1735 FLORENCE ST, WHITE BEAR LAKE, MN, 55110",Match,Exact,"1735 FLORENCE ST, WHITE BEAR LAKE, MN, 55110","-93.028019174726,45.081090491085",97662155.0,R,27.0,123.0,40504.0,4020.0
646,"2174 GARDENETTE DR S, WHITE BEAR LAKE, MN, 55110",Match,Exact,"2174 GARDENETTE DR S, WHITE BEAR LAKE, MN, 55110","-93.007894756818,45.066636293604",97637242.0,R,27.0,123.0,40301.0,2015.0
767,"7931 SPRING LAKE PARK RD, SPRING LAKE PARK, MN, 55432",Match,Exact,"7931 SPRING LAKE PARK RD, SPRING LAKE PARK, MN, 55432","-93.224809837559,45.112141068862",616655056.0,L,27.0,123.0,41001.0,2016.0
888,"714 PARKVIEW AVE, ST PAUL, MN, 55117",Match,Non_Exact,"714 W PARKVIEW AVE, SAINT PAUL, MN, 55117","-93.130774923476,44.983633850431",97643449.0,L,27.0,123.0,30300.0,2005.0
526,"1803 HAMLINE AVE N, FALCON HEIGHTS, MN, 55113",Match,Exact,"1803 HAMLINE AVE N, FALCON HEIGHTS, MN, 55113","-93.156647653516,44.995407599625",635777439.0,L,27.0,123.0,41900.0,1014.0
647,"935 SHERREN ST W, ROSEVILLE, MN, 55113",Match,Exact,"935 SHERREN ST W, ROSEVILLE, MN, 55113","-93.139298695379,45.009113416266",97640735.0,R,27.0,123.0,41700.0,1002.0
768,"1699 WHITE BEAR AVE N, MAPLEWOOD, MN, 55109",Match,Exact,"1699 WHITE BEAR AVE N, MAPLEWOOD, MN, 55109","-93.025301632899,44.992794352076",97652980.0,L,27.0,123.0,42402.0,1014.0
889,"1570 SNELLING DR, FALCON HEIGHTS, MN, 55108",Match,Non_Exact,"1570 N SNELLING DR, FALCON HEIGHTS, MN, 55108","-93.166262562236,44.990218518244",652844815.0,R,27.0,123.0,41900.0,2003.0
527,"1955 SIMPSON ST, ROSEVILLE, MN, 55113",Match,Exact,"1955 SIMPSON ST, ROSEVILLE, MN, 55113","-93.162414822167,44.999812058551",97640936.0,L,27.0,123.0,41800.0,2010.0
648,"893 COUNTY ROAD C2 W, ROSEVILLE, MN, 55113",Match,Exact,"893 CO RD C2 W, ROSEVILLE, MN, 55113","-93.139652304136,45.027922865076",97671369.0,R,27.0,123.0,41500.0,2014.0
769,"2133 4TH ST E, ST PAUL, MN, 55119",Match,Non_Exact,"2133 E 4TH ST, SAINT PAUL, MN, 55119","-93.010538755507,44.958604287477",97653731.0,L,27.0,123.0,34702.0,4007.0
528,"1497 IOWA AVE W, FALCON HEIGHTS, MN, 55108",Match,Non_Exact,"1497 W IOWA AVE, FALCON HEIGHTS, MN, 55108","-93.163183327672,44.989140166443",97641049.0,R,27.0,123.0,41900.0,2007.0
649,"2104 NOKOMIS AVE, ST PAUL, MN, 55119",Match,Exact,"2104 NOKOMIS AVE, SAINT PAUL, MN, 55119","-93.012776654012,44.967272940224",97653604.0,R,27.0,123.0,31802.0,3012.0
529,"1143 JULIET AVE, ST PAUL, MN, 55105",Match,Exact,"1143 JULIET AVE, SAINT PAUL, MN, 55105","-93.148132843732,44.929709108654",97646588.0,R,27.0,123.0,36600.0,4007.0
890,"473 CRETIN AVE S, ST PAUL, MN, 55105",Match,Non_Exact,"473 S CRETIN AVE, SAINT PAUL, MN, 55105","-93.192566703275,44.927276463653",97639529.0,R,27.0,123.0,43001.0,5008.0
770,"7960 RED OAK DR, MOUNDS VIEW, MN, 55112",Match,Exact,"7960 RED OAK DR, MOUNDS VIEW, MN, 55112","-93.217328667446,45.113476457585",97633360.0,L,27.0,123.0,41001.0,2011.0
891,"1532 IDAHO AVE W, FALCON HEIGHTS, MN, 55108",Match,Non_Exact,"1532 W IDAHO AVE, FALCON HEIGHTS, MN, 55108","-93.164621961259,44.989914814584",97640991.0,L,27.0,123.0,41900.0,2006.0
650,"1907 SHADY BEACH AVE, ROSEVILLE, MN, 55113",Match,Exact,"1907 SHADY BEACH AVE, ROSEVILLE, MN, 55113","-93.108575034168,44.998379699706",97643581.0,L,27.0,123.0,41602.0,2009.0
771,"8060 LONG LAKE RD, MOUNDS VIEW, MN, 55112",Match,Exact,"8060 LONG LAKE RD, MOUNDS VIEW, MN, 55112","-93.20916644595,45.114578764254",97633416.0,L,27.0,123.0,41001.0,1012.0
892,"7863 SUNNYSIDE RD, MOUNDS VIEW, MN, 55112",Match,Exact,"7863 SUNNYSIDE RD, MOUNDS VIEW, MN, 55112","-93.215079526486,45.110689605476",97633394.0,R,27.0,123.0,41001.0,1009.0
530,"2021 NORTONIA AVE, ST PAUL, MN, 55119",Match,Exact,"2021 NORTONIA AVE, SAINT PAUL, MN, 55119","-93.015091908541,44.965604487945",97653665.0,L,27.0,123.0,31802.0,3011.0
651,"1950 SIMPSON ST, ROSEVILLE, MN, 55113",Match,Exact,"1950 SIMPSON ST, ROSEVILLE, MN, 55113","-93.162252984598,44.999725424759",97640936.0,R,27.0,123.0,41800.0,2014.0
772,"1828 WALTER ST N, MAPLEWOOD, MN, 55109",Match,Non_Exact,"1828 WALTER ST, MAPLEWOOD, MN, 55109","-93.054445846009,44.996767958458",97651051.0,R,27.0,123.0,42302.0,1008.0
893,"3585 RIDGEWOOD RD, ARDEN HILLS, MN, 55112",Match,Exact,"3585 RIDGEWOOD RD, ARDEN HILLS, MN, 55112","-93.164500744259,45.049441330081",97688395.0,L,27.0,123.0,40804.0,1006.0
531,"1453 BLAIR AVE, ST PAUL, MN, 55104",Match,Non_Exact,"1453 W BLAIR AVE, SAINT PAUL, MN, 55104","-93.161610087959,44.961162605904",97641581.0,R,27.0,123.0,32200.0,3004.0
652,"1969 NORTONIA AVE, ST PAUL, MN, 55119",Match,Exact,"1969 NORTONIA AVE, SAINT PAUL, MN, 55119","-93.017769201724,44.964964603624",97653654.0,L,27.0,123.0,31802.0,3013.0
773,"1711 ST MARYS ST, FALCON HEIGHTS, MN, 55113",Match,Exact,"1711 ST MARY'S ST, FALCON HEIGHTS, MN, 55113","-93.168938888074,44.993616283623",97640907.0,L,27.0,123.0,41900.0,3006.0
894,"1395 SHELDON ST, ST PAUL, MN, 55108",Tie,,,,,,,,,
532,"1597 SCHEFFER AVE, ST PAUL, MN, 55116",Match,Non_Exact,"1597 W SCHEFFER AVE, SAINT PAUL, MN, 55116","-93.167774367646,44.921605303777",97646184.0,R,27.0,123.0,36400.0,2012.0
653,"215 SOUTH OWASSO BLVD W, ROSEVILLE, MN, 55113",Tie,,,,,,,,,
774,"1734 ST MARYS ST, FALCON HEIGHTS, MN, 55113",Match,Exact,"1734 ST MARY'S ST, FALCON HEIGHTS, MN, 55113","-93.168770543091,44.994008000169",97640907.0,R,27.0,123.0,41900.0,3022.0
895,"1756 KENNARD ST N, MAPLEWOOD, MN, 55109",Match,Non_Exact,"1756 N KENNARD ST, MAPLEWOOD, MN, 55109","-93.030256462922,44.994182899123",97652975.0,R,27.0,123.0,42402.0,1013.0
533,"1745 ARONA ST, FALCON HEIGHTS, MN, 55113",Match,Non_Exact,"1745 N ARONA ST, FALCON HEIGHTS, MN, 55113","-93.164309441653,44.99388901226",97640953.0,L,27.0,123.0,41900.0,3019.0
654,"492 MONTROSE LN, ST PAUL, MN, 55116",Match,Exact,"492 MONTROSE LN, SAINT PAUL, MN, 55116","-93.193508767539,44.925902517059",97639528.0,L,27.0,123.0,43001.0,3000.0
775,"8325 PLEASANT VIEW DR, MOUNDS VIEW, MN, 55112",Match,Exact,"8325 PLEASANT VIEW DR, MOUNDS VIEW, MN, 55112","-93.226524250589,45.119521143737",97633297.0,R,27.0,123.0,41001.0,2005.0
896,"1462 SKILES LN, ARDEN HILLS, MN, 55112",Match,Exact,"1462 SKILES LN, ARDEN HILLS, MN, 55112","-93.162897682448,45.046135714711",97639866.0,L,27.0,123.0,40804.0,1007.0
534,"1506 SIMPSON ST, ST PAUL, MN, 55108",Match,Exact,"1506 SIMPSON ST, SAINT PAUL, MN, 55108","-93.162991688811,44.986474235143",97641054.0,R,27.0,123.0,30201.0,2005.0
655,"1435 BLAIR AVE, ST PAUL, MN, 55104",Match,Non_Exact,"1435 W BLAIR AVE, SAINT PAUL, MN, 55104","-93.1608615175,44.961167840611",97641581.0,R,27.0,123.0,32200.0,3004.0
776,"1403 HOYT AVE W, FALCON HEIGHTS, MN, 55108",Match,Exact,"1403 HOYT AVE W, FALCON HEIGHTS, MN, 55108","-93.159371398462,44.988267167334",97641076.0,R,27.0,123.0,41900.0,2016.0
897,"2045 WILLIAM ST, ROSEVILLE, MN, 55113",Match,Non_Exact,"2045 WILLIAM ST N, ROSEVILLE, MN, 55113","-93.111223917598,45.002599636241",97643567.0,L,27.0,123.0,41602.0,2015.0
535,"2226 DESOTO ST N, MAPLEWOOD, MN, 55117",Match,Non_Exact,"2226 DESOTO ST, MAPLEWOOD, MN, 55117","-93.081330000066,45.008075842364",97649441.0,R,27.0,123.0,42202.0,5008.0
656,"2237 LEXINGTON AVE N, ROSEVILLE, MN, 55113",Match,Exact,"2237 LEXINGTON AVE N, ROSEVILLE, MN, 55113","-93.146538126582,45.00855462193",97640641.0,L,27.0,123.0,41800.0,3005.0
777,"1485 HOYT AVE W, FALCON HEIGHTS, MN, 55108",Match,Exact,"1485 HOYT AVE W, FALCON HEIGHTS, MN, 55108","-93.162888436388,44.988234612736",97641072.0,R,27.0,123.0,41900.0,2015.0
898,"3636 RUSTIC PL, SHOREVIEW, MN, 55126",Match,Exact,"3636 RUSTIC PL, SHOREVIEW, MN, 55126","-93.107613722043,45.05144617601",97642986.0,R,27.0,123.0,40704.0,5005.0
536,"1625 HARTFORD AVE, ST PAUL, MN, 55116",Match,Non_Exact,"1625 W HARTFORD AVE, SAINT PAUL, MN, 55116","-93.168917745156,44.923427660666",97646173.0,R,27.0,123.0,36400.0,2008.0
657,"830 CARROLL AVE, ST PAUL, MN, 55104",Match,Non_Exact,"830 W CARROLL AVE, SAINT PAUL, MN, 55104","-93.135296691064,44.950290705936",97646670.0,L,27.0,123.0,33800.0,1001.0
778,"1791 HILLVIEW RD NE, SPRING LAKE PARK, MN, 55432",Match,Non_Exact,"1791 HILLVIEW RD, SPRING LAKE PARK, MN, 55432","-93.227996131161,45.11140530864",97490652.0,L,27.0,3.0,51001.0,1024.0
899,"3017 COUNTY ROAD H2, MOUNDS VIEW, MN, 55112",Match,Exact,"3017 CO RD H2, MOUNDS VIEW, MN, 55112","-93.226002234091,45.100518678426",617573939.0,R,27.0,123.0,41002.0,1004.0
537,"1770 ASBURY ST, FALCON HEIGHTS, MN, 55113",Match,Non_Exact,"1770 N ASBURY ST, FALCON HEIGHTS, MN, 55113","-93.16540787822,44.994494345215",97640921.0,R,27.0,123.0,41900.0,3019.0
658,"1056 SHERREN ST W, ROSEVILLE, MN, 55113",Match,Exact,"1056 SHERREN ST W, ROSEVILLE, MN, 55113","-93.144972607193,45.008854106526",97640733.0,L,27.0,123.0,41700.0,1005.0
779,"1550 ALBERT ST N, ST PAUL, MN, 55108",Match,Non_Exact,"1550 N ALBERT ST, SAINT PAUL, MN, 55108","-93.159134019867,44.987306195473",97641081.0,R,27.0,123.0,30201.0,2002.0
538,"2228 HENDRY PL N, MAPLEWOOD, MN, 55117",Match,Non_Exact,"2228 HENDRY PL, MAPLEWOOD, MN, 55117","-93.078550096783,45.008262586437",97649451.0,R,27.0,123.0,42202.0,5007.0
659,"1591 MCLEAN AVE, ST PAUL, MN, 55106",Match,Exact,"1591 MCLEAN AVE, SAINT PAUL, MN, 55106","-93.032696861555,44.950507607003",97654896.0,L,27.0,123.0,34701.0,2010.0
539,"2354 SOUTH AVE E, NORTH ST PAUL, MN, 55109",No_Match,,,,,,,,,
780,"2953 FAIRVIEW AVE N, ROSEVILLE, MN, 55113",Match,Exact,"2953 FAIRVIEW AVE N, ROSEVILLE, MN, 55113","-93.177437393194,45.029974159947",97639814.0,L,27.0,123.0,41302.0,4004.0
660,"878 PARKVIEW AVE, ST PAUL, MN, 55117",Match,Non_Exact,"878 W PARKVIEW AVE, SAINT PAUL, MN, 55117","-93.136980932128,44.983431750153",97641932.0,L,27.0,123.0,30300.0,4032.0
781,"2043 NOKOMIS AVE, ST PAUL, MN, 55119",Match,Exact,"2043 NOKOMIS AVE, SAINT PAUL, MN, 55119","-93.014941014621,44.9664100759",97653599.0,L,27.0,123.0,31802.0,3009.0
540,"1347 KENNETH ST, ST PAUL, MN, 55116",Match,Non_Exact,"1347 S KENNETH ST, SAINT PAUL, MN, 55116","-93.184917308366,44.900541380208",97639727.0,R,27.0,123.0,37601.0,2006.0
661,"1430 SHELDON ST, ST PAUL, MN, 55108",Tie,,,,,,,,,
782,"461 WOODRUFF AVE, ROSEVILLE, MN, 55113",Match,Exact,"461 WOODRUFF AVE, ROSEVILLE, MN, 55113","-93.119748670026,44.997952211412",619585834.0,R,27.0,123.0,41602.0,3003.0
541,"3678 RUSTIC PL, SHOREVIEW, MN, 55126",Match,Exact,"3678 RUSTIC PL, SHOREVIEW, MN, 55126","-93.107621514056,45.05269292591",97642986.0,R,27.0,123.0,40704.0,5005.0
662,"2002 BUSH AVE, ST PAUL, MN, 55119",Match,Exact,"2002 BUSH AVE, SAINT PAUL, MN, 55119","-93.015653453885,44.964729742995",97653655.0,R,27.0,123.0,31802.0,3016.0
783,"1828 MONTREAL AVE, ST PAUL, MN, 55116",Match,Exact,"1828 MONTREAL AVE, SAINT PAUL, MN, 55116","-93.148369213378,44.912367536202",97647092.0,L,27.0,123.0,36700.0,3029.0
542,"1361 SKILLMAN AVE W, ROSEVILLE, MN, 55113",Match,Exact,"1361 SKILLMAN AVE W, ROSEVILLE, MN, 55113","-93.157178822169,45.002734765268",97641633.0,R,27.0,123.0,41800.0,2006.0
663,"627 BIRCH LN N, SHOREVIEW, MN, 55126",Match,Exact,"627 BIRCH LN N, SHOREVIEW, MN, 55126","-93.127917073317,45.096805545813",97635560.0,R,27.0,123.0,40707.0,1003.0
784,"4522 OTTER LAKE RD, WHITE BEAR TOWN, MN, 55110",Match,Non_Exact,"4522 OTTER LAKE RD, WHITE BEAR TOWNSHIP, MN, 55110","-93.035674162597,45.078351680336",97666313.0,R,27.0,123.0,40503.0,1004.0
543,"2845 FAIRVIEW AVE N, ROSEVILLE, MN, 55113",Match,Exact,"2845 FAIRVIEW AVE N, ROSEVILLE, MN, 55113","-93.177358278883,45.026814942039",97639961.0,L,27.0,123.0,41302.0,4000.0
664,"693 MONTCALM PL, ST PAUL, MN, 55116",Match,Exact,"693 MONTCALM PL, SAINT PAUL, MN, 55116","-93.148874430576,44.920516141999",97656015.0,R,27.0,123.0,36600.0,5006.0
785,"3016 COUNTY ROAD I, MOUNDS VIEW, MN, 55112",Match,Exact,"3016 CO RD I, MOUNDS VIEW, MN, 55112","-93.225581869583,45.107061920682",97633320.0,L,27.0,123.0,41002.0,1003.0
544,"1635 MCLEAN AVE, ST PAUL, MN, 55106",Match,Exact,"1635 MCLEAN AVE, SAINT PAUL, MN, 55106","-93.031779841897,44.950513380412",97654896.0,L,27.0,123.0,34701.0,2010.0
665,"299 SOUTH OWASSO BLVD W, ROSEVILLE, MN, 55113",Tie,,,,,,,,,
786,"1503 CALIFORNIA AVE W, FALCON HEIGHTS, MN, 55108",Match,Non_Exact,"1503 CALIFORNIA AVE, FALCON HEIGHTS, MN, 55108","-93.162499249502,44.990932994641",97641045.0,R,27.0,123.0,41900.0,2002.0
545,"1451 BLAIR AVE, ST PAUL, MN, 55104",Match,Non_Exact,"1451 W BLAIR AVE, SAINT PAUL, MN, 55104","-93.161526913464,44.961163187538",97641581.0,R,27.0,123.0,32200.0,3004.0
666,"2125 1ST ST N, NORTH ST PAUL, MN, 55109",Match,Exact,"2125 1ST ST N, NORTH ST PAUL, MN, 55109","-92.997465758197,45.005373605681",656770959.0,L,27.0,123.0,42700.0,5005.0
787,"1957 MINNEHAHA AVE E, ST PAUL, MN, 55119",Match,Exact,"1957 MINNEHAHA AVE E, SAINT PAUL, MN, 55119","-93.017719075645,44.96312786744",97653520.0,L,27.0,123.0,31802.0,3017.0
546,"1654 JUNO AVE, ST PAUL, MN, 55116",Match,Non_Exact,"1654 W JUNO AVE, SAINT PAUL, MN, 55116","-93.17022775137,44.926038033192",97645990.0,L,27.0,123.0,36400.0,2003.0
667,"2945 FAIRVIEW AVE N, ROSEVILLE, MN, 55113",Match,Exact,"2945 FAIRVIEW AVE N, ROSEVILLE, MN, 55113","-93.177430242686,45.029685277759",97639814.0,L,27.0,123.0,41302.0,4004.0
788,"1454 BELMONT LN W, ROSEVILLE, MN, 55113",Match,Exact,"1454 BELMONT LN W, ROSEVILLE, MN, 55113","-93.160466332661,45.003486271028",97641631.0,L,27.0,123.0,41800.0,2006.0
547,"1889 ROME AVE, ST PAUL, MN, 55116",Match,Non_Exact,"1889 W ROME AVE, SAINT PAUL, MN, 55116","-93.180356883119,44.913491204481",97646057.0,R,27.0,123.0,37500.0,3008.0
668,"1625 NORTH RIDGEWOOD LN W, ROSEVILLE, MN, 55113",Match,Non_Exact,"1625 RIDGEWOOD LN N, ROSEVILLE, MN, 55113","-93.168936797353,45.002173292096",97640879.0,R,27.0,123.0,41301.0,1013.0
789,"2624 HILLVIEW RD, MOUNDS VIEW, MN, 55112",Match,Exact,"2624 HILLVIEW RD, MOUNDS VIEW, MN, 55112","-93.212355174032,45.111560765028",97633391.0,L,27.0,123.0,41001.0,1010.0
548,"1795 SIMPSON ST, FALCON HEIGHTS, MN, 55113",Match,Exact,"1795 SIMPSON ST, FALCON HEIGHTS, MN, 55113","-93.163042951938,44.995028293808",97640956.0,L,27.0,123.0,41900.0,1009.0
669,"709 HAMLINE AVE N, ST PAUL, MN, 55104",Match,Non_Exact,"709 N HAMLINE AVE, SAINT PAUL, MN, 55104","-93.156918723785,44.962225254182",97642089.0,L,27.0,123.0,32200.0,3000.0
549,"2078 FLORAL DR, WHITE BEAR LAKE, MN, 55110",Match,Exact,"2078 FLORAL DR, WHITE BEAR LAKE, MN, 55110","-93.012620615301,45.065677965122",97637190.0,R,27.0,123.0,40301.0,2011.0
790,"6900 PLEASANT VIEW DR, MOUNDS VIEW, MN, 55112",Match,Exact,"6900 PLEASANT VIEW DR, MOUNDS VIEW, MN, 55112","-93.226484369681,45.093261593234",97633581.0,L,27.0,123.0,41002.0,1009.0
670,"1575 ARCADE ST, ST PAUL, MN, 55106",Match,Exact,"1575 ARCADE ST, SAINT PAUL, MN, 55106","-93.066158827314,44.98875640756",97650248.0,L,27.0,123.0,30602.0,5013.0
791,"1731 SIMPSON ST, FALCON HEIGHTS, MN, 55113",Match,Exact,"1731 SIMPSON ST, FALCON HEIGHTS, MN, 55113","-93.163045499251,44.993581533313",97640956.0,L,27.0,123.0,41900.0,1009.0
550,"2307 7TH AVE E, NORTH ST PAUL, MN, 55109",Match,Exact,"2307 7TH AVE E, NORTH ST PAUL, MN, 55109","-93.003716268549,45.005860805818",619598023.0,L,27.0,123.0,42700.0,3021.0
671,"1630 NILES AVE, ST PAUL, MN, 55116",Match,Non_Exact,"1630 W NILES AVE, SAINT PAUL, MN, 55116","-93.169357234094,44.925125938598",97646156.0,L,27.0,123.0,36400.0,2005.0
792,"7575 GROVELAND RD, MOUNDS VIEW, MN, 55112",Match,Exact,"7575 GROVELAND RD, MOUNDS VIEW, MN, 55112","-93.220963634634,45.105545459082",97633370.0,R,27.0,123.0,41002.0,1000.0
551,"1088 GORDON AVE E, MAPLEWOOD, MN, 55109",Match,Non_Exact,"1088 GORDON AVE, MAPLEWOOD, MN, 55109","-93.054679895866,44.996200528939",97651060.0,R,27.0,123.0,42302.0,1007.0
672,"1794 ALBERT ST N, FALCON HEIGHTS, MN, 55113",Match,Non_Exact,"1794 N ALBERT ST, FALCON HEIGHTS, MN, 55113","-93.159050336367,44.995105971192",97640969.0,R,27.0,123.0,41900.0,1014.0
793,"284 SOUTH MCCARRONS BLVD, ROSEVILLE, MN, 55113",Match,Non_Exact,"284 MCCARRONS BLVD S, ROSEVILLE, MN, 55113","-93.11271110565,44.996089203052",97643562.0,L,27.0,123.0,41602.0,3000.0
552,"1629 SUBURBAN AVE, ST PAUL, MN, 55106",Match,Exact,"1629 SUBURBAN AVE, SAINT PAUL, MN, 55106","-93.029276987719,44.951322566862",638296376.0,L,27.0,123.0,34701.0,2009.0
673,"1629 HARTFORD AVE, ST PAUL, MN, 55116",Match,Non_Exact,"1629 W HARTFORD AVE, SAINT PAUL, MN, 55116","-93.169082549772,44.923428823321",97646173.0,R,27.0,123.0,36400.0,2008.0
794,"8409 KNOLLWOOD DR, MOUNDS VIEW, MN, 55112",Match,Exact,"8409 KNOLLWOOD DR, MOUNDS VIEW, MN, 55112","-93.223099951785,45.122505607064",97633294.0,R,27.0,123.0,41001.0,2002.0
553,"578 MONTROSE LN, ST PAUL, MN, 55116",Match,Exact,"578 MONTROSE LN, SAINT PAUL, MN, 55116","-93.193510025408,44.924886271759",97639528.0,L,27.0,123.0,43001.0,3000.0
674,"1210 WATSON AVE, ST PAUL, MN, 55116",Match,Non_Exact,"1210 W WATSON AVE, SAINT PAUL, MN, 55116","-93.151185973194,44.924179131475",97646992.0,L,27.0,123.0,36600.0,2012.0
795,"1396 CALIFORNIA AVE W, FALCON HEIGHTS, MN, 55108",Match,Non_Exact,"1396 CALIFORNIA AVE, FALCON HEIGHTS, MN, 55108","-93.159023059897,44.990845613297",97641069.0,L,27.0,123.0,41900.0,2010.0
554,"1150 BROOKS AVE W, ROSEVILLE, MN, 55113",Match,Non_Exact,"1150 W BROOKS AVE, ROSEVILLE, MN, 55113","-93.149226843424,45.016206968546",97640599.0,L,27.0,123.0,41400.0,2009.0
675,"3015 WOODBRIDGE ST, ROSEVILLE, MN, 55113",Match,Exact,"3015 WOODBRIDGE ST, ROSEVILLE, MN, 55113","-93.108344580204,45.032036550991",97642698.0,L,27.0,123.0,41601.0,1000.0
796,"2228 5TH ST E, ST PAUL, MN, 55119",Match,Non_Exact,"2228 E 5TH ST, SAINT PAUL, MN, 55119","-93.006807246092,44.959387001297",97653740.0,R,27.0,123.0,34702.0,4005.0
555,"5277 HODGSON RD, SHOREVIEW, MN, 55126",Match,Exact,"5277 HODGSON RD, SHOREVIEW, MN, 55126","-93.127318430671,45.101251865451",647906277.0,L,27.0,123.0,40707.0,1003.0
676,"1528 HURON ST, ST PAUL, MN, 55108",Match,Non_Exact,"1528 N HURON ST, SAINT PAUL, MN, 55108","-93.155248285264,44.986960047071",97641758.0,R,27.0,123.0,30201.0,2000.0
797,"1662 NORTH RIDGEWOOD LN W, ROSEVILLE, MN, 55113",Match,Non_Exact,"1662 RIDGEWOOD LN N, ROSEVILLE, MN, 55113","-93.1694813111,45.002069140516",97640879.0,L,27.0,123.0,41301.0,1018.0
556,"1641 MCLEAN AVE, ST PAUL, MN, 55106",Match,Exact,"1641 MCLEAN AVE, SAINT PAUL, MN, 55106","-93.031654793762,44.950514167695",97654896.0,L,27.0,123.0,34701.0,2010.0
677,"529 MONTROSE LN, ST PAUL, MN, 55116",Match,Exact,"529 MONTROSE LN, SAINT PAUL, MN, 55116","-93.193672090306,44.924713297752",97639528.0,R,27.0,123.0,43001.0,3001.0
798,"1442 CALIFORNIA AVE W, FALCON HEIGHTS, MN, 55108",Match,Non_Exact,"1442 CALIFORNIA AVE, FALCON HEIGHTS, MN, 55108","-93.16085620808,44.990832713529",97641060.0,L,27.0,123.0,41900.0,2013.0
557,"2297 7TH AVE E, NORTH ST PAUL, MN, 55109",Match,Exact,"2297 7TH AVE E, NORTH ST PAUL, MN, 55109","-93.004231875967,45.005562745948",647902588.0,L,27.0,123.0,42700.0,3021.0
678,"1965 PROSPERITY RD N, MAPLEWOOD, MN, 55109",Match,Non_Exact,"1965 PROSPERITY RD, MAPLEWOOD, MN, 55109","-93.03367569851,45.000944172362",97662431.0,L,27.0,123.0,42402.0,1006.0
799,"7969 SUNNYSIDE RD, MOUNDS VIEW, MN, 55112",Match,Exact,"7969 SUNNYSIDE RD, MOUNDS VIEW, MN, 55112","-93.215112872239,45.112830383142",97633382.0,R,27.0,123.0,41001.0,1006.0
558,"2648 VALLEY VIEW LN, NEW BRIGHTON, MN, 55112",Match,Exact,"2648 VALLEY VIEW LN, NEW BRIGHTON, MN, 55112","-93.22174224402,45.090580621243",639709912.0,R,27.0,123.0,41105.0,5012.0
679,"1520 HURON ST, ST PAUL, MN, 55108",Match,Non_Exact,"1520 N HURON ST, SAINT PAUL, MN, 55108","-93.155250743183,44.986819595644",97641758.0,R,27.0,123.0,30201.0,2000.0
559,"2101 WAUKON AVE, ST PAUL, MN, 55119",Match,Exact,"2101 WAUKON AVE, SAINT PAUL, MN, 55119","-93.011222857626,44.965982491262",97653702.0,L,27.0,123.0,31802.0,2006.0
680,"564 MONTCALM PL, ST PAUL, MN, 55116",Match,Exact,"564 MONTCALM PL, SAINT PAUL, MN, 55116","-93.148237367808,44.924512120084",653424310.0,L,27.0,123.0,36600.0,5002.0
560,"2199 COUNTY ROAD F E, WHITE BEAR LAKE, MN, 55110",Match,Non_Exact,"2199 E CO RD F, WHITE BEAR LAKE, MN, 55110","-93.007786641751,45.064732418769",97637248.0,L,27.0,123.0,40301.0,2016.0
681,"2156 GARDENETTE DR S, WHITE BEAR LAKE, MN, 55110",Match,Exact,"2156 GARDENETTE DR S, WHITE BEAR LAKE, MN, 55110","-93.008522375234,45.066640498797",97637242.0,R,27.0,123.0,40301.0,2015.0
561,"2740 SHERWOOD RD, MOUNDS VIEW, MN, 55112",Match,Exact,"2740 SHERWOOD RD, MOUNDS VIEW, MN, 55112","-93.217825356617,45.115095280419",97633358.0,L,27.0,123.0,41001.0,2011.0
682,"1741 ARONA ST, FALCON HEIGHTS, MN, 55113",Match,Non_Exact,"1741 N ARONA ST, FALCON HEIGHTS, MN, 55113","-93.164309600861,44.993798589729",97640953.0,L,27.0,123.0,41900.0,3019.0
562,"876 WILDER ST S, ST PAUL, MN, 55116",Match,Non_Exact,"876 S WILDER ST, SAINT PAUL, MN, 55116","-93.185078161522,44.914983857131",97639675.0,L,27.0,123.0,37500.0,3006.0
683,"1009 SHERREN ST W, ROSEVILLE, MN, 55113",Match,Exact,"1009 SHERREN ST W, ROSEVILLE, MN, 55113","-93.142620526969,45.009160093294",97640735.0,R,27.0,123.0,41700.0,1002.0
563,"2981 VICTORIA ST N, ROSEVILLE, MN, 55113",Match,Exact,"2981 VICTORIA ST N, ROSEVILLE, MN, 55113","-93.136762857292,45.03086515761",97640446.0,L,27.0,123.0,41500.0,2007.0
684,"1936 PRINCETON AVE, ST PAUL, MN, 55105",Match,Non_Exact,"1936 W PRINCETON AVE, SAINT PAUL, MN, 55105","-93.182133736093,44.936043711265",97645501.0,L,27.0,123.0,35100.0,1009.0
564,"535 WHEELOCK PKWY W, ST PAUL, MN, 55117",Match,Exact,"535 WHEELOCK PKWY W, SAINT PAUL, MN, 55117","-93.12269914736,44.98103229197",97643518.0,R,27.0,123.0,30400.0,3008.0
685,"2148 JUNO AVE, ST PAUL, MN, 55116",Match,Non_Exact,"2148 W JUNO AVE, SAINT PAUL, MN, 55116","-93.190382809642,44.926089713292",97639534.0,L,27.0,123.0,43001.0,4005.0
565,"2249 SUNRISE DR N, MAPLEWOOD, MN, 55117",Match,Non_Exact,"2249 SUNRISE DR, MAPLEWOOD, MN, 55117","-93.077123355013,45.008357494582",656769003.0,L,27.0,123.0,42202.0,5007.0
686,"2058 LEXINGTON AVE N, ROSEVILLE, MN, 55113",Match,Exact,"2058 LEXINGTON AVE N, ROSEVILLE, MN, 55113","-93.146316887848,45.003162595658",97641694.0,R,27.0,123.0,41700.0,3001.0
566,"574 MONTROSE LN, ST PAUL, MN, 55116",Match,Exact,"574 MONTROSE LN, SAINT PAUL, MN, 55116","-93.193509966902,44.924933538983",97639528.0,L,27.0,123.0,43001.0,3000.0
687,"1475 HOLTON ST, ST PAUL, MN, 55108",Match,Non_Exact,"1475 N HOLTON ST, SAINT PAUL, MN, 55108","-93.160602307368,44.98592104811",97641080.0,L,27.0,123.0,30201.0,2012.0
567,"1829 ARONA ST, FALCON HEIGHTS, MN, 55113",Match,Non_Exact,"1829 N ARONA ST, FALCON HEIGHTS, MN, 55113","-93.164305249417,44.9960151963",97640950.0,L,27.0,123.0,41900.0,3018.0
688,"1504 ASBURY ST, ST PAUL, MN, 55108",Match,Non_Exact,"1504 N ASBURY ST, SAINT PAUL, MN, 55108","-93.165538631879,44.986439018496",97641000.0,R,27.0,123.0,30201.0,2007.0
568,"1681 NORTH RIDGEWOOD LN W, ROSEVILLE, MN, 55113",Match,Non_Exact,"1681 RIDGEWOOD LN N, ROSEVILLE, MN, 55113","-93.169732546062,45.002189706773",97640879.0,R,27.0,123.0,41301.0,1013.0
689,"2214 HENDRY PL N, MAPLEWOOD, MN, 55117",Match,Non_Exact,"2214 HENDRY PL, MAPLEWOOD, MN, 55117","-93.078546693866,45.008093800553",97649451.0,R,27.0,123.0,42202.0,5007.0
569,"2010 BUSH AVE, ST PAUL, MN, 55119",Match,Exact,"2010 BUSH AVE, SAINT PAUL, MN, 55119","-93.01547818491,44.964742725871",97653655.0,R,27.0,123.0,31802.0,3016.0
690,"2251 HENDRY PL N, MAPLEWOOD, MN, 55117",Match,Non_Exact,"2251 HENDRY PL, MAPLEWOOD, MN, 55117","-93.078717507212,45.008526188167",97649451.0,L,27.0,123.0,42202.0,5004.0
570,"1615 SCHEFFER AVE, ST PAUL, MN, 55116",Match,Non_Exact,"1615 W SCHEFFER AVE, SAINT PAUL, MN, 55116","-93.168587950351,44.921607012972",97646181.0,R,27.0,123.0,36400.0,2012.0
691,"2010 GREENBRIER ST N, MAPLEWOOD, MN, 55117",Match,Non_Exact,"2010 GREENBRIER ST, MAPLEWOOD, MN, 55117","-93.071505819127,45.003823901467",97649491.0,R,27.0,123.0,42202.0,1013.0
571,"1951 MONTREAL AVE, ST PAUL, MN, 55116",Match,Non_Exact,"1951 W MONTREAL AVE, SAINT PAUL, MN, 55116","-93.182337357965,44.912582716179",97646041.0,R,27.0,123.0,37500.0,3011.0
692,"557 WHEELOCK PKWY W, ST PAUL, MN, 55117",Match,Exact,"557 WHEELOCK PKWY W, SAINT PAUL, MN, 55117","-93.123586609077,44.981032292031",97643518.0,R,27.0,123.0,30400.0,3008.0
572,"1734 BIRCH LAKE AVE, WHITE BEAR LAKE, MN, 55110",Match,Exact,"1734 BIRCH LAKE AVE, WHITE BEAR LAKE, MN, 55110","-93.027908387605,45.08278867915",97666658.0,L,27.0,123.0,40504.0,4020.0
693,"1135 JULIET AVE, ST PAUL, MN, 55105",Match,Exact,"1135 JULIET AVE, SAINT PAUL, MN, 55105","-93.147854383193,44.92970839646",97646588.0,R,27.0,123.0,36600.0,4007.0
573,"1466 COMO BLVD E, ST PAUL, MN, 55117",Match,Non_Exact,"1466 E COMO BLVD, SAINT PAUL, MN, 55117","-93.141092133031,44.984722292707",642883865.0,R,27.0,123.0,30300.0,4029.0
694,"1216 INGERSON RD, ARDEN HILLS, MN, 55112",Match,Exact,"1216 INGERSON RD, ARDEN HILLS, MN, 55112","-93.151617669486,45.040634909281",656771201.0,L,27.0,123.0,40804.0,2020.0
574,"816 NEBRASKA AVE E, ST PAUL, MN, 55106",Match,Exact,"816 NEBRASKA AVE E, SAINT PAUL, MN, 55106","-93.067334980356,44.986474283406",97650261.0,R,27.0,123.0,30602.0,5023.0
695,"1566 CHELSEA ST, ST PAUL, MN, 55108",Tie,,,,,,,,,
575,"1865 PASCAL ST N, FALCON HEIGHTS, MN, 55113",Match,Non_Exact,"1865 N PASCAL ST, FALCON HEIGHTS, MN, 55113","-93.161777797667,44.997065800409",97640961.0,L,27.0,123.0,41900.0,1007.0
696,"493 MOUNT CURVE BLVD, ST PAUL, MN, 55116",Match,Non_Exact,"493 S MOUNT CURVE BLVD, SAINT PAUL, MN, 55116","-93.195037362982,44.925345910204",97639519.0,R,27.0,123.0,43001.0,3002.0
576,"1875 BEECHWOOD AVE, ST PAUL, MN, 55116",Match,Exact,"1875 BEECHWOOD AVE, SAINT PAUL, MN, 55116","-93.179600943684,44.91529944099",97645967.0,R,27.0,123.0,37500.0,3000.0
697,"1753 ALBERT ST N, FALCON HEIGHTS, MN, 55113",Match,Non_Exact,"1753 N ALBERT ST, FALCON HEIGHTS, MN, 55113","-93.159209425808,44.992797286752",97640969.0,L,27.0,123.0,41900.0,1012.0
577,"2223 FLORAL DR, WHITE BEAR LAKE, MN, 55110",Match,Exact,"2223 FLORAL DR, WHITE BEAR LAKE, MN, 55110","-93.007008735634,45.065758709351",97637229.0,L,27.0,123.0,40301.0,2015.0
698,"1310 HILLCREST AVE, ST PAUL, MN, 55116",Match,Non_Exact,"1310 W HILLCREST AVE, SAINT PAUL, MN, 55116","-93.155247843297,44.916928909521",97646954.0,L,27.0,123.0,36600.0,1019.0
578,"1745 PASCAL ST N, FALCON HEIGHTS, MN, 55113",Match,Non_Exact,"1745 N PASCAL ST, FALCON HEIGHTS, MN, 55113","-93.16177779448,44.993974449446",97640964.0,L,27.0,123.0,41900.0,1008.0
699,"755 LAKEVIEW AVE, ST PAUL, MN, 55117",Match,Non_Exact,"755 W LAKEVIEW AVE, SAINT PAUL, MN, 55117","-93.132630656179,44.981962813511",97641994.0,R,27.0,123.0,30300.0,2009.0
579,"826 COUNTY ROAD I W, SHOREVIEW, MN, 55126",Match,Exact,"826 CO RD I W, SHOREVIEW, MN, 55126","-93.135976359312,45.108084179943",617573537.0,L,27.0,123.0,40707.0,1003.0
580,"1889 COUNTY ROAD C E, MAPLEWOOD, MN, 55109",Match,Exact,"1889 CO RD C E, MAPLEWOOD, MN, 55109","-93.019828112479,45.020888759268",97652133.0,L,27.0,123.0,42401.0,4002.0
581,"0 MILDRED DR, ROSEVILLE, MN, 55113",No_Match,,,,,,,,,
582,"1758 ASBURY ST, FALCON HEIGHTS, MN, 55113",Match,Non_Exact,"1758 N ASBURY ST, FALCON HEIGHTS, MN, 55113","-93.165408851608,44.994216940468",97640921.0,R,27.0,123.0,41900.0,3019.0
583,"1163 INGERSON RD, ARDEN HILLS, MN, 55112",Match,Exact,"1163 INGERSON RD, ARDEN HILLS, MN, 55112","-93.149264724299,45.040846285093",97640308.0,R,27.0,123.0,40804.0,2018.0
584,"1931 NORTONIA AVE, ST PAUL, MN, 55119",Match,Exact,"1931 NORTONIA AVE, SAINT PAUL, MN, 55119","-93.019017014679,44.964277372498",97653515.0,L,27.0,123.0,31802.0,3013.0
585,"1775 HAMLINE AVE N, FALCON HEIGHTS, MN, 55113",Match,Exact,"1775 HAMLINE AVE N, FALCON HEIGHTS, MN, 55113","-93.156646436409,44.994920730011",635777439.0,L,27.0,123.0,41900.0,1014.0
586,"2946 MILDRED DR, ROSEVILLE, MN, 55113",Match,Exact,"2946 MILDRED DR, ROSEVILLE, MN, 55113","-93.179147256915,45.030425652505",635777383.0,R,27.0,123.0,41302.0,4004.0
587,"5265 HODGSON RD, SHOREVIEW, MN, 55126",Match,Exact,"5265 HODGSON RD, SHOREVIEW, MN, 55126","-93.127315980509,45.100914186203",647906277.0,L,27.0,123.0,40707.0,1003.0
588,"2166 NORTONIA AVE, ST PAUL, MN, 55119",Match,Exact,"2166 NORTONIA AVE, SAINT PAUL, MN, 55119","-93.010899617901,44.967597201879",97653634.0,R,27.0,123.0,31802.0,2003.0
589,"776 COUNTY ROAD I W, SHOREVIEW, MN, 55126",Match,Exact,"776 CO RD I W, SHOREVIEW, MN, 55126","-93.133950427352,45.108094135243",617573537.0,L,27.0,123.0,40707.0,1003.0
590,"601 MONTCALM PL, ST PAUL, MN, 55116",Match,Exact,"601 MONTCALM PL, SAINT PAUL, MN, 55116","-93.148254508656,44.923168865918",97662337.0,R,27.0,123.0,36600.0,5003.0
591,"1630 BAYARD AVE, ST PAUL, MN, 55116",Match,Non_Exact,"1630 W BAYARD AVE, SAINT PAUL, MN, 55116","-93.169357237814,44.922407939007",97646160.0,L,27.0,123.0,36400.0,2012.0
592,"1978 BEECHWOOD AVE, ST PAUL, MN, 55116",Match,Exact,"1978 BEECHWOOD AVE, SAINT PAUL, MN, 55116","-93.182079574519,44.91518171431",97645954.0,L,27.0,123.0,37500.0,3002.0
593,"2938 MILDRED DR, ROSEVILLE, MN, 55113",Match,Exact,"2938 MILDRED DR, ROSEVILLE, MN, 55113","-93.179145234265,45.03028002023",635777383.0,R,27.0,123.0,41302.0,4004.0
594,"932 IOWA AVE W, ST PAUL, MN, 55117",Match,Exact,"932 IOWA AVE W, SAINT PAUL, MN, 55117","-93.139523477986,44.989131140921",97641890.0,L,27.0,123.0,30300.0,4012.0
595,"2204 GARDENETTE DR N, WHITE BEAR LAKE, MN, 55110",Match,Exact,"2204 GARDENETTE DR N, WHITE BEAR LAKE, MN, 55110","-93.008680050035,45.067644435499",97637241.0,R,27.0,123.0,40301.0,2013.0
596,"1365 ALAMEDA ST, ST PAUL, MN, 55117",Tie,,,,,,,,,
597,"2450 DUNLAP ST N, ROSEVILLE, MN, 55113",Match,Non_Exact,"2450 N DUNLAP ST, ROSEVILLE, MN, 55113","-93.150144824978,45.015029280578",97640594.0,R,27.0,123.0,41400.0,2008.0
598,"2037 BUSH AVE, ST PAUL, MN, 55119",Match,Exact,"2037 BUSH AVE, SAINT PAUL, MN, 55119","-93.014617450237,44.964931286834",97653668.0,L,27.0,123.0,31802.0,2014.0
599,"1641 SUBURBAN AVE, ST PAUL, MN, 55106",Match,Exact,"1641 SUBURBAN AVE, SAINT PAUL, MN, 55106","-93.028848611301,44.95127611637",638296376.0,L,27.0,123.0,34701.0,2009.0
900,"3530 SIEMS CT, ARDEN HILLS, MN, 55112",Match,Exact,"3530 SIEMS CT, ARDEN HILLS, MN, 55112","-93.1664023208,45.047752780596",97639837.0,R,27.0,123.0,40804.0,1006.0
901,"1412 IDAHO AVE W, FALCON HEIGHTS, MN, 55108",Match,Non_Exact,"1412 W IDAHO AVE, FALCON HEIGHTS, MN, 55108","-93.159729968396,44.989956793948",97641063.0,L,27.0,123.0,41900.0,2008.0
902,"1368 CALIFORNIA AVE W, FALCON HEIGHTS, MN, 55108",Match,Non_Exact,"1368 CALIFORNIA AVE, FALCON HEIGHTS, MN, 55108","-93.158331352427,44.990850433511",97641069.0,L,27.0,123.0,41900.0,2010.0
903,"759 PARKVIEW AVE, ST PAUL, MN, 55117",Match,Non_Exact,"759 W PARKVIEW AVE, SAINT PAUL, MN, 55117","-93.132074276127,44.983753975187",97641984.0,R,27.0,123.0,30300.0,2002.0
904,"2060 GIESMANN ST, ROSEVILLE, MN, 55113",Match,Exact,"2060 GIESMANN ST, ROSEVILLE, MN, 55113","-93.112662027549,45.003385417659",97662289.0,R,27.0,123.0,41602.0,2015.0
905,"8072 GREENWOOD DR, MOUNDS VIEW, MN, 55112",Match,Exact,"8072 GREENWOOD DR, MOUNDS VIEW, MN, 55112","-93.211217384993,45.114753842513",97633388.0,L,27.0,123.0,41001.0,1011.0
906,"8071 SUNNYSIDE RD, MOUNDS VIEW, MN, 55112",Match,Exact,"8071 SUNNYSIDE RD, MOUNDS VIEW, MN, 55112","-93.21514052442,45.114641617819",97633382.0,R,27.0,123.0,41001.0,1006.0
1220,"1628 HAMLINE AVE N, ST PAUL, MN, 55108",Match,Exact,"1628 HAMLINE AVE N, SAINT PAUL, MN, 55108","-93.156500181116,44.990271765267",97641738.0,R,27.0,123.0,30201.0,1004.0
1341,"1909 ROME AVE, ST PAUL, MN, 55116",Match,Non_Exact,"1909 W ROME AVE, SAINT PAUL, MN, 55116","-93.181214371742,44.913488591732",97646042.0,R,27.0,123.0,37500.0,3007.0
1462,"901 RUTH ST N, ST PAUL, MN, 55119",Match,Non_Exact,"901 N RUTH ST, SAINT PAUL, MN, 55119","-93.01525780436,44.968900021391",97653577.0,L,27.0,123.0,31802.0,3004.0
1340,"475 HILLTOP AVE, ROSEVILLE, MN, 55113",Match,Non_Exact,"475 W HILLTOP AVE, ROSEVILLE, MN, 55113","-93.120069633651,44.997210864567",97643552.0,R,27.0,123.0,41602.0,3000.0
1461,"476 GLENWOOD AVE, ROSEVILLE, MN, 55113",Match,Non_Exact,"476 W GLENWOOD AVE, ROSEVILLE, MN, 55113","-93.119247830707,44.996195543359",97643557.0,L,27.0,123.0,41602.0,3000.0
1460,"1214 BROOKS AVE W, ROSEVILLE, MN, 55113",Match,Non_Exact,"1214 W BROOKS AVE, ROSEVILLE, MN, 55113","-93.150330953237,45.016202830093",97640592.0,L,27.0,123.0,41400.0,2005.0
1217,"3055 RICE ST, ROSEVILLE, MN, 55113",Match,Exact,"3055 RICE ST, ROSEVILLE, MN, 55113","-93.106267181064,45.033172621049",97643044.0,L,27.0,123.0,41601.0,1007.0
1338,"2080 MANITOU AVE, ST PAUL, MN, 55119",Match,Exact,"2080 MANITOU AVE, SAINT PAUL, MN, 55119","-93.013825998325,44.9686114544",97653597.0,R,27.0,123.0,31802.0,3002.0
1459,"1801 ELM ST, WHITE BEAR LAKE, MN, 55110",Match,Exact,"1801 ELM ST, WHITE BEAR LAKE, MN, 55110","-93.024941808097,45.046696275604",97651926.0,L,27.0,123.0,40402.0,1005.0
1216,"1483 ALBERT ST N, ST PAUL, MN, 55108",Match,Exact,"1483 ALBERT ST N, SAINT PAUL, MN, 55108","-93.159331750766,44.983964421372",97641119.0,L,27.0,123.0,30201.0,4002.0
1337,"1783 WHITE BEAR AVE N, MAPLEWOOD, MN, 55109",Match,Exact,"1783 WHITE BEAR AVE N, MAPLEWOOD, MN, 55109","-93.025298296375,44.994929539342",97652980.0,L,27.0,123.0,42402.0,1014.0
1458,"7930 EASTWOOD RD, MOUNDS VIEW, MN, 55112",Match,Exact,"7930 EASTWOOD RD, MOUNDS VIEW, MN, 55112","-93.213221948555,45.112191274736",97633385.0,L,27.0,123.0,41001.0,1006.0
1215,"1470 CALIFORNIA AVE W, FALCON HEIGHTS, MN, 55108",Match,Non_Exact,"1470 CALIFORNIA AVE, FALCON HEIGHTS, MN, 55108","-93.161897673816,44.99082472293",97641045.0,L,27.0,123.0,41900.0,2014.0
1336,"1409 SHELDON ST, ST PAUL, MN, 55108",Tie,,,,,,,,,
1457,"1502 CALIFORNIA AVE W, FALCON HEIGHTS, MN, 55108",Match,Non_Exact,"1502 CALIFORNIA AVE, FALCON HEIGHTS, MN, 55108","-93.162471521302,44.990818682469",97641045.0,L,27.0,123.0,41900.0,2014.0
1214,"2138 5TH ST E, ST PAUL, MN, 55119",Match,Non_Exact,"2138 E 5TH ST, SAINT PAUL, MN, 55119","-93.010393706641,44.959399799614",97653729.0,R,27.0,123.0,34702.0,4007.0
1335,"1257 IDAHO AVE W, ST PAUL, MN, 55108",Match,Exact,"1257 IDAHO AVE W, SAINT PAUL, MN, 55108","-93.152985817624,44.990145198504",97641754.0,R,27.0,123.0,30201.0,1002.0
1456,"1861 BEECHWOOD AVE, ST PAUL, MN, 55116",Match,Exact,"1861 BEECHWOOD AVE, SAINT PAUL, MN, 55116","-93.178999339368,44.915300910068",97645967.0,R,27.0,123.0,37500.0,3000.0
1213,"1796 KENNARD ST N, MAPLEWOOD, MN, 55109",Match,Non_Exact,"1796 N KENNARD ST, MAPLEWOOD, MN, 55109","-93.030256293401,44.995287035255",97652974.0,R,27.0,123.0,42402.0,1013.0
1334,"2801 BRONSON DR, MOUNDS VIEW, MN, 55112",Match,Exact,"2801 BRONSON DR, MOUNDS VIEW, MN, 55112","-93.219217017965,45.103593495058",97633638.0,R,27.0,123.0,41002.0,1000.0
1455,"1740 KENNARD ST N, MAPLEWOOD, MN, 55109",Match,Non_Exact,"1740 N KENNARD ST, MAPLEWOOD, MN, 55109","-93.030256895984,44.99396118688",97652975.0,R,27.0,123.0,42402.0,1013.0
1212,"1351 SIMPSON ST, ST PAUL, MN, 55108",Match,Exact,"1351 SIMPSON ST, SAINT PAUL, MN, 55108","-93.163197973747,44.982235307455",619253152.0,L,27.0,123.0,30201.0,4015.0
1333,"1420 MCKINLEY ST, ST PAUL, MN, 55108",Match,Non_Exact,"1420 W MCKINLEY ST, SAINT PAUL, MN, 55108","-93.160469745759,44.984199786484",97641118.0,R,27.0,123.0,30201.0,4002.0
1454,"2754 VALLEY VIEW LN, NEW BRIGHTON, MN, 55112",Match,Exact,"2754 VALLEY VIEW LN, NEW BRIGHTON, MN, 55112","-93.222895224582,45.091131832157",619696098.0,R,27.0,123.0,41105.0,5012.0
1211,"2967 CHATSWORTH ST N, ROSEVILLE, MN, 55113",Match,Exact,"2967 CHATSWORTH ST N, ROSEVILLE, MN, 55113","-93.14179826927,45.030812119379",97640421.0,L,27.0,123.0,41500.0,2004.0
1332,"823 IROQUOIS AVE, ST PAUL, MN, 55119",Match,Exact,"823 IROQUOIS AVE, SAINT PAUL, MN, 55119","-93.017149643248,44.966540064342",97660443.0,L,27.0,123.0,31802.0,3007.0
1453,"2179 FLORAL DR, WHITE BEAR LAKE, MN, 55110",Match,Exact,"2179 FLORAL DR, WHITE BEAR LAKE, MN, 55110","-93.008823647323,45.06576837183",97637229.0,L,27.0,123.0,40301.0,2015.0
1210,"1818 WOODRUFF AVE, ROSEVILLE, MN, 55113",Match,Exact,"1818 WOODRUFF AVE, ROSEVILLE, MN, 55113","-93.118574574705,44.99607459971",97643558.0,L,27.0,123.0,41602.0,3000.0
1331,"2983 CHATSWORTH ST N, ROSEVILLE, MN, 55113",Match,Exact,"2983 CHATSWORTH ST N, ROSEVILLE, MN, 55113","-93.141803493675,45.031028560307",97640421.0,L,27.0,123.0,41500.0,2004.0
1452,"1504 IOWA AVE W, FALCON HEIGHTS, MN, 55108",Match,Non_Exact,"1504 W IOWA AVE, FALCON HEIGHTS, MN, 55108","-93.163502720414,44.989023332054",97641049.0,L,27.0,123.0,41900.0,2015.0
1219,"869 ALGONQUIN AVE, ST PAUL, MN, 55119",Match,Non_Exact,"869 N ALGONQUIN AVE, SAINT PAUL, MN, 55119","-93.018088294952,44.967520972303",97653571.0,L,27.0,123.0,31802.0,3007.0
1218,"1765 PASCAL ST N, FALCON HEIGHTS, MN, 55113",Match,Non_Exact,"1765 N PASCAL ST, FALCON HEIGHTS, MN, 55113","-93.161777794414,44.994453156946",97640964.0,L,27.0,123.0,41900.0,1008.0
1339,"2108 MOHAWK AVE, ST PAUL, MN, 55119",Match,Exact,"2108 MOHAWK AVE, SAINT PAUL, MN, 55119","-93.013282846965,44.967942299992",97653602.0,R,27.0,123.0,31802.0,3001.0
1110,"1835 PASCAL ST N, FALCON HEIGHTS, MN, 55113",Match,Non_Exact,"1835 N PASCAL ST, FALCON HEIGHTS, MN, 55113","-93.161777797777,44.996271546492",97640961.0,L,27.0,123.0,41900.0,1007.0
1231,"1794 FLANDRAU ST N, MAPLEWOOD, MN, 55109",Match,Exact,"1794 FLANDRAU ST N, MAPLEWOOD, MN, 55109","-93.027748985449,44.996177856864",97652965.0,R,27.0,123.0,42402.0,1014.0
1352,"3550 RIDGEWOOD RD, ARDEN HILLS, MN, 55112",Match,Exact,"3550 RIDGEWOOD RD, ARDEN HILLS, MN, 55112","-93.164229774701,45.049446919123",97688395.0,R,27.0,123.0,40804.0,1005.0
1473,"1843 FLANDRAU ST N, MAPLEWOOD, MN, 55109",Match,Exact,"1843 FLANDRAU ST N, MAPLEWOOD, MN, 55109","-93.027909682878,44.997240313405",97652965.0,L,27.0,123.0,42402.0,1013.0
1230,"2000 WHEELER ST N, ROSEVILLE, MN, 55113",Match,Exact,"2000 WHEELER ST N, ROSEVILLE, MN, 55113","-93.174343971637,45.001415462158",97640812.0,R,27.0,123.0,41301.0,1022.0
1351,"1784 ARONA ST, FALCON HEIGHTS, MN, 55113",Match,Non_Exact,"1784 N ARONA ST, FALCON HEIGHTS, MN, 55113","-93.16414581328,44.994793094885",97640953.0,R,27.0,123.0,41900.0,1009.0
1472,"1467 ALBERT ST N, ST PAUL, MN, 55108",Match,Exact,"1467 ALBERT ST N, SAINT PAUL, MN, 55108","-93.159337632528,44.983392721694",97641119.0,L,27.0,123.0,30201.0,4002.0
1350,"770 PARKVIEW AVE, ST PAUL, MN, 55117",Match,Non_Exact,"770 W PARKVIEW AVE, SAINT PAUL, MN, 55117","-93.132461214462,44.983641219418",97641984.0,L,27.0,123.0,30300.0,2004.0
1471,"1688 NORTH RIDGEWOOD LN W, ROSEVILLE, MN, 55113",Match,Non_Exact,"1688 RIDGEWOOD LN N, ROSEVILLE, MN, 55113","-93.169847012872,45.002075763064",97640879.0,L,27.0,123.0,41301.0,1018.0
1470,"2016 REANEY AVE, ST PAUL, MN, 55119",Match,Exact,"2016 REANEY AVE, SAINT PAUL, MN, 55119","-93.015315846683,44.96393400918",97653516.0,R,27.0,123.0,31802.0,3017.0
1107,"3048 COUNTY ROAD H2, MOUNDS VIEW, MN, 55112",Match,Exact,"3048 CO RD H2, MOUNDS VIEW, MN, 55112","-93.226455868613,45.100389402388",617573939.0,L,27.0,123.0,41002.0,1008.0
1228,"1440 BELMONT LN W, ROSEVILLE, MN, 55113",Match,Exact,"1440 BELMONT LN W, ROSEVILLE, MN, 55113","-93.160121108423,45.003490582458",97641631.0,L,27.0,123.0,41800.0,2006.0
1349,"0 IOWA AVE W, FALCON HEIGHTS, MN, 55108",No_Match,,,,,,,,,
1106,"1475 CHELSEA ST, ST PAUL, MN, 55108",Match,Non_Exact,"1475 N CHELSEA ST, SAINT PAUL, MN, 55108","-93.154124788287,44.986103456473",97641764.0,L,27.0,123.0,30201.0,2017.0
1227,"1735 ST MARYS ST, FALCON HEIGHTS, MN, 55113",Match,Exact,"1735 ST MARY'S ST, FALCON HEIGHTS, MN, 55113","-93.168932565982,44.994009303688",97640907.0,L,27.0,123.0,41900.0,3006.0
1348,"475 WAGNER ST, ROSEVILLE, MN, 55113",Match,Non_Exact,"475 WAGNER AVE, ROSEVILLE, MN, 55113","-93.119470724031,44.995455943453",647909581.0,R,27.0,123.0,41602.0,3000.0
1469,"1764 SIMPSON ST, FALCON HEIGHTS, MN, 55113",Match,Exact,"1764 SIMPSON ST, FALCON HEIGHTS, MN, 55113","-93.162882109663,44.994349982141",97640956.0,R,27.0,123.0,41900.0,1008.0
1105,"15 MID OAKS LN, ROSEVILLE, MN, 55113",Match,Exact,"15 MID OAKS LN, ROSEVILLE, MN, 55113","-93.168467666616,44.9998736487",97662234.0,L,27.0,123.0,41301.0,1017.0
1226,"2130 4TH ST E, ST PAUL, MN, 55119",Match,Non_Exact,"2130 E 4TH ST, SAINT PAUL, MN, 55119","-93.010630906221,44.958489696103",97653731.0,R,27.0,123.0,34702.0,4010.0
1347,"517 MONTROSE LN, ST PAUL, MN, 55116",Match,Exact,"517 MONTROSE LN, SAINT PAUL, MN, 55116","-93.193671826145,44.924926716427",97639528.0,R,27.0,123.0,43001.0,3001.0
1468,"1493 IOWA AVE W, FALCON HEIGHTS, MN, 55108",Match,Non_Exact,"1493 W IOWA AVE, FALCON HEIGHTS, MN, 55108","-93.163022828912,44.989141290766",97641049.0,R,27.0,123.0,41900.0,2007.0
1104,"2137 MOHAWK AVE, ST PAUL, MN, 55119",Match,Exact,"2137 MOHAWK AVE, SAINT PAUL, MN, 55119","-93.012793134317,44.968626345197",97653602.0,L,27.0,123.0,31802.0,3002.0
1225,"7865 SPRING LAKE RD, MOUNDS VIEW, MN, 55112",Match,Exact,"7865 SPRING LAKE RD, MOUNDS VIEW, MN, 55112","-93.22478277664,45.110701924287",649428313.0,R,27.0,123.0,41001.0,2017.0
1346,"1244 IDAHO AVE W, ST PAUL, MN, 55108",Match,Exact,"1244 IDAHO AVE W, SAINT PAUL, MN, 55108","-93.152445777209,44.990038078858",97641787.0,L,27.0,123.0,30201.0,1008.0
1467,"1603 CHELSEA ST, ST PAUL, MN, 55108",Tie,,,,,,,,,
1103,"1027 DESOTO ST, ST PAUL, MN, 55130",Match,Exact,"1027 DESOTO ST, SAINT PAUL, MN, 55130","-93.081223290948,44.972449470007",97650355.0,L,27.0,123.0,30900.0,3019.0
1224,"1858 MONTREAL AVE, ST PAUL, MN, 55116",Match,Exact,"1858 MONTREAL AVE, SAINT PAUL, MN, 55116","-93.14870264147,44.912369934989",97647092.0,L,27.0,123.0,36700.0,3029.0
1345,"1484 IOWA AVE W, FALCON HEIGHTS, MN, 55108",Match,Non_Exact,"1484 W IOWA AVE, FALCON HEIGHTS, MN, 55108","-93.162700226615,44.989028953672",97641049.0,L,27.0,123.0,41900.0,2015.0
1466,"1228 HOYT AVE W, ST PAUL, MN, 55108",Match,Exact,"1228 HOYT AVE W, SAINT PAUL, MN, 55108","-93.151821064753,44.988222893412",97641765.0,L,27.0,123.0,30202.0,3000.0
1102,"1404 SKILES LN, ARDEN HILLS, MN, 55112",Match,Exact,"1404 SKILES LN, ARDEN HILLS, MN, 55112","-93.160533454899,45.046369408739",97639864.0,L,27.0,123.0,40804.0,1001.0
1223,"2096 STILLWATER AVE, ST PAUL, MN, 55119",Match,Exact,"2096 STILLWATER AVE, SAINT PAUL, MN, 55119","-93.01190057363,44.969136673322",97653630.0,R,27.0,123.0,31802.0,3001.0
1344,"14 MID OAKS RD, ROSEVILLE, MN, 55113",Match,Exact,"14 MID OAKS RD, ROSEVILLE, MN, 55113","-93.169647531708,44.999167449855",97640870.0,R,27.0,123.0,41301.0,1017.0
1465,"2092 STILLWATER AVE, ST PAUL, MN, 55119",Match,Exact,"2092 STILLWATER AVE, SAINT PAUL, MN, 55119","-93.012032165315,44.969130850689",97653630.0,R,27.0,123.0,31802.0,3001.0
1101,"770 COTTAGE AVE W, ST PAUL, MN, 55117",Match,Exact,"770 COTTAGE AVE W, SAINT PAUL, MN, 55117","-93.130888198813,44.982678686755",97643453.0,L,27.0,123.0,30300.0,2010.0
1222,"2006 STILLWATER AVE, ST PAUL, MN, 55119",Match,Exact,"2006 STILLWATER AVE, SAINT PAUL, MN, 55119","-93.015887808317,44.968942454166",97653576.0,R,27.0,123.0,31802.0,3004.0
1343,"3233 WOODBRIDGE ST, SHOREVIEW, MN, 55126",Match,Exact,"3233 WOODBRIDGE ST, SHOREVIEW, MN, 55126","-93.109051624796,45.039376493918",97642681.0,L,27.0,123.0,40704.0,3001.0
1464,"1911 BEECHWOOD AVE, ST PAUL, MN, 55116",Match,Exact,"1911 BEECHWOOD AVE, SAINT PAUL, MN, 55116","-93.181152084963,44.915296305626",97645954.0,R,27.0,123.0,37500.0,3001.0
1100,"1831 ASBURY ST, FALCON HEIGHTS, MN, 55113",Match,Non_Exact,"1831 N ASBURY ST, FALCON HEIGHTS, MN, 55113","-93.165564997988,44.996103518829",97640917.0,L,27.0,123.0,41900.0,3017.0
1221,"1046 HOYT AVE W, ST PAUL, MN, 55117",Match,Exact,"1046 HOYT AVE W, SAINT PAUL, MN, 55117","-93.144534733938,44.988263564484",97641814.0,L,27.0,123.0,30300.0,4016.0
1342,"1382 EDGERTON ST, ST PAUL, MN, 55130",Match,Exact,"1382 EDGERTON ST, SAINT PAUL, MN, 55130","-93.076043363422,44.982745008082",97650052.0,R,27.0,123.0,30602.0,3010.0
1463,"7075 KNOLLWOOD DR, MOUNDS VIEW, MN, 55112",Match,Exact,"7075 KNOLLWOOD DR, MOUNDS VIEW, MN, 55112","-93.222088530202,45.096978960103",97633651.0,R,27.0,123.0,41002.0,1011.0
1109,"8040 GROVELAND RD, MOUNDS VIEW, MN, 55112",Match,Exact,"8040 GROVELAND RD, MOUNDS VIEW, MN, 55112","-93.221247348949,45.113547017047",97633349.0,L,27.0,123.0,41001.0,2009.0
1108,"2908 SPRINGVIEW LN, MOUNDS VIEW, MN, 55112",Match,Non_Exact,"2908 SPRINGVIEW LN NE, MOUNDS VIEW, MN, 55112","-93.222358432807,45.094469150607",97633584.0,L,27.0,123.0,41002.0,1010.0
1229,"8389 PLEASANT VIEW DR, MOUNDS VIEW, MN, 55112",Match,Exact,"8389 PLEASANT VIEW DR, MOUNDS VIEW, MN, 55112","-93.226679682394,45.121320176595",97633297.0,R,27.0,123.0,41001.0,2005.0
1000,"2004 HAMLINE AVE N, ROSEVILLE, MN, 55113",Match,Exact,"2004 HAMLINE AVE N, ROSEVILLE, MN, 55113","-93.156503747067,45.001448496904",97641636.0,R,27.0,123.0,41800.0,3022.0
1121,"1865 WHITE BEAR AVE N, MAPLEWOOD, MN, 55109",Match,Exact,"1865 WHITE BEAR AVE N, MAPLEWOOD, MN, 55109","-93.02529477094,44.997316508371",636241388.0,L,27.0,123.0,42402.0,1014.0
1242,"1984 SNELLING AVE N, ROSEVILLE, MN, 55113",Match,Non_Exact,"1984 N SNELLING DR, ROSEVILLE, MN, 55113","-93.166164536337,45.000426927589",97640897.0,R,27.0,123.0,41800.0,2013.0
1363,"781 HOYT AVE W, ST PAUL, MN, 55117",Match,Exact,"781 HOYT AVE W, SAINT PAUL, MN, 55117","-93.132980578645,44.988300838572",97641965.0,R,27.0,123.0,30300.0,1017.0
1484,"2117 SHERWOOD AVE, ST PAUL, MN, 55119",Match,Exact,"2117 SHERWOOD AVE, SAINT PAUL, MN, 55119","-93.012184869126,44.983895778625",97653280.0,L,27.0,123.0,30702.0,1009.0
1120,"1427 IDAHO AVE W, FALCON HEIGHTS, MN, 55108",Match,Non_Exact,"1427 W IDAHO AVE, FALCON HEIGHTS, MN, 55108","-93.160289939908,44.990065472542",97641063.0,R,27.0,123.0,41900.0,2013.0
1241,"7961 SPRING LAKE PARK RD, SPRING LAKE PARK, MN, 55432",Match,Exact,"7961 SPRING LAKE PARK RD, SPRING LAKE PARK, MN, 55432","-93.224814388463,45.112497343547",616655056.0,L,27.0,123.0,41001.0,2016.0
1362,"1516 EDGCUMBE RD, ST PAUL, MN, 55116",Match,Exact,"1516 EDGCUMBE RD, SAINT PAUL, MN, 55116","-93.150954544083,44.919010826475",97647024.0,L,27.0,123.0,36600.0,5002.0
1483,"3552 GLENARDEN RD, ARDEN HILLS, MN, 55112",Match,Exact,"3552 GLENARDEN RD, ARDEN HILLS, MN, 55112","-93.158160635401,45.048144303469",97640246.0,R,27.0,123.0,40804.0,1000.0
1240,"2015 STILLWATER AVE, ST PAUL, MN, 55119",Match,Exact,"2015 STILLWATER AVE, SAINT PAUL, MN, 55119","-93.015268537546,44.969134520381",97653576.0,L,27.0,123.0,31802.0,1014.0
1361,"7941 SPRING LAKE PARK RD, SPRING LAKE PARK, MN, 55432",Match,Exact,"7941 SPRING LAKE PARK RD, SPRING LAKE PARK, MN, 55432","-93.224811354527,45.11225982709",616655056.0,L,27.0,123.0,41001.0,2016.0
1482,"1859 SIMPSON ST, FALCON HEIGHTS, MN, 55113",Match,Exact,"1859 SIMPSON ST, FALCON HEIGHTS, MN, 55113","-93.163038408023,44.996965534284",97640954.0,L,27.0,123.0,41900.0,1006.0
1360,"1511 MIDWAY PKWY, ST PAUL, MN, 55108",No_Match,,,,,,,,,
1481,"1600 HURON ST, ST PAUL, MN, 55108",Match,Non_Exact,"1600 HURON ST N, SAINT PAUL, MN, 55108","-93.155208899511,44.989376814529",97641752.0,R,27.0,123.0,30201.0,1006.0
1480,"1485 CALIFORNIA AVE W, FALCON HEIGHTS, MN, 55108",Match,Non_Exact,"1485 CALIFORNIA AVE, FALCON HEIGHTS, MN, 55108","-93.162181207192,44.990936342433",97641045.0,R,27.0,123.0,41900.0,2002.0
1118,"1639 SOUTH RIDGEWOOD LN W, ROSEVILLE, MN, 55113",Match,Non_Exact,"1639 RIDGEWOOD LN S, ROSEVILLE, MN, 55113","-93.169389071285,45.00128704587",97640888.0,R,27.0,123.0,41301.0,1018.0
1239,"7493 GROVELAND RD, MOUNDS VIEW, MN, 55112",Match,Exact,"7493 GROVELAND RD, MOUNDS VIEW, MN, 55112","-93.220940860043,45.104092943559",97633637.0,R,27.0,123.0,41002.0,1000.0
1117,"1511 HOLTON ST, ST PAUL, MN, 55108",Match,Non_Exact,"1511 N HOLTON ST, SAINT PAUL, MN, 55108","-93.160597640938,44.986623393949",97641075.0,L,27.0,123.0,30201.0,2004.0
1238,"2625 MOUNDS VIEW BLVD, MOUNDS VIEW, MN, 55112",No_Match,,,,,,,,,
1359,"2054 STILLWATER AVE, ST PAUL, MN, 55119",Match,Exact,"2054 STILLWATER AVE, SAINT PAUL, MN, 55119","-93.013480680173,44.969076329338",97653601.0,R,27.0,123.0,31802.0,3002.0
1116,"7915 PLEASANT VIEW DR, SPRING LAKE PARK, MN, 55432",Match,Exact,"7915 PLEASANT VIEW DR, SPRING LAKE PARK, MN, 55432","-93.227759238118,45.111701982826",616654679.0,R,27.0,123.0,41001.0,2015.0
1237,"1402 PASCAL ST N, ST PAUL, MN, 55108",Match,Exact,"1402 PASCAL ST N, SAINT PAUL, MN, 55108","-93.161737983175,44.98356111345",97641094.0,R,27.0,123.0,30201.0,4003.0
1358,"1700 ST MARYS ST, FALCON HEIGHTS, MN, 55113",Match,Exact,"1700 ST MARY'S ST, FALCON HEIGHTS, MN, 55113","-93.168779499387,44.993451221743",97640907.0,R,27.0,123.0,41900.0,3022.0
1479,"1385 SHELDON ST, ST PAUL, MN, 55108",Tie,,,,,,,,,
1115,"828 IROQUOIS AVE, ST PAUL, MN, 55119",Match,Exact,"828 IROQUOIS AVE, SAINT PAUL, MN, 55119","-93.017004636284,44.966488962678",97660443.0,R,27.0,123.0,31802.0,3008.0
1236,"1841 ASBURY ST, FALCON HEIGHTS, MN, 55113",Match,Non_Exact,"1841 N ASBURY ST, FALCON HEIGHTS, MN, 55113","-93.165564245532,44.996404484639",97640917.0,L,27.0,123.0,41900.0,3017.0
1357,"3535 SIEMS CT, ARDEN HILLS, MN, 55112",Match,Exact,"3535 SIEMS CT, ARDEN HILLS, MN, 55112","-93.166428572039,45.048039943167",97639837.0,L,27.0,123.0,40804.0,1007.0
1478,"753 NEBRASKA AVE W, ST PAUL, MN, 55117",Match,Non_Exact,"753 W NEBRASKA AVE, SAINT PAUL, MN, 55117","-93.131805033292,44.986472847856",97641969.0,R,27.0,123.0,30300.0,1031.0
1114,"1491 CALIFORNIA AVE W, FALCON HEIGHTS, MN, 55108",Match,Non_Exact,"1491 CALIFORNIA AVE, FALCON HEIGHTS, MN, 55108","-93.162287221295,44.990935226502",97641045.0,R,27.0,123.0,41900.0,2002.0
1235,"1904 FLANDRAU ST N, MAPLEWOOD, MN, 55109",Match,Exact,"1904 FLANDRAU ST N, MAPLEWOOD, MN, 55109","-93.027746014116,44.998539808657",97652965.0,R,27.0,123.0,42402.0,1014.0
1356,"2045 SHERWOOD AVE, ST PAUL, MN, 55119",Match,Exact,"2045 SHERWOOD AVE, SAINT PAUL, MN, 55119","-93.013947229007,44.983889445018",97653280.0,L,27.0,123.0,30702.0,1009.0
1477,"1429 SKILES LN, ARDEN HILLS, MN, 55112",Match,Exact,"1429 SKILES LN, ARDEN HILLS, MN, 55112","-93.16112188142,45.046222475678",97639868.0,R,27.0,123.0,40804.0,1004.0
1113,"2090 5TH ST E, ST PAUL, MN, 55119",Match,Non_Exact,"2090 E 5TH ST, SAINT PAUL, MN, 55119","-93.012229752451,44.959406322107",97653729.0,R,27.0,123.0,34702.0,4007.0
1234,"1766 ELEANOR AVE, ST PAUL, MN, 55116",Match,Non_Exact,"1766 W ELEANOR AVE, SAINT PAUL, MN, 55116","-93.174971808177,44.920609871129",97646004.0,L,27.0,123.0,36400.0,3009.0
1355,"794 IDAHO AVE W, ST PAUL, MN, 55117",Match,Exact,"794 IDAHO AVE W, SAINT PAUL, MN, 55117","-93.133211809121,44.989997351843",97641959.0,L,27.0,123.0,30300.0,1012.0
1476,"1921 MONTREAL AVE, ST PAUL, MN, 55116",Match,Non_Exact,"1921 W MONTREAL AVE, SAINT PAUL, MN, 55116","-93.181647935011,44.912580043948",97646041.0,R,27.0,123.0,37500.0,3011.0
1112,"738 PARKVIEW AVE, ST PAUL, MN, 55117",Match,Non_Exact,"738 W PARKVIEW AVE, SAINT PAUL, MN, 55117","-93.131184550455,44.983635295352",97643449.0,L,27.0,123.0,30300.0,2005.0
1233,"3541 RIDGEWOOD CT, ARDEN HILLS, MN, 55112",Match,Exact,"3541 RIDGEWOOD CT, ARDEN HILLS, MN, 55112","-93.165084141856,45.04856391564",97688397.0,L,27.0,123.0,40804.0,1006.0
1354,"7900 RED OAK DR, MOUNDS VIEW, MN, 55112",Match,Exact,"7900 RED OAK DR, MOUNDS VIEW, MN, 55112","-93.217317842363,45.112767408088",97633360.0,L,27.0,123.0,41001.0,2011.0
1475,"1728 PASCAL ST N, FALCON HEIGHTS, MN, 55113",Match,Non_Exact,"1728 N PASCAL ST, FALCON HEIGHTS, MN, 55113","-93.161615758065,44.993328194311",97640964.0,R,27.0,123.0,41900.0,1011.0
1111,"2056 NOKOMIS AVE, ST PAUL, MN, 55119",Match,Exact,"2056 NOKOMIS AVE, SAINT PAUL, MN, 55119","-93.0141224349,44.966502132981",97653599.0,R,27.0,123.0,31802.0,3011.0
1232,"1757 HOLTON ST, FALCON HEIGHTS, MN, 55113",Match,Exact,"1757 HOLTON ST, FALCON HEIGHTS, MN, 55113","-93.160495293268,44.994628553933",97640966.0,L,27.0,123.0,41900.0,1011.0
1353,"1475 SKILES LN, ARDEN HILLS, MN, 55112",Match,Exact,"1475 SKILES LN, ARDEN HILLS, MN, 55112","-93.162733244697,45.04612049419",97639866.0,R,27.0,123.0,40804.0,1008.0
1474,"2099 FLORAL DR, WHITE BEAR LAKE, MN, 55110",Match,Exact,"2099 FLORAL DR, WHITE BEAR LAKE, MN, 55110","-93.011921847878,45.065787641215",97637190.0,L,27.0,123.0,40301.0,2007.0
1119,"788 IDAHO AVE W, ST PAUL, MN, 55117",Match,Exact,"788 IDAHO AVE W, SAINT PAUL, MN, 55117","-93.133088932672,44.989996332112",97641959.0,L,27.0,123.0,30300.0,1012.0
1011,"3576 AUGER AVE, WHITE BEAR LAKE, MN, 55110",Match,Exact,"3576 AUGER AVE, WHITE BEAR LAKE, MN, 55110","-93.022942162272,45.04962297953",97663833.0,L,27.0,123.0,40402.0,1003.0
1132,"1388 FRANKSON AVE, ST PAUL, MN, 55108",Match,Exact,"1388 FRANKSON AVE, SAINT PAUL, MN, 55108","-93.158829412686,44.982243978536",97641125.0,L,27.0,123.0,30201.0,4012.0
1253,"1625 JUNO AVE, ST PAUL, MN, 55116",Match,Non_Exact,"1625 W JUNO AVE, SAINT PAUL, MN, 55116","-93.169248484367,44.926149161533",97646154.0,R,27.0,123.0,36400.0,2000.0
1374,"847 IROQUOIS AVE, ST PAUL, MN, 55119",Match,Exact,"847 IROQUOIS AVE, SAINT PAUL, MN, 55119","-93.016577610895,44.967059977935",97653573.0,L,27.0,123.0,31802.0,3005.0
1495,"7971 SPRING LAKE PARK RD, SPRING LAKE PARK, MN, 55432",Match,Exact,"7971 SPRING LAKE PARK RD, SPRING LAKE PARK, MN, 55432","-93.224815905431,45.112616101775",616655056.0,L,27.0,123.0,41001.0,2016.0
1010,"1562 HAMLINE AVE N, ST PAUL, MN, 55108",Match,Exact,"1562 HAMLINE AVE N, SAINT PAUL, MN, 55108","-93.156526469294,44.988821054814",97641743.0,R,27.0,123.0,30201.0,1005.0
1131,"1550 EDGCUMBE RD, ST PAUL, MN, 55116",Match,Exact,"1550 EDGCUMBE RD, SAINT PAUL, MN, 55116","-93.151482833031,44.917571935582",97647026.0,L,27.0,123.0,36600.0,5002.0
1252,"7444 SILVER LAKE RD, MOUNDS VIEW, MN, 55112",Match,Exact,"7444 SILVER LAKE RD, MOUNDS VIEW, MN, 55112","-93.219200284782,45.102856442025",97633639.0,L,27.0,123.0,41002.0,1006.0
1373,"1810 FLANDRAU ST N, MAPLEWOOD, MN, 55109",Match,Exact,"1810 FLANDRAU ST N, MAPLEWOOD, MN, 55109","-93.027748553255,44.996521413489",97652965.0,R,27.0,123.0,42402.0,1014.0
1494,"1769 FLANDRAU ST N, MAPLEWOOD, MN, 55109",Match,Exact,"1769 FLANDRAU ST N, MAPLEWOOD, MN, 55109","-93.027911693963,44.995641675301",97652965.0,L,27.0,123.0,42402.0,1013.0
1130,"7555 GROVELAND RD, MOUNDS VIEW, MN, 55112",Match,Exact,"7555 GROVELAND RD, MOUNDS VIEW, MN, 55112","-93.22095829813,45.105186131083",97633370.0,R,27.0,123.0,41002.0,1000.0
1251,"1575 EDGCUMBE RD, ST PAUL, MN, 55116",Match,Exact,"1575 EDGCUMBE RD, SAINT PAUL, MN, 55116","-93.151979028519,44.917229658025",97647026.0,R,27.0,123.0,36600.0,1012.0
1372,"1841 SIMPSON ST, FALCON HEIGHTS, MN, 55113",Match,Exact,"1841 SIMPSON ST, FALCON HEIGHTS, MN, 55113","-93.163039813083,44.99640073144",97640954.0,L,27.0,123.0,41900.0,1006.0
1493,"2065 GIESMANN ST, ROSEVILLE, MN, 55113",Match,Exact,"2065 GIESMANN ST, ROSEVILLE, MN, 55113","-93.112824917231,45.003477662876",97662289.0,L,27.0,123.0,41602.0,2014.0
1250,"2989 VICTORIA ST N, ROSEVILLE, MN, 55113",Match,Exact,"2989 VICTORIA ST N, ROSEVILLE, MN, 55113","-93.136767519927,45.031124518763",97640446.0,L,27.0,123.0,41500.0,2007.0
1371,"2176 NORTONIA AVE, ST PAUL, MN, 55119",Match,Exact,"2176 NORTONIA AVE, SAINT PAUL, MN, 55119","-93.01085277989,44.967661817351",97653634.0,R,27.0,123.0,31802.0,2003.0
1492,"940 IROQUOIS AVE, ST PAUL, MN, 55119",Match,Exact,"940 IROQUOIS AVE, SAINT PAUL, MN, 55119","-93.016262836953,44.969706279061",97653560.0,R,27.0,123.0,31802.0,1014.0
1370,"941 EDITH ST N, MAPLEWOOD, MN, 55119",Match,Non_Exact,"941 EDITH ST, MAPLEWOOD, MN, 55119","-92.992475045756,44.969821643465",97653943.0,L,27.0,123.0,42501.0,4008.0
1491,"2080 GIESMANN ST, ROSEVILLE, MN, 55113",Match,Exact,"2080 GIESMANN ST, ROSEVILLE, MN, 55113","-93.112665564344,45.003781544869",97662289.0,R,27.0,123.0,41602.0,2015.0
1490,"3484 GLENARDEN RD, ARDEN HILLS, MN, 55112",Match,Exact,"3484 GLENARDEN RD, ARDEN HILLS, MN, 55112","-93.1581423607,45.046561764755",97640247.0,R,27.0,123.0,40804.0,1000.0
1008,"11 MID OAKS LN, ROSEVILLE, MN, 55113",Match,Exact,"11 MID OAKS LN, ROSEVILLE, MN, 55113","-93.16847051224,44.999630824878",97662234.0,L,27.0,123.0,41301.0,1017.0
1129,"1147 BROOKS AVE W, ROSEVILLE, MN, 55113",Match,Non_Exact,"1147 W BROOKS AVE, ROSEVILLE, MN, 55113","-93.148852290783,45.016322811763",97640599.0,R,27.0,123.0,41400.0,2004.0
1007,"1415 ALBERT ST N, ST PAUL, MN, 55108",Match,Exact,"1415 ALBERT ST N, SAINT PAUL, MN, 55108","-93.159329577072,44.984175701688",97641119.0,L,27.0,123.0,30201.0,4002.0
1128,"3688 RUSTIC PL, SHOREVIEW, MN, 55126",Match,Exact,"3688 RUSTIC PL, SHOREVIEW, MN, 55126","-93.107623369297,45.052989771124",97642986.0,R,27.0,123.0,40704.0,5005.0
1249,"1761 ASBURY ST, FALCON HEIGHTS, MN, 55113",Match,Non_Exact,"1761 N ASBURY ST, FALCON HEIGHTS, MN, 55113","-93.165570725255,44.994263458949",97640921.0,L,27.0,123.0,41900.0,3016.0
1006,"1861 COUNTY ROAD C E, MAPLEWOOD, MN, 55109",Match,Exact,"1861 CO RD C E, MAPLEWOOD, MN, 55109","-93.021913038008,45.02087735079",97652133.0,L,27.0,123.0,42401.0,4002.0
1127,"8045 SUNNYSIDE RD, MOUNDS VIEW, MN, 55112",Match,Exact,"8045 SUNNYSIDE RD, MOUNDS VIEW, MN, 55112","-93.215133475825,45.114179930548",97633382.0,R,27.0,123.0,41001.0,1006.0
1248,"2006 NORTONIA AVE, ST PAUL, MN, 55119",Match,Exact,"2006 NORTONIA AVE, SAINT PAUL, MN, 55119","-93.015855554571,44.965328046166",97653657.0,R,27.0,123.0,31802.0,3015.0
1369,"1959 NORTONIA AVE, ST PAUL, MN, 55119",Match,Exact,"1959 NORTONIA AVE, SAINT PAUL, MN, 55119","-93.018275678082,44.964768978534",97653515.0,L,27.0,123.0,31802.0,3013.0
1005,"540 MONTROSE LN, ST PAUL, MN, 55116",Match,Exact,"540 MONTROSE LN, SAINT PAUL, MN, 55116","-93.193509469605,44.92533531038",97639528.0,L,27.0,123.0,43001.0,3000.0
1126,"2153 WAUKON AVE, ST PAUL, MN, 55119",Match,Exact,"2153 WAUKON AVE, SAINT PAUL, MN, 55119","-93.010137042031,44.967174157499",97653640.0,L,27.0,123.0,31802.0,2003.0
1247,"936 ALGONQUIN AVE, ST PAUL, MN, 55119",Match,Non_Exact,"936 N ALGONQUIN AVE, SAINT PAUL, MN, 55119","-93.019164597799,44.968583999311",647899419.0,R,27.0,123.0,31802.0,1011.0
1368,"2028 ARLINGTON AVE E, ST PAUL, MN, 55119",Match,Exact,"2028 ARLINGTON AVE E, SAINT PAUL, MN, 55119","-93.014333745554,44.984681069831",97653246.0,R,27.0,123.0,30702.0,1009.0
1489,"1463 ALBERT ST N, ST PAUL, MN, 55108",Match,Exact,"1463 ALBERT ST N, SAINT PAUL, MN, 55108","-93.159339102969,44.983249796774",97641119.0,L,27.0,123.0,30201.0,4002.0
1004,"1907 SAUNDERS AVE, ST PAUL, MN, 55116",Match,Non_Exact,"1907 W SAUNDERS AVE, SAINT PAUL, MN, 55116","-93.181014522866,44.914387305749",97646039.0,R,27.0,123.0,37500.0,3002.0
1125,"3700 RUSTIC PL, SHOREVIEW, MN, 55126",Match,Exact,"3700 RUSTIC PL, SHOREVIEW, MN, 55126","-93.107625595587,45.053345985381",97642986.0,R,27.0,123.0,40704.0,5005.0
1246,"1179 SEXTANT AVE W, ROSEVILLE, MN, 55113",Match,Exact,"1179 SEXTANT AVE W, ROSEVILLE, MN, 55113","-93.149543486995,45.014545720685",97640595.0,R,27.0,123.0,41400.0,2008.0
1367,"1857 WESTERN AVE N, ROSEVILLE, MN, 55113",Match,Non_Exact,"1857 N WESTERN AVE, ROSEVILLE, MN, 55113","-93.116083606257,44.996419467517",647898722.0,L,27.0,123.0,41602.0,3000.0
1488,"879 PARKVIEW AVE, ST PAUL, MN, 55117",Match,Non_Exact,"879 W PARKVIEW AVE, SAINT PAUL, MN, 55117","-93.137345051076,44.98354815144",97641932.0,R,27.0,123.0,30300.0,4031.0
1003,"1985 SNELLING AVE N, ROSEVILLE, MN, 55113",Match,Non_Exact,"1985 SNELLING DR, ROSEVILLE, MN, 55113","-93.166889803487,45.001012292123",638479417.0,L,27.0,123.0,41301.0,1015.0
1124,"2138 4TH ST E, ST PAUL, MN, 55119",Match,Non_Exact,"2138 E 4TH ST, SAINT PAUL, MN, 55119","-93.01031349826,44.958489696081",97653731.0,R,27.0,123.0,34702.0,4010.0
1245,"7440 SILVER LAKE RD, MOUNDS VIEW, MN, 55112",Match,Exact,"7440 SILVER LAKE RD, MOUNDS VIEW, MN, 55112","-93.219199225061,45.102810343846",97633639.0,L,27.0,123.0,41002.0,1006.0
1366,"1511 LARPENTEUR AVE W, FALCON HEIGHTS, MN, 55113",Match,Exact,"1511 LARPENTEUR AVE W, FALCON HEIGHTS, MN, 55113","-93.163741979518,44.991844771553",97641043.0,R,27.0,123.0,41900.0,1010.0
1487,"2052 SHERWOOD AVE, ST PAUL, MN, 55119",Match,Exact,"2052 SHERWOOD AVE, SAINT PAUL, MN, 55119","-93.01446553423,44.983772989444",97653280.0,R,27.0,123.0,30702.0,1007.0
1002,"8025 RED OAK DR, MOUNDS VIEW, MN, 55112",Match,Exact,"8025 RED OAK DR, MOUNDS VIEW, MN, 55112","-93.217177850566,45.114234011629",97633360.0,R,27.0,123.0,41001.0,1007.0
1123,"1810 HIGHWAY 10 NE, SPRING LAKE PARK, MN, 55432",Match,Non_Exact,"1810 CO HWY 10, SPRING LAKE PARK, MN, 55432","-93.223810429082,45.112069830967",656771086.0,L,27.0,123.0,41001.0,2016.0
1244,"1741 SIMPSON ST, FALCON HEIGHTS, MN, 55113",Match,Exact,"1741 SIMPSON ST, FALCON HEIGHTS, MN, 55113","-93.163045101233,44.99380758964",97640956.0,L,27.0,123.0,41900.0,1009.0
1365,"2115 WAUKON AVE, ST PAUL, MN, 55119",Match,Exact,"2115 WAUKON AVE, SAINT PAUL, MN, 55119","-93.01106485394,44.966133309553",97653702.0,L,27.0,123.0,31802.0,2006.0
1486,"7579 KNOLLWOOD DR, MOUNDS VIEW, MN, 55112",Match,Exact,"7579 KNOLLWOOD DR, MOUNDS VIEW, MN, 55112","-93.222979237222,45.105595964172",97633327.0,R,27.0,123.0,41002.0,1001.0
1001,"1880 HIGHWAY 10 NE, SPRING LAKE PARK, MN, 55432",Match,Non_Exact,"1880 CO HWY 10, SPRING LAKE PARK, MN, 55432","-93.223810428909,45.113312688038",656771086.0,L,27.0,123.0,41001.0,2016.0
1122,"1849 FLANDRAU ST N, MAPLEWOOD, MN, 55109",Match,Exact,"1849 FLANDRAU ST N, MAPLEWOOD, MN, 55109","-93.027909519817,44.997369932711",97652965.0,L,27.0,123.0,42402.0,1013.0
1243,"1417 BELMONT LN W, ROSEVILLE, MN, 55113",Match,Exact,"1417 BELMONT LN W, ROSEVILLE, MN, 55113","-93.159532157567,45.003612546928",97641631.0,R,27.0,123.0,41800.0,2009.0
1364,"2963 VICTORIA ST N, ROSEVILLE, MN, 55113",Match,Exact,"2963 VICTORIA ST N, ROSEVILLE, MN, 55113","-93.136752366361,45.030281595017",97640446.0,L,27.0,123.0,41500.0,2007.0
1485,"85 MID OAKS LN, ROSEVILLE, MN, 55113",Match,Exact,"85 MID OAKS LN, ROSEVILLE, MN, 55113","-93.16980664919,45.000291686849",97640869.0,R,27.0,123.0,41301.0,1015.0
1009,"2001 ALDINE ST, ROSEVILLE, MN, 55113",Match,Non_Exact,"2001 ALDINE ST N, ROSEVILLE, MN, 55113","-93.171953391209,45.001666875776",97670893.0,L,27.0,123.0,41301.0,1023.0
1022,"2080 MCKNIGHT RD N, NORTH ST PAUL, MN, 55109",Match,Exact,"2080 MCKNIGHT RD N, NORTH ST PAUL, MN, 55109","-93.004896987203,45.004598248135",97652342.0,R,27.0,123.0,42700.0,5003.0
1143,"2001 HERSCHEL ST, ROSEVILLE, MN, 55113",Match,Exact,"2001 HERSCHEL ST, ROSEVILLE, MN, 55113","-93.173239258865,45.001429419078",97640814.0,L,27.0,123.0,41301.0,1022.0
1264,"2147 WAUKON AVE, ST PAUL, MN, 55119",Match,Exact,"2147 WAUKON AVE, SAINT PAUL, MN, 55119","-93.01018689787,44.967098061754",97653640.0,L,27.0,123.0,31802.0,2003.0
1385,"2138 NORTONIA AVE, ST PAUL, MN, 55119",Match,Exact,"2138 NORTONIA AVE, SAINT PAUL, MN, 55119","-93.011248621372,44.967160556781",97653637.0,R,27.0,123.0,31802.0,2006.0
1021,"797 PARKVIEW AVE, ST PAUL, MN, 55117",Match,Non_Exact,"797 W PARKVIEW AVE, SAINT PAUL, MN, 55117","-93.13354050692,44.983760940757",97641984.0,R,27.0,123.0,30300.0,2002.0
1142,"7664 KNOLLWOOD DR, MOUNDS VIEW, MN, 55112",Match,Exact,"7664 KNOLLWOOD DR, MOUNDS VIEW, MN, 55112","-93.223162400599,45.107116542281",97633327.0,L,27.0,123.0,41002.0,1002.0
1263,"1626 NORTH RIDGEWOOD LN W, ROSEVILLE, MN, 55113",Match,Non_Exact,"1626 RIDGEWOOD LN N, ROSEVILLE, MN, 55113","-93.168965327028,45.002058700718",97640879.0,L,27.0,123.0,41301.0,1018.0
1384,"8496 LONG LAKE RD, MOUNDS VIEW, MN, 55112",Match,Exact,"8496 LONG LAKE RD, MOUNDS VIEW, MN, 55112","-93.213489303027,45.124362335629",97633339.0,L,27.0,123.0,41001.0,1001.0
1020,"1476 HURON ST, ST PAUL, MN, 55108",Match,Non_Exact,"1476 N HURON ST, SAINT PAUL, MN, 55108","-93.15526419946,44.985980283866",97641763.0,R,27.0,123.0,30201.0,2017.0
1141,"2033 PROSPERITY RD N, MAPLEWOOD, MN, 55109",Match,Non_Exact,"2033 PROSPERITY RD, MAPLEWOOD, MN, 55109","-93.032139301726,45.002479979007",97651298.0,L,27.0,123.0,42402.0,1006.0
1262,"2116 NORTONIA AVE, ST PAUL, MN, 55119",Match,Exact,"2116 NORTONIA AVE, SAINT PAUL, MN, 55119","-93.011977497091,44.966428302469",97653637.0,R,27.0,123.0,31802.0,2006.0
1383,"7851 EASTWOOD RD, MOUNDS VIEW, MN, 55112",Match,Exact,"7851 EASTWOOD RD, MOUNDS VIEW, MN, 55112","-93.213036366239,45.110690298761",97633392.0,R,27.0,123.0,41001.0,1010.0
1140,"2172 5TH ST E, ST PAUL, MN, 55119",Match,Non_Exact,"2172 E 5TH ST, SAINT PAUL, MN, 55119","-93.008823233403,44.95939419658",97653734.0,R,27.0,123.0,34702.0,4006.0
1261,"1457 SHELDON ST, ST PAUL, MN, 55108",Tie,,,,,,,,,
1382,"676 SHRYER AVE W, ROSEVILLE, MN, 55113",Match,Exact,"676 SHRYER AVE W, ROSEVILLE, MN, 55113","-93.127419589929,45.00174599809",97643365.0,L,27.0,123.0,41700.0,4000.0
1260,"8016 RED OAK DR, MOUNDS VIEW, MN, 55112",Match,Exact,"8016 RED OAK DR, MOUNDS VIEW, MN, 55112","-93.217338770856,45.114138237115",97633360.0,L,27.0,123.0,41001.0,2011.0
1381,"1463 HURON ST, ST PAUL, MN, 55108",Match,Non_Exact,"1463 N HURON ST, SAINT PAUL, MN, 55108","-93.155429425431,44.98576456288",97641763.0,L,27.0,123.0,30201.0,2016.0
1380,"1994 FAIRVIEW AVE N, ROSEVILLE, MN, 55113",Match,Exact,"1994 FAIRVIEW AVE N, ROSEVILLE, MN, 55113","-93.176884241462,45.001219377376",97640801.0,R,27.0,123.0,41301.0,1020.0
1019,"1389 HOYT AVE W, FALCON HEIGHTS, MN, 55108",Match,Exact,"1389 HOYT AVE W, FALCON HEIGHTS, MN, 55108","-93.158691917636,44.988271882004",97641082.0,R,27.0,123.0,41900.0,2017.0
1018,"7800 LONG LAKE RD, MOUNDS VIEW, MN, 55112",Match,Exact,"7800 LONG LAKE RD, MOUNDS VIEW, MN, 55112","-93.209095730305,45.109890067856",97633431.0,L,27.0,123.0,41001.0,1013.0
1139,"1747 HOLTON ST, FALCON HEIGHTS, MN, 55113",Match,Exact,"1747 HOLTON ST, FALCON HEIGHTS, MN, 55113","-93.160495293292,44.99445161413",97640966.0,L,27.0,123.0,41900.0,1011.0
1017,"1405 SIMPSON ST, ST PAUL, MN, 55108",Match,Exact,"1405 SIMPSON ST, SAINT PAUL, MN, 55108","-93.163177681867,44.983594860958",97641092.0,L,27.0,123.0,30201.0,4005.0
1138,"1369 SKILLMAN AVE W, ROSEVILLE, MN, 55113",Match,Exact,"1369 SKILLMAN AVE W, ROSEVILLE, MN, 55113","-93.15743245562,45.002732005901",97641633.0,R,27.0,123.0,41800.0,2006.0
1259,"323 STONEBRIDGE BLVD, ST PAUL, MN, 55105",Match,Non_Exact,"323 S STONEBRIDGE BLVD, SAINT PAUL, MN, 55105","-93.195172762136,44.932177714002",97639390.0,R,27.0,123.0,43001.0,5010.0
1016,"1855 FLANDRAU ST N, MAPLEWOOD, MN, 55109",Match,Exact,"1855 FLANDRAU ST N, MAPLEWOOD, MN, 55109","-93.027909356756,44.997499552016",97652965.0,L,27.0,123.0,42402.0,1013.0
1137,"1354 SNELLING AVE N, ST PAUL, MN, 55108",Match,Exact,"1354 SNELLING AVE N, SAINT PAUL, MN, 55108","-93.166871332142,44.98228472235",619253137.0,R,27.0,123.0,30201.0,4008.0
1258,"1918 KENNARD ST N, MAPLEWOOD, MN, 55109",Match,Non_Exact,"1918 N KENNARD ST, MAPLEWOOD, MN, 55109","-93.030256288298,44.998798314776",97652962.0,R,27.0,123.0,42402.0,1013.0
1379,"1891 PASCAL ST N, FALCON HEIGHTS, MN, 55113",Match,Non_Exact,"1891 N PASCAL ST, FALCON HEIGHTS, MN, 55113","-93.161777800158,44.997549637367",97640945.0,L,27.0,123.0,41900.0,1004.0
1015,"2009 ALDINE ST, ROSEVILLE, MN, 55113",Match,Non_Exact,"2009 ALDINE ST N, ROSEVILLE, MN, 55113","-93.171952798342,45.001735054341",97670893.0,L,27.0,123.0,41301.0,1023.0
1136,"1887 ARONA ST, FALCON HEIGHTS, MN, 55113",Match,Non_Exact,"1887 N ARONA ST, FALCON HEIGHTS, MN, 55113","-93.164300535398,44.997907627743",97640934.0,L,27.0,123.0,41900.0,3000.0
1257,"8468 SPRING LAKE RD, MOUNDS VIEW, MN, 55112",Match,Exact,"8468 SPRING LAKE RD, MOUNDS VIEW, MN, 55112","-93.225156568248,45.123709495837",97633292.0,L,27.0,123.0,41001.0,2004.0
1378,"1456 ALBERT ST N, ST PAUL, MN, 55108",Match,Exact,"1456 ALBERT ST N, SAINT PAUL, MN, 55108","-93.15917985739,44.98298097868",97641119.0,R,27.0,123.0,30201.0,4001.0
1499,"1784 SIMPSON ST, FALCON HEIGHTS, MN, 55113",Match,Exact,"1784 SIMPSON ST, FALCON HEIGHTS, MN, 55113","-93.162881313628,44.994802094796",97640956.0,R,27.0,123.0,41900.0,1008.0
1014,"1987 WHEELER ST N, ROSEVILLE, MN, 55113",Match,Exact,"1987 WHEELER ST N, ROSEVILLE, MN, 55113","-93.174506320602,45.001330294728",97640812.0,L,27.0,123.0,41301.0,1024.0
1135,"1642 SOUTH RIDGEWOOD LN W, ROSEVILLE, MN, 55113",Match,Non_Exact,"1642 RIDGEWOOD LN S, ROSEVILLE, MN, 55113","-93.169461913902,45.001175252777",97640888.0,L,27.0,123.0,41301.0,1015.0
1256,"1608 HURON ST, ST PAUL, MN, 55108",Match,Non_Exact,"1608 HURON ST N, SAINT PAUL, MN, 55108","-93.155205527511,44.989602736494",97641752.0,R,27.0,123.0,30201.0,1006.0
1377,"2181 NORTONIA AVE, ST PAUL, MN, 55119",Match,Exact,"2181 NORTONIA AVE, SAINT PAUL, MN, 55119","-93.010879177665,44.967894003812",97653634.0,L,27.0,123.0,31802.0,3000.0
1498,"777 IOWA AVE W, ST PAUL, MN, 55117",Match,Exact,"777 IOWA AVE W, SAINT PAUL, MN, 55117","-93.132854779479,44.989199876302",97641961.0,R,27.0,123.0,30300.0,1012.0
1013,"1421 ASBURY ST, ST PAUL, MN, 55108",Tie,,,,,,,,,
1134,"1500 SHELDON ST, ST PAUL, MN, 55108",Match,Exact,"1500 SHELDON ST, SAINT PAUL, MN, 55108","-93.157848442256,44.987034703259",97657053.0,R,27.0,123.0,30201.0,2002.0
1255,"1505 MIDWAY PKWY, ST PAUL, MN, 55108",No_Match,,,,,,,,,
1376,"1872 ASBURY ST, FALCON HEIGHTS, MN, 55113",Match,Non_Exact,"1872 N ASBURY ST, FALCON HEIGHTS, MN, 55113","-93.165399756076,44.997381641901",97640903.0,R,27.0,123.0,41900.0,3000.0
1497,"2550 POPLAR AVE, NORTH ST PAUL, MN, 55109",Match,Non_Exact,"2550 E POPLAR AVE, NORTH ST PAUL, MN, 55109","-92.992960831891,45.026695538093",97652814.0,R,27.0,123.0,42602.0,1004.0
1012,"763 NEBRASKA AVE W, ST PAUL, MN, 55117",Match,Non_Exact,"763 W NEBRASKA AVE, SAINT PAUL, MN, 55117","-93.132138032014,44.986475622868",97641969.0,R,27.0,123.0,30300.0,1031.0
1133,"265 WOODLAWN AVE, ST PAUL, MN, 55105",Match,Exact,"265 WOODLAWN AVE, SAINT PAUL, MN, 55105","-93.196198676602,44.933515679205",639711128.0,R,27.0,123.0,43001.0,5004.0
1254,"493 HILLTOP AVE, ROSEVILLE, MN, 55113",Match,Non_Exact,"493 W HILLTOP AVE, ROSEVILLE, MN, 55113","-93.120330629281,44.997210090117",97643552.0,R,27.0,123.0,41602.0,3000.0
1375,"744 HOYT AVE W, ST PAUL, MN, 55117",Match,Exact,"744 HOYT AVE W, SAINT PAUL, MN, 55117","-93.132212820204,44.988179854513",97641965.0,L,27.0,123.0,30300.0,1020.0
1496,"1373 HOYT AVE W, FALCON HEIGHTS, MN, 55108",Match,Exact,"1373 HOYT AVE W, FALCON HEIGHTS, MN, 55108","-93.157994081281,44.988276728042",97641082.0,R,27.0,123.0,41900.0,2017.0
1033,"1803 SIMPSON ST, FALCON HEIGHTS, MN, 55113",Match,Exact,"1803 SIMPSON ST, FALCON HEIGHTS, MN, 55113","-93.163042633524,44.99520913887",97640956.0,L,27.0,123.0,41900.0,1009.0
1154,"2060 IVY ST, NORTH ST PAUL, MN, 55109",Match,Non_Exact,"2060 N IVY ST, NORTH ST PAUL, MN, 55109","-93.003606120236,45.00368293751",97652727.0,R,27.0,123.0,42700.0,5004.0
1275,"1639 LARPENTEUR AVE W, FALCON HEIGHTS, MN, 55113",Match,Exact,"1639 LARPENTEUR AVE W, FALCON HEIGHTS, MN, 55113","-93.169413468406,44.991810720136",97640974.0,R,27.0,123.0,41900.0,3006.0
1396,"1815 FLANDRAU ST N, MAPLEWOOD, MN, 55109",Match,Exact,"1815 FLANDRAU ST N, MAPLEWOOD, MN, 55109","-93.027910443829,44.996635423311",97652965.0,L,27.0,123.0,42402.0,1013.0
1032,"3040 BRONSON DR, MOUNDS VIEW, MN, 55112",Match,Exact,"3040 BRONSON DR, MOUNDS VIEW, MN, 55112","-93.226186960758,45.104038666606",97633572.0,L,27.0,123.0,41002.0,1004.0
1153,"1497 MIDWAY PKWY, ST PAUL, MN, 55108",Match,Exact,"1497 MIDWAY PKWY, SAINT PAUL, MN, 55108","-93.161665693479,44.981093554391",647914382.0,R,27.0,123.0,30201.0,4014.0
1274,"8391 KNOLLWOOD DR, MOUNDS VIEW, MN, 55112",Match,Exact,"8391 KNOLLWOOD DR, MOUNDS VIEW, MN, 55112","-93.223090507565,45.122112995019",97633294.0,R,27.0,123.0,41001.0,2002.0
1395,"1488 IDAHO AVE W, FALCON HEIGHTS, MN, 55108",Match,Non_Exact,"1488 W IDAHO AVE, FALCON HEIGHTS, MN, 55108","-93.162883199221,44.989927577212",97641047.0,L,27.0,123.0,41900.0,2007.0
1031,"2021 KENWOOD DR E, MAPLEWOOD, MN, 55117",Match,Non_Exact,"2021 E KENWOOD DR, MAPLEWOOD, MN, 55117","-93.068367170725,45.002273163419",647914966.0,L,27.0,123.0,42202.0,1017.0
1152,"2141 MOHAWK AVE, ST PAUL, MN, 55119",Match,Exact,"2141 MOHAWK AVE, SAINT PAUL, MN, 55119","-93.01272637709,44.968717119951",97653602.0,L,27.0,123.0,31802.0,3002.0
1273,"1583 HURON ST, ST PAUL, MN, 55108",Tie,,,,,,,,,
1394,"1376 BELMONT LN W, ROSEVILLE, MN, 55113",Match,Exact,"1376 BELMONT LN W, ROSEVILLE, MN, 55113","-93.158542940476,45.003510291853",97641631.0,L,27.0,123.0,41800.0,2006.0
1030,"8038 LONG LAKE RD, MOUNDS VIEW, MN, 55112",Match,Exact,"8038 LONG LAKE RD, MOUNDS VIEW, MN, 55112","-93.209161120196,45.114189496094",97633416.0,L,27.0,123.0,41001.0,1012.0
1151,"748 COTTAGE AVE W, ST PAUL, MN, 55117",Match,Exact,"748 COTTAGE AVE W, SAINT PAUL, MN, 55117","-93.130617598836,44.982676767587",97643453.0,L,27.0,123.0,30300.0,2010.0
1272,"1731 PASCAL ST N, FALCON HEIGHTS, MN, 55113",Match,Non_Exact,"1731 N PASCAL ST, FALCON HEIGHTS, MN, 55113","-93.161777794526,44.993639354197",97640964.0,L,27.0,123.0,41900.0,1008.0
1393,"7594 GROVELAND RD, MOUNDS VIEW, MN, 55112",Match,Exact,"7594 GROVELAND RD, MOUNDS VIEW, MN, 55112","-93.221131594715,45.105922459752",97633370.0,L,27.0,123.0,41002.0,1001.0
1150,"1829 PASCAL ST N, FALCON HEIGHTS, MN, 55113",Match,Non_Exact,"1829 N PASCAL ST, FALCON HEIGHTS, MN, 55113","-93.161777797799,44.996112695708",97640961.0,L,27.0,123.0,41900.0,1007.0
1271,"1384 SIMPSON ST, ST PAUL, MN, 55108",Match,Exact,"1384 SIMPSON ST, SAINT PAUL, MN, 55108","-93.163024649565,44.983001865415",97641092.0,R,27.0,123.0,30201.0,4004.0
1392,"1513 HOYT AVE W, FALCON HEIGHTS, MN, 55108",Match,Exact,"1513 HOYT AVE W, FALCON HEIGHTS, MN, 55108","-93.164155277466,44.988224471064",97641051.0,R,27.0,123.0,41900.0,2015.0
1270,"957 EDITH ST N, MAPLEWOOD, MN, 55119",Match,Non_Exact,"957 EDITH ST, MAPLEWOOD, MN, 55119","-92.992473740457,44.969970445208",97653943.0,L,27.0,123.0,42501.0,4008.0
1391,"1416 IDAHO AVE W, FALCON HEIGHTS, MN, 55108",Match,Non_Exact,"1416 W IDAHO AVE, FALCON HEIGHTS, MN, 55108","-93.159889267662,44.989955108253",97641063.0,L,27.0,123.0,41900.0,2008.0
1390,"3544 GLENARDEN RD, ARDEN HILLS, MN, 55112",Match,Exact,"3544 GLENARDEN RD, ARDEN HILLS, MN, 55112","-93.15815934453,45.048024681177",97640246.0,R,27.0,123.0,40804.0,1000.0
1029,"1462 FRANKSON AVE, ST PAUL, MN, 55108",Match,Exact,"1462 FRANKSON AVE, SAINT PAUL, MN, 55108","-93.161933336648,44.982611510529",97641097.0,L,27.0,123.0,30201.0,4010.0
1028,"1581 FERNWOOD ST, ST PAUL, MN, 55108",Tie,,,,,,,,,
1149,"1381 CALIFORNIA AVE W, FALCON HEIGHTS, MN, 55108",Match,Non_Exact,"1381 CALIFORNIA AVE, FALCON HEIGHTS, MN, 55108","-93.158629394978,44.990962953505",97641069.0,R,27.0,123.0,41900.0,2011.0
1027,"8406 SPRING LAKE RD, MOUNDS VIEW, MN, 55112",Match,Exact,"8406 SPRING LAKE RD, MOUNDS VIEW, MN, 55112","-93.225124951511,45.121932314237",97633295.0,L,27.0,123.0,41001.0,2005.0
1148,"840 ALGONQUIN AVE, ST PAUL, MN, 55119",Match,Non_Exact,"840 N ALGONQUIN AVE, SAINT PAUL, MN, 55119","-93.016738347436,44.966970009677",97653571.0,R,27.0,123.0,31802.0,3005.0
1269,"1606 SOUTH RIDGEWOOD LN W, ROSEVILLE, MN, 55113",Match,Non_Exact,"1606 RIDGEWOOD LN S, ROSEVILLE, MN, 55113","-93.168890899725,45.00115180246",97640888.0,L,27.0,123.0,41301.0,1015.0
1026,"1387 ALBERT ST N, ST PAUL, MN, 55108",Match,Exact,"1387 ALBERT ST N, SAINT PAUL, MN, 55108","-93.15933390315,44.983755212432",97641119.0,L,27.0,123.0,30201.0,4002.0
1147,"1806 ELEANOR AVE, ST PAUL, MN, 55116",Match,Non_Exact,"1806 W ELEANOR AVE, SAINT PAUL, MN, 55116","-93.176619855422,44.920615684462",97646004.0,L,27.0,123.0,36400.0,3009.0
1268,"1072 PARKER AVE, ROSEVILLE, MN, 55113",Match,Exact,"1072 PARKER AVE, ROSEVILLE, MN, 55113","-93.145238323887,45.004103294862",616281990.0,L,27.0,123.0,41700.0,3001.0
1389,"787 PARKVIEW AVE, ST PAUL, MN, 55117",Match,Non_Exact,"787 W PARKVIEW AVE, SAINT PAUL, MN, 55117","-93.133154656711,44.983759107712",97641984.0,R,27.0,123.0,30300.0,2002.0
1025,"1535 ASBURY ST, ST PAUL, MN, 55108",Match,Non_Exact,"1535 N ASBURY ST, SAINT PAUL, MN, 55108","-93.165693757712,44.98699365346",97641000.0,L,27.0,123.0,30201.0,2008.0
1146,"1964 REANEY AVE, ST PAUL, MN, 55119",Match,Exact,"1964 REANEY AVE, SAINT PAUL, MN, 55119","-93.016687961816,44.964027436038",97653516.0,R,27.0,123.0,31802.0,3017.0
1267,"1465 PASCAL ST N, ST PAUL, MN, 55108",Match,Exact,"1465 PASCAL ST N, SAINT PAUL, MN, 55108","-93.161873589937,44.985331352681",97641110.0,L,27.0,123.0,30201.0,2011.0
1388,"1330 AVON ST N, ST PAUL, MN, 55117",Match,Non_Exact,"1330 N AVON ST, SAINT PAUL, MN, 55117","-93.134029495433,44.981319711242",97641993.0,R,27.0,123.0,30300.0,2008.0
1024,"1712 PASCAL ST N, FALCON HEIGHTS, MN, 55113",Match,Non_Exact,"1712 N PASCAL ST, FALCON HEIGHTS, MN, 55113","-93.161616002779,44.992806530119",97640970.0,R,27.0,123.0,41900.0,1011.0
1145,"8316 SPRING LAKE RD, MOUNDS VIEW, MN, 55112",Match,Exact,"8316 SPRING LAKE RD, MOUNDS VIEW, MN, 55112","-93.225083514855,45.119307969183",97633295.0,L,27.0,123.0,41001.0,2005.0
1266,"3505 GLENARDEN RD, ARDEN HILLS, MN, 55112",Match,Exact,"3505 GLENARDEN RD, ARDEN HILLS, MN, 55112","-93.158306970485,45.046764683462",97640247.0,L,27.0,123.0,40804.0,1004.0
1387,"1391 ALBERT ST N, ST PAUL, MN, 55108",Match,Exact,"1391 ALBERT ST N, SAINT PAUL, MN, 55108","-93.159333285139,44.983815282325",97641119.0,L,27.0,123.0,30201.0,4002.0
1023,"973 NEBRASKA AVE W, ST PAUL, MN, 55117",Match,Non_Exact,"973 W NEBRASKA AVE, SAINT PAUL, MN, 55117","-93.141793302121,44.986555440701",97641896.0,R,27.0,123.0,30300.0,4021.0
1144,"1842 KENNARD ST N, MAPLEWOOD, MN, 55109",Match,Non_Exact,"1842 N KENNARD ST, MAPLEWOOD, MN, 55109","-93.030256293232,44.996515940124",97652974.0,R,27.0,123.0,42402.0,1013.0
1265,"1422 CALIFORNIA AVE W, FALCON HEIGHTS, MN, 55108",Match,Non_Exact,"1422 CALIFORNIA AVE, FALCON HEIGHTS, MN, 55108","-93.160083957638,44.990838151859",97641060.0,L,27.0,123.0,41900.0,2013.0
1386,"1588 CHELSEA ST, ST PAUL, MN, 55108",Tie,,,,,,,,,
1044,"1754 PASCAL ST N, FALCON HEIGHTS, MN, 55113",Match,Non_Exact,"1754 N PASCAL ST, FALCON HEIGHTS, MN, 55113","-93.16161575796,44.994083868292",97640964.0,R,27.0,123.0,41900.0,1011.0
1165,"3505 RIDGEWOOD RD, ARDEN HILLS, MN, 55112",Match,Exact,"3505 RIDGEWOOD RD, ARDEN HILLS, MN, 55112","-93.164625725142,45.048334286855",97688395.0,L,27.0,123.0,40804.0,1006.0
1286,"2801 SHERWOOD RD, MOUNDS VIEW, MN, 55112",Match,Exact,"2801 SHERWOOD RD, MOUNDS VIEW, MN, 55112","-93.21934458288,45.115175347223",97633348.0,R,27.0,123.0,41001.0,2008.0
1043,"1910 SAUNDERS AVE, ST PAUL, MN, 55116",Match,Non_Exact,"1910 W SAUNDERS AVE, SAINT PAUL, MN, 55116","-93.181230518139,44.914272714384",97646039.0,L,27.0,123.0,37500.0,3007.0
1164,"1512 IDAHO AVE W, FALCON HEIGHTS, MN, 55108",Match,Non_Exact,"1512 W IDAHO AVE, FALCON HEIGHTS, MN, 55108","-93.163879397367,44.989920598659",97641047.0,L,27.0,123.0,41900.0,2007.0
1285,"1424 ELDRIDGE AVE W, ROSEVILLE, MN, 55113",Match,Exact,"1424 ELDRIDGE AVE W, ROSEVILLE, MN, 55113","-93.159728062379,45.004392444833",97640942.0,L,27.0,123.0,41800.0,2009.0
1042,"1312 SHRYER AVE W, ROSEVILLE, MN, 55113",Match,Exact,"1312 SHRYER AVE W, ROSEVILLE, MN, 55113","-93.155434955031,45.001741169128",97641637.0,L,27.0,123.0,41800.0,3022.0
1163,"1724 FLANDRAU ST N, MAPLEWOOD, MN, 55109",Match,Exact,"1724 FLANDRAU ST N, MAPLEWOOD, MN, 55109","-93.027750876297,44.994674796632",97652965.0,R,27.0,123.0,42402.0,1014.0
1284,"1155 BROOKS AVE W, ROSEVILLE, MN, 55113",Match,Non_Exact,"1155 W BROOKS AVE, ROSEVILLE, MN, 55113","-93.149227609053,45.01632155864",97640599.0,R,27.0,123.0,41400.0,2004.0
1041,"515 MOUNT CURVE BLVD, ST PAUL, MN, 55116",Match,Non_Exact,"515 S MOUNT CURVE BLVD, SAINT PAUL, MN, 55116","-93.195050921943,44.924954638809",97639519.0,R,27.0,123.0,43001.0,3002.0
1162,"8442 SPRING LAKE RD, MOUNDS VIEW, MN, 55112",Match,Exact,"8442 SPRING LAKE RD, MOUNDS VIEW, MN, 55112","-93.225141526173,45.122982052259",97633295.0,L,27.0,123.0,41001.0,2005.0
1283,"2147 NORTONIA AVE, ST PAUL, MN, 55119",Match,Exact,"2147 NORTONIA AVE, SAINT PAUL, MN, 55119","-93.011119663066,44.967545594382",97653634.0,L,27.0,123.0,31802.0,3000.0
1040,"8045 FAIRCHILD AVE, MOUNDS VIEW, MN, 55112",Match,Exact,"8045 FAIRCHILD AVE, MOUNDS VIEW, MN, 55112","-93.219160671089,45.114103056574",97633359.0,R,27.0,123.0,41001.0,2011.0
1161,"1455 BELMONT LN W, ROSEVILLE, MN, 55113",Match,Exact,"1455 BELMONT LN W, ROSEVILLE, MN, 55113","-93.160469194785,45.003600844475",97641631.0,R,27.0,123.0,41800.0,2009.0
1282,"1946 REANEY AVE, ST PAUL, MN, 55119",Match,Exact,"1946 REANEY AVE, SAINT PAUL, MN, 55119","-93.017148788676,44.96414285869",97653516.0,R,27.0,123.0,31802.0,3017.0
1160,"1706 SANDHURST AVE E, MAPLEWOOD, MN, 55109",Match,Exact,"1706 SANDHURST AVE E, MAPLEWOOD, MN, 55109","-93.029462445623,45.007278690274",97652158.0,R,27.0,123.0,42402.0,2016.0
1281,"1315 FOLSOM ST, ST PAUL, MN, 55117",Match,Exact,"1315 FOLSOM ST, SAINT PAUL, MN, 55117","-93.132778034524,44.98009762119",97643458.0,L,27.0,123.0,30300.0,2007.0
1280,"1447 BELMONT LN W, ROSEVILLE, MN, 55113",Match,Exact,"1447 BELMONT LN W, ROSEVILLE, MN, 55113","-93.160271923792,45.003603308149",97641631.0,R,27.0,123.0,41800.0,2009.0
1039,"1629 SOUTH RIDGEWOOD LN W, ROSEVILLE, MN, 55113",Match,Non_Exact,"1629 RIDGEWOOD LN S, ROSEVILLE, MN, 55113","-93.169230456236,45.001280531893",97640888.0,R,27.0,123.0,41301.0,1018.0
1038,"1340 SNELLING AVE N, ST PAUL, MN, 55108",Match,Exact,"1340 SNELLING AVE N, SAINT PAUL, MN, 55108","-93.166874762959,44.98200888771",619253137.0,R,27.0,123.0,30201.0,4008.0
1159,"1655 COUNTY ROAD B E, MAPLEWOOD, MN, 55109",Match,Exact,"1655 CO RD B E, MAPLEWOOD, MN, 55109","-93.030561205755,45.006475281865",97652159.0,L,27.0,123.0,42402.0,2015.0
1037,"1577 FERNWOOD ST, ST PAUL, MN, 55108",Tie,,,,,,,,,
1158,"270 MISSISSIPPI RIVER BLVD S, ST PAUL, MN, 55105",Match,Exact,"270 MISSISSIPPI RIVER BLVD S, SAINT PAUL, MN, 55105","-93.198325283563,44.933018780381",97639234.0,L,27.0,123.0,43001.0,5004.0
1279,"1452 IDAHO AVE W, FALCON HEIGHTS, MN, 55108",Match,Non_Exact,"1452 W IDAHO AVE, FALCON HEIGHTS, MN, 55108","-93.161322961051,44.989939936992",97641063.0,L,27.0,123.0,41900.0,2008.0
1036,"1729 FLANDRAU ST N, MAPLEWOOD, MN, 55109",Match,Exact,"1729 FLANDRAU ST N, MAPLEWOOD, MN, 55109","-93.027912781036,44.994777546596",97652965.0,L,27.0,123.0,42402.0,1013.0
1157,"2008 BEACON ST, ROSEVILLE, MN, 55113",Match,Exact,"2008 BEACON ST, ROSEVILLE, MN, 55113","-93.175520368845,45.001469060034",97640803.0,R,27.0,123.0,41301.0,1024.0
1278,"1832 MONTREAL AVE, ST PAUL, MN, 55116",Match,Exact,"1832 MONTREAL AVE, SAINT PAUL, MN, 55116","-93.148413670457,44.91236785604",97647092.0,L,27.0,123.0,36700.0,3029.0
1399,"7970 RED OAK DR, MOUNDS VIEW, MN, 55112",Match,Exact,"7970 RED OAK DR, MOUNDS VIEW, MN, 55112","-93.217330471626,45.113594632501",97633360.0,L,27.0,123.0,41001.0,2011.0
1035,"1693 COUNTY ROAD B E, MAPLEWOOD, MN, 55109",Match,Exact,"1693 CO RD B E, MAPLEWOOD, MN, 55109","-93.029742640016,45.006475281808",97652160.0,L,27.0,123.0,42402.0,2016.0
1156,"344 MISSISSIPPI RIVER BLVD S, ST PAUL, MN, 55105",Match,Exact,"344 MISSISSIPPI RIVER BLVD S, SAINT PAUL, MN, 55105","-93.197686559797,44.931173876119",642736126.0,L,27.0,123.0,43001.0,5011.0
1277,"1751 SHRYER AVE W, ROSEVILLE, MN, 55113",Match,Exact,"1751 SHRYER AVE W, ROSEVILLE, MN, 55113","-93.174002775628,45.002134261362",97640813.0,R,27.0,123.0,41301.0,1021.0
1398,"1812 KENNARD ST N, MAPLEWOOD, MN, 55109",Match,Non_Exact,"1812 N KENNARD ST, MAPLEWOOD, MN, 55109","-93.030256293342,44.995714480427",97652974.0,R,27.0,123.0,42402.0,1013.0
1034,"1660 SOUTH RIDGEWOOD LN W, ROSEVILLE, MN, 55113",Match,Non_Exact,"1660 RIDGEWOOD LN S, ROSEVILLE, MN, 55113","-93.16974742099,45.001186977936",97640888.0,L,27.0,123.0,41301.0,1015.0
1155,"2840 WOODCREST DR, MOUNDS VIEW, MN, 55112",Match,Exact,"2840 WOODCREST DR, MOUNDS VIEW, MN, 55112","-93.220232579479,45.095628796884",97633663.0,L,27.0,123.0,41002.0,1012.0
1276,"1497 CALIFORNIA AVE W, FALCON HEIGHTS, MN, 55108",Match,Non_Exact,"1497 CALIFORNIA AVE, FALCON HEIGHTS, MN, 55108","-93.162393235399,44.990934110572",97641045.0,R,27.0,123.0,41900.0,2002.0
1397,"7840 LONG LAKE RD, MOUNDS VIEW, MN, 55112",Match,Exact,"7840 LONG LAKE RD, MOUNDS VIEW, MN, 55112","-93.209108056395,45.110601465162",97633431.0,L,27.0,123.0,41001.0,1013.0
1055,"1769 WHITE BEAR AVE N, MAPLEWOOD, MN, 55109",Match,Exact,"1769 WHITE BEAR AVE N, MAPLEWOOD, MN, 55109","-93.025298852463,44.994573674798",97652980.0,L,27.0,123.0,42402.0,1014.0
1176,"1794 SIMPSON ST, FALCON HEIGHTS, MN, 55113",Match,Exact,"1794 SIMPSON ST, FALCON HEIGHTS, MN, 55113","-93.16288091561,44.995028151123",97640956.0,R,27.0,123.0,41900.0,1008.0
1297,"1376 CALIFORNIA AVE W, FALCON HEIGHTS, MN, 55108",Match,Non_Exact,"1376 CALIFORNIA AVE, FALCON HEIGHTS, MN, 55108","-93.158528983132,44.990849056307",97641069.0,L,27.0,123.0,41900.0,2010.0
1054,"3445 GLENARDEN CT, ARDEN HILLS, MN, 55112",Match,Exact,"3445 GLENARDEN CT, ARDEN HILLS, MN, 55112","-93.160214932258,45.045912106118",97639870.0,L,27.0,123.0,40804.0,1002.0
1175,"1455 SKILES LN, ARDEN HILLS, MN, 55112",Match,Exact,"1455 SKILES LN, ARDEN HILLS, MN, 55112","-93.162265774724,45.045485656926",97639866.0,R,27.0,123.0,40804.0,1008.0
1296,"1425 MCKINLEY ST, ST PAUL, MN, 55108",Match,Non_Exact,"1425 W MCKINLEY ST, SAINT PAUL, MN, 55108","-93.160634690449,44.984292383635",97641118.0,L,27.0,123.0,30201.0,4003.0
1053,"1481 SHELDON ST, ST PAUL, MN, 55108",Tie,,,,,,,,,
1174,"1361 CALIFORNIA AVE W, FALCON HEIGHTS, MN, 55108",Match,Non_Exact,"1361 CALIFORNIA AVE, FALCON HEIGHTS, MN, 55108","-93.158135318214,44.990966396515",97641069.0,R,27.0,123.0,41900.0,2011.0
1295,"7966 EASTWOOD RD, MOUNDS VIEW, MN, 55112",Match,Exact,"7966 EASTWOOD RD, MOUNDS VIEW, MN, 55112","-93.213231724637,45.112831614062",97633385.0,L,27.0,123.0,41001.0,1006.0
1052,"2058 WILLIAM ST, ROSEVILLE, MN, 55113",Match,Non_Exact,"2058 WILLIAM ST N, ROSEVILLE, MN, 55113","-93.111068818656,45.003379973282",97643567.0,R,27.0,123.0,41602.0,2016.0
1173,"3065 RICE ST, ROSEVILLE, MN, 55113",Match,Exact,"3065 RICE ST, ROSEVILLE, MN, 55113","-93.106269827187,45.033456642547",97643044.0,L,27.0,123.0,41601.0,1007.0
1294,"2163 COUNTY ROAD F E, WHITE BEAR LAKE, MN, 55110",Match,Non_Exact,"2163 E CO RD F, WHITE BEAR LAKE, MN, 55110","-93.009298111093,45.064737736268",97637248.0,L,27.0,123.0,40301.0,2016.0
1051,"1458 SKILES LN, ARDEN HILLS, MN, 55112",Match,Exact,"1458 SKILES LN, ARDEN HILLS, MN, 55112","-93.162884747628,45.046021888141",97639866.0,L,27.0,123.0,40804.0,1007.0
1172,"2075 MOHAWK AVE, ST PAUL, MN, 55119",Match,Exact,"2075 MOHAWK AVE, SAINT PAUL, MN, 55119","-93.014156679636,44.967397575865",97653580.0,L,27.0,123.0,31802.0,3010.0
1293,"1854 MONTREAL AVE, ST PAUL, MN, 55116",Match,Exact,"1854 MONTREAL AVE, SAINT PAUL, MN, 55116","-93.148658184391,44.912369615151",97647092.0,L,27.0,123.0,36700.0,3029.0
1050,"1856 FLANDRAU ST N, MAPLEWOOD, MN, 55109",Match,Exact,"1856 FLANDRAU ST N, MAPLEWOOD, MN, 55109","-93.027747310697,44.997509138784",97652965.0,R,27.0,123.0,42402.0,1014.0
1171,"1368 LARPENTEUR AVE W, FALCON HEIGHTS, MN, 55113",Match,Exact,"1368 LARPENTEUR AVE W, FALCON HEIGHTS, MN, 55113","-93.157951567669,44.991770937483",97641067.0,L,27.0,123.0,41900.0,2000.0
1292,"2068 NOKOMIS AVE, ST PAUL, MN, 55119",Match,Exact,"2068 NOKOMIS AVE, SAINT PAUL, MN, 55119","-93.013681548079,44.966692533365",97653599.0,R,27.0,123.0,31802.0,3011.0
1170,"7710 GREENWOOD DR, MOUNDS VIEW, MN, 55112",Match,Exact,"7710 GREENWOOD DR, MOUNDS VIEW, MN, 55112","-93.211115205787,45.108244474634",97633398.0,L,27.0,123.0,41001.0,1010.0
1291,"7555 SPRING LAKE RD, MOUNDS VIEW, MN, 55112",Match,Exact,"7555 SPRING LAKE RD, MOUNDS VIEW, MN, 55112","-93.224987379343,45.105000915918",97633321.0,R,27.0,123.0,41002.0,1002.0
1290,"1391 ASBURY ST, ST PAUL, MN, 55108",Tie,,,,,,,,,
1049,"954 EDITH ST N, MAPLEWOOD, MN, 55119",Match,Non_Exact,"954 EDITH ST, MAPLEWOOD, MN, 55119","-92.992311936557,44.969951133838",97653943.0,R,27.0,123.0,42501.0,4007.0
1048,"1865 ARONA ST, FALCON HEIGHTS, MN, 55113",Match,Non_Exact,"1865 N ARONA ST, FALCON HEIGHTS, MN, 55113","-93.164302439297,44.997144801988",97640950.0,L,27.0,123.0,41900.0,3018.0
1169,"1434 RUTH ST, ST PAUL, MN, 55119",Match,Non_Exact,"1434 N RUTH ST, SAINT PAUL, MN, 55119","-93.015022166494,44.984160694469",97653245.0,R,27.0,123.0,30702.0,1009.0
1047,"1527 ARONA ST, ST PAUL, MN, 55108",Match,Non_Exact,"1527 N ARONA ST, SAINT PAUL, MN, 55108","-93.164423953955,44.986864534537",97641050.0,L,27.0,123.0,30201.0,2007.0
1168,"1457 IOWA AVE W, FALCON HEIGHTS, MN, 55108",Match,Non_Exact,"1457 W IOWA AVE, FALCON HEIGHTS, MN, 55108","-93.161498487752,44.989152831235",97641064.0,R,27.0,123.0,41900.0,2008.0
1289,"1701 COUNTY ROAD B E, MAPLEWOOD, MN, 55109",Match,Exact,"1701 CO RD B E, MAPLEWOOD, MN, 55109","-93.029618731349,45.0064752818",97652160.0,L,27.0,123.0,42402.0,2016.0
1046,"3493 SIEMS CT, ARDEN HILLS, MN, 55112",Match,Exact,"3493 SIEMS CT, ARDEN HILLS, MN, 55112","-93.166693881987,45.046892821902",97639837.0,L,27.0,123.0,40804.0,1007.0
1167,"1755 HILLVIEW RD NE, SPRING LAKE PARK, MN, 55432",Match,Non_Exact,"1755 HILLVIEW RD, SPRING LAKE PARK, MN, 55432","-93.228320036941,45.111403258625",97490652.0,L,27.0,3.0,51001.0,1024.0
1288,"2345 BELMONT LN E, NORTH ST PAUL, MN, 55109",Match,Non_Exact,"2345 BELMONT LN, NORTH ST PAUL, MN, 55109","-93.002054935071,45.003950402551",619690963.0,L,27.0,123.0,42700.0,5006.0
1045,"2645 WHITE BEAR AVE N, MAPLEWOOD, MN, 55109",Match,Non_Exact,"2645 WHITE BEAR AVE, MAPLEWOOD, MN, 55109","-93.019061034355,45.020901217994",97652132.0,L,27.0,123.0,42401.0,4002.0
1166,"1444 SHELDON ST, ST PAUL, MN, 55108",Tie,,,,,,,,,
1287,"2657 VALLEY VIEW LN, NEW BRIGHTON, MN, 55112",Match,Exact,"2657 VALLEY VIEW LN, NEW BRIGHTON, MN, 55112","-93.221938453061,45.090535832137",639709912.0,L,27.0,123.0,41105.0,5012.0
1066,"1799 WHITE BEAR AVE N, MAPLEWOOD, MN, 55109",Match,Exact,"1799 WHITE BEAR AVE N, MAPLEWOOD, MN, 55109","-93.025297660847,44.995336241678",97652980.0,L,27.0,123.0,42402.0,1014.0
1187,"1740 PASCAL ST N, FALCON HEIGHTS, MN, 55113",Match,Non_Exact,"1740 N PASCAL ST, FALCON HEIGHTS, MN, 55113","-93.161615758017,44.993676966918",97640964.0,R,27.0,123.0,41900.0,1011.0
1065,"3521 SNELLING AVE N, ARDEN HILLS, MN, 55112",Match,Exact,"3521 SNELLING AVE N, ARDEN HILLS, MN, 55112","-93.162871938107,45.048278890818",97639847.0,L,27.0,123.0,40804.0,1005.0
1186,"1666 SANDHURST AVE E, MAPLEWOOD, MN, 55109",Match,Exact,"1666 SANDHURST AVE E, MAPLEWOOD, MN, 55109","-93.030171834395,45.007278690324",97652158.0,R,27.0,123.0,42402.0,2016.0
1064,"2163 4TH ST E, ST PAUL, MN, 55119",Match,Non_Exact,"2163 E 4TH ST, SAINT PAUL, MN, 55119","-93.009242408206,44.958601185879",97653732.0,L,27.0,123.0,34702.0,4006.0
1185,"1545 ARDEN PL, ARDEN HILLS, MN, 55112",Match,Exact,"1545 ARDEN PL, ARDEN HILLS, MN, 55112","-93.165619936391,45.046745462193",97639840.0,R,27.0,123.0,40804.0,1006.0
1063,"2029 KENWOOD DR E, MAPLEWOOD, MN, 55117",Match,Non_Exact,"2029 E KENWOOD DR, MAPLEWOOD, MN, 55117","-93.068361533925,45.002724133753",97650162.0,L,27.0,123.0,42202.0,1017.0
1184,"1941 SNELLING AVE N, ROSEVILLE, MN, 55113",Match,Non_Exact,"1941 SNELLING DR, ROSEVILLE, MN, 55113","-93.166930301406,44.99949876162",640770966.0,L,27.0,123.0,41301.0,1015.0
1062,"1849 ROME AVE, ST PAUL, MN, 55116",Match,Non_Exact,"1849 W ROME AVE, SAINT PAUL, MN, 55116","-93.178547552264,44.913504443364",97646057.0,R,27.0,123.0,37500.0,3008.0
1183,"2530 SILVER LAKE RD NW, NEW BRIGHTON, MN, 55112",Match,Exact,"2530 SILVER LAKE RD NW, NEW BRIGHTON, MN, 55112","-93.219022110421,45.092108447092",97633724.0,L,27.0,123.0,41105.0,5013.0
1061,"1879 ROME AVE, ST PAUL, MN, 55116",Match,Non_Exact,"1879 W ROME AVE, SAINT PAUL, MN, 55116","-93.179904550405,44.913494514202",97646057.0,R,27.0,123.0,37500.0,3008.0
1182,"1355 IDAHO AVE W, FALCON HEIGHTS, MN, 55108",Match,Exact,"1355 IDAHO AVE W, FALCON HEIGHTS, MN, 55108","-93.155933858132,44.99010428205",97641741.0,R,27.0,123.0,30201.0,1004.0
1060,"1388 SIMPSON ST, ST PAUL, MN, 55108",Match,Exact,"1388 SIMPSON ST, SAINT PAUL, MN, 55108","-93.163023019337,44.983109459512",97641092.0,R,27.0,123.0,30201.0,4004.0
1181,"1429 HOYT AVE W, FALCON HEIGHTS, MN, 55108",Match,Exact,"1429 HOYT AVE W, FALCON HEIGHTS, MN, 55108","-93.160428562221,44.988259851395",97641076.0,R,27.0,123.0,41900.0,2016.0
1180,"2120 NOKOMIS AVE, ST PAUL, MN, 55119",Match,Exact,"2120 NOKOMIS AVE, SAINT PAUL, MN, 55119","-93.012316827569,44.967681506361",97653604.0,R,27.0,123.0,31802.0,3012.0
1059,"1404 FRANKSON AVE, ST PAUL, MN, 55108",Match,Exact,"1404 FRANKSON AVE, SAINT PAUL, MN, 55108","-93.159349283714,44.98235869453",97641122.0,L,27.0,123.0,30201.0,4012.0
1058,"1524 ASBURY ST, ST PAUL, MN, 55108",Match,Non_Exact,"1524 N ASBURY ST, SAINT PAUL, MN, 55108","-93.165536503089,44.986610171303",97641000.0,R,27.0,123.0,30201.0,2007.0
1179,"2620 VALLEY VIEW LN, NEW BRIGHTON, MN, 55112",Match,Exact,"2620 VALLEY VIEW LN, NEW BRIGHTON, MN, 55112","-93.221382156563,45.090542564305",639709912.0,R,27.0,123.0,41105.0,5012.0
1057,"1765 FLANDRAU ST N, MAPLEWOOD, MN, 55109",Match,Exact,"1765 FLANDRAU ST N, MAPLEWOOD, MN, 55109","-93.02791180267,44.99555526243",97652965.0,L,27.0,123.0,42402.0,1013.0
1178,"1546 IOWA AVE W, FALCON HEIGHTS, MN, 55108",Match,Non_Exact,"1546 W IOWA AVE, FALCON HEIGHTS, MN, 55108","-93.164777028315,44.989011959037",97640992.0,L,27.0,123.0,41900.0,2018.0
1299,"762 MONTANA AVE W, ST PAUL, MN, 55117",Match,Non_Exact,"762 W MONTANA AVE, SAINT PAUL, MN, 55117","-93.132591279451,44.987273912978",97641967.0,L,27.0,123.0,30300.0,1031.0
1056,"1555 EDGCUMBE RD, ST PAUL, MN, 55116",Match,Exact,"1555 EDGCUMBE RD, SAINT PAUL, MN, 55116","-93.151546630849,44.917746993545",97647026.0,R,27.0,123.0,36600.0,1012.0
1177,"1744 FLANDRAU ST N, MAPLEWOOD, MN, 55109",Match,Exact,"1744 FLANDRAU ST N, MAPLEWOOD, MN, 55109","-93.027750336055,44.995104242413",97652965.0,R,27.0,123.0,42402.0,1014.0
1298,"2154 5TH ST E, ST PAUL, MN, 55119",Match,Non_Exact,"2154 E 5TH ST, SAINT PAUL, MN, 55119","-93.009639484672,44.95939711182",97653734.0,R,27.0,123.0,34702.0,4006.0
1190,"1878 FLANDRAU ST N, MAPLEWOOD, MN, 55109",Match,Exact,"1878 FLANDRAU ST N, MAPLEWOOD, MN, 55109","-93.027746716431,44.997981529143",97652965.0,R,27.0,123.0,42402.0,1014.0
1077,"2159 NOKOMIS AVE, ST PAUL, MN, 55119",Match,Exact,"2159 NOKOMIS AVE, SAINT PAUL, MN, 55119","-93.011529508168,44.968732248789",97653631.0,L,27.0,123.0,31802.0,3001.0
1198,"629 SHRYER AVE W, ROSEVILLE, MN, 55113",Match,Exact,"629 SHRYER AVE W, ROSEVILLE, MN, 55113","-93.126365163441,45.001844251241",97643365.0,R,27.0,123.0,41700.0,4002.0
1076,"2173 WAUKON AVE, ST PAUL, MN, 55119",Match,Exact,"2173 WAUKON AVE, SAINT PAUL, MN, 55119","-93.009979168436,44.967427148918",97653640.0,L,27.0,123.0,31802.0,2003.0
1197,"1557 ALBERT ST N, ST PAUL, MN, 55108",Match,Non_Exact,"1557 N ALBERT ST, SAINT PAUL, MN, 55108","-93.159295132627,44.98742782959",97641081.0,L,27.0,123.0,30201.0,2003.0
1075,"7925 SPRING LAKE RD NE, SPRING LAKE PARK, MN, 55432",Match,Exact,"7925 SPRING LAKE RD NE, SPRING LAKE PARK, MN, 55432","-93.224808927378,45.112069813925",616655056.0,L,27.0,123.0,41001.0,2016.0
1196,"1832 FLANDRAU ST N, MAPLEWOOD, MN, 55109",Match,Exact,"1832 FLANDRAU ST N, MAPLEWOOD, MN, 55109","-93.027747958988,44.996993803847",97652965.0,R,27.0,123.0,42402.0,1014.0
1074,"3030 WOODBRIDGE ST, ROSEVILLE, MN, 55113",Match,Exact,"3030 WOODBRIDGE ST, ROSEVILLE, MN, 55113","-93.108186678455,45.032512279824",97642698.0,R,27.0,123.0,41601.0,1007.0
1195,"1735 PASCAL ST N, FALCON HEIGHTS, MN, 55113",Match,Non_Exact,"1735 N PASCAL ST, FALCON HEIGHTS, MN, 55113","-93.161777794513,44.993735095697",97640964.0,L,27.0,123.0,41900.0,1008.0
1073,"7600 GROVELAND RD, MOUNDS VIEW, MN, 55112",Match,Exact,"7600 GROVELAND RD, MOUNDS VIEW, MN, 55112","-93.221133179495,45.106029169279",97633370.0,L,27.0,123.0,41002.0,1001.0
1194,"3249 WOODBRIDGE ST, SHOREVIEW, MN, 55126",Match,Exact,"3249 WOODBRIDGE ST, SHOREVIEW, MN, 55126","-93.109128043035,45.039813169978",97642681.0,L,27.0,123.0,40704.0,3001.0
1072,"1548 ASBURY ST, ST PAUL, MN, 55108",Match,Non_Exact,"1548 N ASBURY ST, SAINT PAUL, MN, 55108","-93.165533948542,44.986815554671",97641000.0,R,27.0,123.0,30201.0,2007.0
1193,"7895 EASTWOOD RD, MOUNDS VIEW, MN, 55112",Match,Exact,"7895 EASTWOOD RD, MOUNDS VIEW, MN, 55112","-93.213048566453,45.111473152923",97633392.0,R,27.0,123.0,41001.0,1010.0
1071,"8065 EASTWOOD RD, MOUNDS VIEW, MN, 55112",Match,Exact,"8065 EASTWOOD RD, MOUNDS VIEW, MN, 55112","-93.213095973466,45.114575994584",97633385.0,R,27.0,123.0,41001.0,1011.0
1192,"1650 SOUTH RIDGEWOOD LN W, ROSEVILLE, MN, 55113",Match,Non_Exact,"1650 RIDGEWOOD LN S, ROSEVILLE, MN, 55113","-93.169588805941,45.001180463959",97640888.0,L,27.0,123.0,41301.0,1015.0
1070,"1833 BEECHWOOD AVE, ST PAUL, MN, 55116",Match,Exact,"1833 BEECHWOOD AVE, SAINT PAUL, MN, 55116","-93.177796130736,44.915303848224",97645967.0,R,27.0,123.0,37500.0,3000.0
1191,"3610 RUSTIC PL, SHOREVIEW, MN, 55126",Match,Exact,"3610 RUSTIC PL, SHOREVIEW, MN, 55126","-93.107608898416,45.050674378453",97642986.0,R,27.0,123.0,40704.0,5005.0
1069,"93 MID OAKS LN, ROSEVILLE, MN, 55113",Match,Exact,"93 MID OAKS LN, ROSEVILLE, MN, 55113","-93.171196747715,44.999013975328",97640869.0,R,27.0,123.0,41301.0,1015.0
1068,"7500 KNOLLWOOD DR, MOUNDS VIEW, MN, 55112",Match,Exact,"7500 KNOLLWOOD DR, MOUNDS VIEW, MN, 55112","-93.223122699529,45.104214725088",97633327.0,L,27.0,123.0,41002.0,1002.0
1189,"3461 GLENARDEN CT, ARDEN HILLS, MN, 55112",Match,Exact,"3461 GLENARDEN CT, ARDEN HILLS, MN, 55112","-93.160324596543,45.046020402639",97639870.0,L,27.0,123.0,40804.0,1002.0
1067,"1779 WHITE BEAR AVE N, MAPLEWOOD, MN, 55109",Match,Exact,"1779 WHITE BEAR AVE N, MAPLEWOOD, MN, 55109","-93.025298455257,44.994827863758",97652980.0,L,27.0,123.0,42402.0,1014.0
1188,"1494 IDAHO AVE W, FALCON HEIGHTS, MN, 55108",Match,Non_Exact,"1494 W IDAHO AVE, FALCON HEIGHTS, MN, 55108","-93.163132248757,44.989925832573",97641047.0,L,27.0,123.0,41900.0,2007.0
1080,"2552 SILVER LAKE RD NW, NEW BRIGHTON, MN, 55112",Match,Non_Exact,"2552 SILVER LAKE RD, NEW BRIGHTON, MN, 55112","-93.219022405554,45.092731739557",97633721.0,L,27.0,123.0,41105.0,5010.0
1088,"7601 GROVELAND RD, MOUNDS VIEW, MN, 55112",Match,Exact,"7601 GROVELAND RD, MOUNDS VIEW, MN, 55112","-93.220970572089,45.106012585481",97633370.0,R,27.0,123.0,41002.0,1000.0
1087,"7960 GREENWOOD DR, MOUNDS VIEW, MN, 55112",Match,Exact,"7960 GREENWOOD DR, MOUNDS VIEW, MN, 55112","-93.211187052182,45.112767025004",97633388.0,L,27.0,123.0,41001.0,1011.0
1086,"8322 KNOLLWOOD DR, MOUNDS VIEW, MN, 55112",Match,Exact,"8322 KNOLLWOOD DR, MOUNDS VIEW, MN, 55112","-93.223237866434,45.120628338727",97633294.0,L,27.0,123.0,41001.0,2003.0
1085,"1366 SNELLING AVE N, ST PAUL, MN, 55108",Match,Exact,"1366 SNELLING AVE N, SAINT PAUL, MN, 55108","-93.166868391442,44.982521152041",619253137.0,R,27.0,123.0,30201.0,4008.0
1084,"1470 ROSELAWN AVE W, FALCON HEIGHTS, MN, 55113",Match,Exact,"1470 ROSELAWN AVE W, FALCON HEIGHTS, MN, 55113","-93.162133906366,44.99896553256",97640940.0,L,27.0,123.0,41900.0,1004.0
1083,"1957 SNELLING AVE N, ROSEVILLE, MN, 55113",Match,Non_Exact,"1957 SNELLING DR, ROSEVILLE, MN, 55113","-93.166922628535,45.000034846392",640770966.0,L,27.0,123.0,41301.0,1015.0
1082,"1441 BELMONT LN W, ROSEVILLE, MN, 55113",Match,Exact,"1441 BELMONT LN W, ROSEVILLE, MN, 55113","-93.160123970547,45.003605155905",97641631.0,R,27.0,123.0,41800.0,2009.0
1081,"7940 GREENWOOD DR, MOUNDS VIEW, MN, 55112",Match,Exact,"7940 GREENWOOD DR, MOUNDS VIEW, MN, 55112","-93.211181635609,45.112412236164",97633388.0,L,27.0,123.0,41001.0,1011.0
1079,"3000 WOODALE DR, MOUNDS VIEW, MN, 55112",Match,Exact,"3000 WOODALE DR, MOUNDS VIEW, MN, 55112","-93.225106252084,45.097219667081",97666517.0,L,27.0,123.0,41002.0,1010.0
1078,"787 IVY AVE W, ST PAUL, MN, 55117",Match,Exact,"787 IVY AVE W, SAINT PAUL, MN, 55117","-93.133336256075,44.981064342427",97641996.0,R,27.0,123.0,30300.0,2008.0
1199,"1476 ARONA ST, ST PAUL, MN, 55108",Tie,,,,,,,,,
1091,"3244 WOODBRIDGE ST, SHOREVIEW, MN, 55126",Match,Exact,"3244 WOODBRIDGE ST, SHOREVIEW, MN, 55126","-93.108906206291,45.039479256946",97642681.0,R,27.0,123.0,40704.0,3004.0
1090,"1380 PASCAL ST N, ST PAUL, MN, 55108",Match,Exact,"1380 PASCAL ST N, SAINT PAUL, MN, 55108","-93.161745742422,44.983007625848",97641094.0,R,27.0,123.0,30201.0,4003.0
1099,"2901 COUNTY ROAD H, MOUNDS VIEW, MN, 55112",Match,Exact,"2901 CO RD H, MOUNDS VIEW, MN, 55112","-93.222206286446,45.093350550995",97633711.0,R,27.0,123.0,41002.0,1010.0
1098,"1498 IOWA AVE W, FALCON HEIGHTS, MN, 55108",Match,Non_Exact,"1498 W IOWA AVE, FALCON HEIGHTS, MN, 55108","-93.163261972274,44.989025018539",97641049.0,L,27.0,123.0,41900.0,2015.0
1097,"2149 NOKOMIS AVE, ST PAUL, MN, 55119",Match,Exact,"2149 NOKOMIS AVE, SAINT PAUL, MN, 55119","-93.011707147614,44.968495856057",97653631.0,L,27.0,123.0,31802.0,3001.0
1096,"3646 RUSTIC PL, SHOREVIEW, MN, 55126",Match,Exact,"3646 RUSTIC PL, SHOREVIEW, MN, 55126","-93.107615577284,45.051743021224",97642986.0,R,27.0,123.0,40704.0,5005.0
1095,"1746 KENNARD ST N, MAPLEWOOD, MN, 55109",Match,Non_Exact,"1746 N KENNARD ST, MAPLEWOOD, MN, 55109","-93.030256733586,44.994044328971",97652975.0,R,27.0,123.0,42402.0,1013.0
1094,"1533 ARONA ST, ST PAUL, MN, 55108",Match,Non_Exact,"1533 N ARONA ST, SAINT PAUL, MN, 55108","-93.164422147526,44.986968274356",97641050.0,L,27.0,123.0,30201.0,2007.0
1093,"1743 WHITE BEAR AVE N, MAPLEWOOD, MN, 55109",Match,Exact,"1743 WHITE BEAR AVE N, MAPLEWOOD, MN, 55109","-93.025299885196,44.993912783501",97652980.0,L,27.0,123.0,42402.0,1014.0
1092,"2069 MANITOU AVE, ST PAUL, MN, 55119",Match,Exact,"2069 MANITOU AVE, SAINT PAUL, MN, 55119","-93.014172835399,44.96836712459",97653597.0,L,27.0,123.0,31802.0,3003.0
1089,"7815 GREENWOOD DR, MOUNDS VIEW, MN, 55112",Match,Exact,"7815 GREENWOOD DR, MOUNDS VIEW, MN, 55112","-93.21098261188,45.110095408127",97633398.0,R,27.0,123.0,41001.0,1013.0
1404,"1603 JUNO AVE, ST PAUL, MN, 55116",Match,Non_Exact,"1603 W JUNO AVE, SAINT PAUL, MN, 55116","-93.168868242544,44.926147817896",97646154.0,R,27.0,123.0,36400.0,2000.0
1403,"1475 LARPENTEUR AVE W, FALCON HEIGHTS, MN, 55113",Match,Exact,"1475 LARPENTEUR AVE W, FALCON HEIGHTS, MN, 55113","-93.162272823237,44.991855228081",97641043.0,R,27.0,123.0,41900.0,1010.0
1402,"1354 IDAHO AVE W, FALCON HEIGHTS, MN, 55108",Match,Exact,"1354 IDAHO AVE W, FALCON HEIGHTS, MN, 55108","-93.155930698704,44.989989712475",97641741.0,L,27.0,123.0,30201.0,1005.0
1401,"1358 CALIFORNIA AVE W, FALCON HEIGHTS, MN, 55108",Match,Non_Exact,"1358 CALIFORNIA AVE, FALCON HEIGHTS, MN, 55108","-93.158084314044,44.990852155016",97641069.0,L,27.0,123.0,41900.0,2010.0
1400,"2917 COUNTY ROAD H2, MOUNDS VIEW, MN, 55112",Match,Exact,"2917 CO RD H2, MOUNDS VIEW, MN, 55112","-93.222747480003,45.100589020145",97633582.0,R,27.0,123.0,41002.0,1005.0
1409,"1492 SHELDON ST, ST PAUL, MN, 55108",Tie,,,,,,,,,
1408,"1512 IOWA AVE W, FALCON HEIGHTS, MN, 55108",Match,Non_Exact,"1512 W IOWA AVE, FALCON HEIGHTS, MN, 55108","-93.163823717934,44.989021083407",97641049.0,L,27.0,123.0,41900.0,2015.0
1407,"77 MID OAKS LN, ROSEVILLE, MN, 55113",Match,Exact,"77 MID OAKS LN, ROSEVILLE, MN, 55113","-93.171196747715,44.999013975328",97640869.0,R,27.0,123.0,41301.0,1015.0
1406,"771 HOYT AVE W, ST PAUL, MN, 55117",Match,Exact,"771 HOYT AVE W, SAINT PAUL, MN, 55117","-93.132771986234,44.988299103902",97641965.0,R,27.0,123.0,30300.0,1017.0
1405,"1840 MONTREAL AVE, ST PAUL, MN, 55116",Match,Exact,"1840 MONTREAL AVE, SAINT PAUL, MN, 55116","-93.148502584615,44.912368495717",97647092.0,L,27.0,123.0,36700.0,3029.0
1415,"1470 ALBERT ST N, ST PAUL, MN, 55108",Match,Exact,"1470 ALBERT ST N, SAINT PAUL, MN, 55108","-93.159174527043,44.983499081513",97641119.0,R,27.0,123.0,30201.0,4001.0
1414,"497 GLENWOOD AVE, ROSEVILLE, MN, 55113",Match,Non_Exact,"497 W GLENWOOD AVE, ROSEVILLE, MN, 55113","-93.119680532775,44.99630793007",97643557.0,R,27.0,123.0,41602.0,3001.0
1413,"8055 SUNNYSIDE RD, MOUNDS VIEW, MN, 55112",Match,Exact,"8055 SUNNYSIDE RD, MOUNDS VIEW, MN, 55112","-93.215136186823,45.114357502576",97633382.0,R,27.0,123.0,41001.0,1006.0
1412,"1535 HOYT AVE W, FALCON HEIGHTS, MN, 55108",Match,Exact,"1535 HOYT AVE W, FALCON HEIGHTS, MN, 55108","-93.165119509048,44.9882176683",97641001.0,R,27.0,123.0,41900.0,2018.0
1411,"8066 SUNNYSIDE RD, MOUNDS VIEW, MN, 55112",Match,Exact,"8066 SUNNYSIDE RD, MOUNDS VIEW, MN, 55112","-93.215301803759,45.114569354428",97633382.0,L,27.0,123.0,41001.0,1007.0
1410,"1496 HOLTON ST, ST PAUL, MN, 55108",Match,Non_Exact,"1496 N HOLTON ST, SAINT PAUL, MN, 55108","-93.160437705575,44.986267624397",97641080.0,R,27.0,123.0,30201.0,2013.0
1419,"2059 3RD ST N, NORTH ST PAUL, MN, 55109",Match,Exact,"2059 3RD ST N, NORTH ST PAUL, MN, 55109","-93.00252285394,45.003634626173",635776183.0,L,27.0,123.0,42700.0,5004.0
1418,"2152 4TH ST E, ST PAUL, MN, 55119",Match,Non_Exact,"2152 E 4TH ST, SAINT PAUL, MN, 55119","-93.009659940284,44.958488150899",97653732.0,R,27.0,123.0,34702.0,4010.0
1417,"2648 SHERWOOD RD, MOUNDS VIEW, MN, 55112",Match,Exact,"2648 SHERWOOD RD, MOUNDS VIEW, MN, 55112","-93.213540401779,45.115172227472",97633383.0,L,27.0,123.0,41001.0,1006.0
1416,"0 COUNTY ROAD E E, WHITE BEAR LAKE, MN, 55110",No_Match,,,,,,,,,
1305,"1725 PASCAL ST N, FALCON HEIGHTS, MN, 55113",Match,Non_Exact,"1725 N PASCAL ST, FALCON HEIGHTS, MN, 55113","-93.161777794546,44.993495741947",97640964.0,L,27.0,123.0,41900.0,1008.0
1426,"1435 MCKINLEY ST, ST PAUL, MN, 55108",Match,Non_Exact,"1435 W MCKINLEY ST, SAINT PAUL, MN, 55108","-93.160639892812,44.984458860021",97641118.0,L,27.0,123.0,30201.0,4003.0
1304,"1480 IOWA AVE W, FALCON HEIGHTS, MN, 55108",Match,Non_Exact,"1480 W IOWA AVE, FALCON HEIGHTS, MN, 55108","-93.162539727855,44.989030077995",97641049.0,L,27.0,123.0,41900.0,2015.0
1425,"1893 ARONA ST, FALCON HEIGHTS, MN, 55113",Match,Non_Exact,"1893 N ARONA ST, FALCON HEIGHTS, MN, 55113","-93.164300049196,44.998102097959",97640934.0,L,27.0,123.0,41900.0,3000.0
1303,"1481 HOYT AVE W, FALCON HEIGHTS, MN, 55108",Match,Exact,"1481 HOYT AVE W, FALCON HEIGHTS, MN, 55108","-93.162712589132,44.988237038204",97641072.0,R,27.0,123.0,41900.0,2015.0
1424,"7385 PLEASANT VIEW DR, MOUNDS VIEW, MN, 55112",Tie,,,,,,,,,
1302,"1772 KENNARD ST N, MAPLEWOOD, MN, 55109",Match,Non_Exact,"1772 N KENNARD ST, MAPLEWOOD, MN, 55109","-93.030256293489,44.994645867498",97652974.0,R,27.0,123.0,42402.0,1013.0
1423,"3117 RICE ST, ROSEVILLE, MN, 55113",Match,Exact,"3117 RICE ST, ROSEVILLE, MN, 55113","-93.106291517007,45.035584110653",97643041.0,L,27.0,123.0,41601.0,1000.0
1301,"2101 COTTAGE AVE E, ST PAUL, MN, 55119",Match,Non_Exact,"2101 E COTTAGE AVE, SAINT PAUL, MN, 55119","-93.012823334678,44.982993420646",97653282.0,L,27.0,123.0,30702.0,1007.0
1422,"1895 FLANDRAU ST N, MAPLEWOOD, MN, 55109",Match,Exact,"1895 FLANDRAU ST N, MAPLEWOOD, MN, 55109","-93.027908269683,44.998363680721",97652965.0,L,27.0,123.0,42402.0,1013.0
1300,"1759 SIMPSON ST, FALCON HEIGHTS, MN, 55113",Match,Exact,"1759 SIMPSON ST, FALCON HEIGHTS, MN, 55113","-93.163044384802,44.994214491029",97640956.0,L,27.0,123.0,41900.0,1009.0
1421,"1913 FLANDRAU ST N, MAPLEWOOD, MN, 55109",Match,Exact,"1913 FLANDRAU ST N, MAPLEWOOD, MN, 55109","-93.0279077805,44.998752538638",97652965.0,L,27.0,123.0,42402.0,1013.0
1420,"1287 RYAN AVE W, ROSEVILLE, MN, 55113",Match,Exact,"1287 RYAN AVE W, ROSEVILLE, MN, 55113","-93.154237460152,45.000973322671",97641642.0,R,27.0,123.0,41800.0,3022.0
1309,"2129 SHERWOOD AVE, ST PAUL, MN, 55119",Match,Exact,"2129 SHERWOOD AVE, SAINT PAUL, MN, 55119","-93.01189114248,44.983896834226",97653280.0,L,27.0,123.0,30702.0,1009.0
1308,"1394 ALBERT ST N, ST PAUL, MN, 55108",Match,Exact,"1394 ALBERT ST N, SAINT PAUL, MN, 55108","-93.159170871948,44.983854352028",97641119.0,R,27.0,123.0,30201.0,4001.0
1429,"1755 SIMPSON ST, FALCON HEIGHTS, MN, 55113",Match,Exact,"1755 SIMPSON ST, FALCON HEIGHTS, MN, 55113","-93.163044544009,44.994124068498",97640956.0,L,27.0,123.0,41900.0,1009.0
1307,"1530 ARONA ST, ST PAUL, MN, 55108",Match,Non_Exact,"1530 N ARONA ST, SAINT PAUL, MN, 55108","-93.164260743845,44.986932283235",97641050.0,R,27.0,123.0,30201.0,2006.0
1428,"3048 BRONSON DR, MOUNDS VIEW, MN, 55112",Match,Exact,"3048 BRONSON DR, MOUNDS VIEW, MN, 55112","-93.226400000057,45.104033824818",97633572.0,L,27.0,123.0,41002.0,1004.0
1306,"1824 SIMPSON ST, FALCON HEIGHTS, MN, 55113",Match,Exact,"1824 SIMPSON ST, FALCON HEIGHTS, MN, 55113","-93.162879057625,44.995882793909",97640954.0,R,27.0,123.0,41900.0,1007.0
1427,"1596 HAMLINE AVE N, ST PAUL, MN, 55108",Match,Exact,"1596 HAMLINE AVE N, SAINT PAUL, MN, 55108","-93.156519419316,44.989254893959",97641740.0,R,27.0,123.0,30201.0,1005.0
1440,"668 SHRYER AVE W, ROSEVILLE, MN, 55113",Match,Exact,"668 SHRYER AVE W, ROSEVILLE, MN, 55113","-93.127244444938,45.001743279641",97643365.0,L,27.0,123.0,41700.0,4000.0
1316,"2285 SKILLMAN AVE E, NORTH ST PAUL, MN, 55109",Match,Exact,"2285 SKILLMAN AVE E, NORTH ST PAUL, MN, 55109","-93.003981032294,45.002898183601",97653752.0,L,27.0,123.0,42700.0,5003.0
1437,"1888 KENNARD ST N, MAPLEWOOD, MN, 55109",Match,Non_Exact,"1888 N KENNARD ST, MAPLEWOOD, MN, 55109","-93.030256288429,44.997846184538",97652962.0,R,27.0,123.0,42402.0,1013.0
1315,"2817 SHERWOOD RD, MOUNDS VIEW, MN, 55112",Match,Exact,"2817 SHERWOOD RD, MOUNDS VIEW, MN, 55112","-93.219631800119,45.115168620844",97633348.0,R,27.0,123.0,41001.0,2008.0
1436,"477 WOODLAWN AVE, ST PAUL, MN, 55105",Match,Exact,"477 WOODLAWN AVE, SAINT PAUL, MN, 55105","-93.195144507302,44.927657549133",97639391.0,R,27.0,123.0,43001.0,5014.0
1314,"2312 7TH AVE E, NORTH ST PAUL, MN, 55109",Match,Exact,"2312 7TH AVE E, NORTH ST PAUL, MN, 55109","-93.002981235571,45.006139593068",619598023.0,R,27.0,123.0,42700.0,5002.0
1435,"2388 BURKE AVE E, NORTH ST PAUL, MN, 55109",Match,Exact,"2388 BURKE AVE E, NORTH ST PAUL, MN, 55109","-92.999593377881,45.005518008047",97652787.0,R,27.0,123.0,42700.0,5005.0
1313,"1401 SKILES LN, ARDEN HILLS, MN, 55112",Match,Exact,"1401 SKILES LN, ARDEN HILLS, MN, 55112","-93.160340086081,45.046544537382",97639864.0,R,27.0,123.0,40804.0,1004.0
1434,"1407 ARONA ST, ST PAUL, MN, 55108",Tie,,,,,,,,,
1312,"1713 SHRYER AVE W, ROSEVILLE, MN, 55113",Match,Exact,"1713 SHRYER AVE W, ROSEVILLE, MN, 55113","-93.172400478303,45.002146292341",97640817.0,R,27.0,123.0,41301.0,1021.0
1433,"511 HILLTOP AVE, ROSEVILLE, MN, 55113",Match,Non_Exact,"511 W HILLTOP AVE, ROSEVILLE, MN, 55113","-93.120591624911,44.997209315667",97643552.0,R,27.0,123.0,41602.0,3000.0
1311,"1773 WHITE BEAR AVE N, MAPLEWOOD, MN, 55109",Match,Exact,"1773 WHITE BEAR AVE N, MAPLEWOOD, MN, 55109","-93.025298693581,44.994675350382",97652980.0,L,27.0,123.0,42402.0,1014.0
1432,"1491 SIMPSON ST, ST PAUL, MN, 55108",Match,Exact,"1491 SIMPSON ST, SAINT PAUL, MN, 55108","-93.163158514892,44.986076705163",97641056.0,L,27.0,123.0,30201.0,2010.0
1310,"1864 SIMPSON ST, FALCON HEIGHTS, MN, 55113",Match,Exact,"1864 SIMPSON ST, FALCON HEIGHTS, MN, 55113","-93.162876046782,44.997093085718",97640954.0,R,27.0,123.0,41900.0,1007.0
1431,"1505 IDAHO AVE W, FALCON HEIGHTS, MN, 55108",Match,Non_Exact,"1505 W IDAHO AVE, FALCON HEIGHTS, MN, 55108","-93.163548936146,44.990037510585",97641047.0,R,27.0,123.0,41900.0,2014.0
1430,"1379 HAMLINE AVE N, ST PAUL, MN, 55108",Match,Exact,"1379 HAMLINE AVE N, SAINT PAUL, MN, 55108","-93.156792243503,44.982847948139",97641768.0,L,27.0,123.0,30201.0,4000.0
1319,"7532 SILVER LAKE RD, MOUNDS VIEW, MN, 55112",Match,Exact,"7532 SILVER LAKE RD, MOUNDS VIEW, MN, 55112","-93.219229937574,45.104273315475",97633378.0,L,27.0,123.0,41002.0,1000.0
1318,"7090 KNOLLWOOD DR, MOUNDS VIEW, MN, 55112",Match,Exact,"7090 KNOLLWOOD DR, MOUNDS VIEW, MN, 55112","-93.222253426775,45.097147878913",97633651.0,L,27.0,123.0,41002.0,1010.0
1439,"2145 GARDENETTE DR N, WHITE BEAR LAKE, MN, 55110",Match,Exact,"2145 GARDENETTE DR N, WHITE BEAR LAKE, MN, 55110","-93.010026676469,45.067765271496",97637233.0,L,27.0,123.0,40301.0,2007.0
1317,"3465 SIEMS CT, ARDEN HILLS, MN, 55112",Match,Exact,"3465 SIEMS CT, ARDEN HILLS, MN, 55112","-93.166782668528,45.046357859991",97639839.0,L,27.0,123.0,40804.0,1007.0
1438,"2225 BURR ST N, MAPLEWOOD, MN, 55117",Match,Non_Exact,"2225 BURR ST, MAPLEWOOD, MN, 55117","-93.080090918503,45.007986204951",97649445.0,L,27.0,123.0,42202.0,5008.0
1330,"932 STERLING ST N, MAPLEWOOD, MN, 55119",Match,Exact,"932 STERLING ST N, MAPLEWOOD, MN, 55119","-92.994833067547,44.97009130835",97653938.0,R,27.0,123.0,42501.0,4005.0
1451,"8371 KNOLLWOOD DR, MOUNDS VIEW, MN, 55112",Match,Exact,"8371 KNOLLWOOD DR, MOUNDS VIEW, MN, 55112","-93.22308373175,45.121676076174",97633294.0,R,27.0,123.0,41001.0,2002.0
1450,"2025 MANITOU AVE, ST PAUL, MN, 55119",Match,Exact,"2025 MANITOU AVE, SAINT PAUL, MN, 55119","-93.015406858956,44.967712105516",97653578.0,L,27.0,123.0,31802.0,3004.0
1206,"1391 CALIFORNIA AVE W, FALCON HEIGHTS, MN, 55108",Match,Non_Exact,"1391 CALIFORNIA AVE, FALCON HEIGHTS, MN, 55108","-93.158876433361,44.990961232",97641069.0,R,27.0,123.0,41900.0,2011.0
1327,"1456 CALIFORNIA AVE W, FALCON HEIGHTS, MN, 55108",Match,Non_Exact,"1456 CALIFORNIA AVE, FALCON HEIGHTS, MN, 55108","-93.16139678339,44.990828906698",97641060.0,L,27.0,123.0,41900.0,2013.0
1448,"7887 SPRING LAKE RD, MOUNDS VIEW, MN, 55112",Match,Exact,"7887 SPRING LAKE RD, MOUNDS VIEW, MN, 55112","-93.224794396943,45.111161574429",649428313.0,R,27.0,123.0,41001.0,2017.0
1205,"1511 SIMPSON ST, ST PAUL, MN, 55108",Match,Exact,"1511 SIMPSON ST, SAINT PAUL, MN, 55108","-93.163152493433,44.986596594886",97641054.0,L,27.0,123.0,30201.0,2006.0
1326,"8454 SPRING LAKE RD, MOUNDS VIEW, MN, 55112",Match,Exact,"8454 SPRING LAKE RD, MOUNDS VIEW, MN, 55112","-93.225149027956,45.123351868149",97633292.0,L,27.0,123.0,41001.0,2004.0
1447,"2070 MANITOU AVE, ST PAUL, MN, 55119",Match,Exact,"2070 MANITOU AVE, SAINT PAUL, MN, 55119","-93.01397875905,44.968375874814",97653597.0,R,27.0,123.0,31802.0,3002.0
1204,"1432 CALIFORNIA AVE W, FALCON HEIGHTS, MN, 55108",Match,Non_Exact,"1432 CALIFORNIA AVE, FALCON HEIGHTS, MN, 55108","-93.160470082859,44.990835432694",97641060.0,L,27.0,123.0,41900.0,2013.0
1325,"7877 SUNNYSIDE RD, MOUNDS VIEW, MN, 55112",Match,Exact,"7877 SUNNYSIDE RD, MOUNDS VIEW, MN, 55112","-93.215084628951,45.111008002097",97633394.0,R,27.0,123.0,41001.0,1009.0
1446,"3421 SNELLING AVE N, ARDEN HILLS, MN, 55112",Match,Exact,"3421 SNELLING AVE N, ARDEN HILLS, MN, 55112","-93.162477368997,45.047457262897",97639859.0,L,27.0,123.0,40804.0,1005.0
1203,"1800 3RD ST E, ST PAUL, MN, 55119",Match,Exact,"1800 3RD ST E, SAINT PAUL, MN, 55119","-93.02457794215,44.956725283629",652845334.0,R,27.0,123.0,34701.0,3002.0
1324,"1362 MCKINLEY ST, ST PAUL, MN, 55108",Match,Non_Exact,"1362 W MCKINLEY ST, SAINT PAUL, MN, 55108","-93.160251336146,44.983292021645",97641118.0,R,27.0,123.0,30201.0,4002.0
1445,"1433 PASCAL ST N, ST PAUL, MN, 55108",Match,Exact,"1433 PASCAL ST N, SAINT PAUL, MN, 55108","-93.161888696664,44.984367322536",97641094.0,L,27.0,123.0,30201.0,4004.0
1202,"945 PARKER AVE, ROSEVILLE, MN, 55113",Match,Exact,"945 PARKER AVE, ROSEVILLE, MN, 55113","-93.139828032934,45.004141406024",616281989.0,R,27.0,123.0,41700.0,3000.0
1323,"7820 GLORIA CIR, MOUNDS VIEW, MN, 55112",Match,Exact,"7820 GLORIA CIR, MOUNDS VIEW, MN, 55112","-93.226445125654,45.110725274878",97633311.0,L,27.0,123.0,41001.0,2020.0
1444,"1637 FERNWOOD ST, ST PAUL, MN, 55108",Tie,,,,,,,,,
1201,"1841 PASCAL ST N, FALCON HEIGHTS, MN, 55113",Match,Non_Exact,"1841 N PASCAL ST, FALCON HEIGHTS, MN, 55113","-93.161777797755,44.996430397275",97640961.0,L,27.0,123.0,41900.0,1007.0
1322,"2164 NOKOMIS AVE, ST PAUL, MN, 55119",Match,Exact,"2164 NOKOMIS AVE, SAINT PAUL, MN, 55119","-93.011316342116,44.96878606797",97653631.0,R,27.0,123.0,31802.0,3000.0
1443,"3447 SIEMS CT, ARDEN HILLS, MN, 55112",Match,Exact,"3447 SIEMS CT, ARDEN HILLS, MN, 55112","-93.166839912772,45.046060190101",97639839.0,L,27.0,123.0,40804.0,1007.0
1200,"1790 HIGHWAY 10, SPRING LAKE PARK, MN, 55432",Match,Exact,"1790 CO RD 10, SPRING LAKE PARK, MN, 55432","-93.225274505896,45.114576019108",97676927.0,R,27.0,123.0,41001.0,2015.0
1321,"2120 NORTONIA AVE, ST PAUL, MN, 55119",Match,Exact,"2120 NORTONIA AVE, SAINT PAUL, MN, 55119","-93.011841798849,44.966558781539",97653637.0,R,27.0,123.0,31802.0,2006.0
1442,"1995 WHEELER ST N, ROSEVILLE, MN, 55113",Match,Exact,"1995 WHEELER ST N, ROSEVILLE, MN, 55113","-93.174506154526,45.001379119324",97640812.0,L,27.0,123.0,41301.0,1024.0
1320,"2032 MANITOU AVE, ST PAUL, MN, 55119",Match,Exact,"2032 MANITOU AVE, SAINT PAUL, MN, 55119","-93.015066360034,44.967714593505",97653594.0,R,27.0,123.0,31802.0,3010.0
1441,"8250 KNOLLWOOD DR, MOUNDS VIEW, MN, 55112",Match,Exact,"8250 KNOLLWOOD DR, MOUNDS VIEW, MN, 55112","-93.223225485404,45.119057688657",97633294.0,L,27.0,123.0,41001.0,2003.0
1209,"1474 SHELDON ST, ST PAUL, MN, 55108",Tie,,,,,,,,,
1208,"1553 ARONA ST, ST PAUL, MN, 55108",Match,Non_Exact,"1553 N ARONA ST, SAINT PAUL, MN, 55108","-93.164416126097,44.987314073753",97641050.0,L,27.0,123.0,30201.0,2007.0
1329,"1994 BEACON ST, ROSEVILLE, MN, 55113",Match,Exact,"1994 BEACON ST, ROSEVILLE, MN, 55113","-93.175520950475,45.001382980558",97640803.0,R,27.0,123.0,41301.0,1024.0
1207,"1641 COUNTY ROAD B E, MAPLEWOOD, MN, 55109",Match,Exact,"1641 CO RD B E, MAPLEWOOD, MN, 55109","-93.03120525788,45.006475697024",97649927.0,L,27.0,123.0,42402.0,2015.0
1328,"743 MONTANA AVE W, ST PAUL, MN, 55117",Match,Non_Exact,"743 W MONTANA AVE, SAINT PAUL, MN, 55117","-93.132181617542,44.987385098453",97641967.0,R,27.0,123.0,30300.0,1020.0
1449,"792 PARKVIEW AVE, ST PAUL, MN, 55117",Match,Non_Exact,"792 W PARKVIEW AVE, SAINT PAUL, MN, 55117","-93.133310084921,44.983645252116",97641984.0,L,27.0,123.0,30300.0,2004.0
1583,"785 NEBRASKA AVE W, ST PAUL, MN, 55117",Match,Non_Exact,"785 W NEBRASKA AVE, SAINT PAUL, MN, 55117","-93.132870629205,44.986481727897",97641969.0,R,27.0,123.0,30300.0,1031.0
1582,"748 LAKEVIEW AVE, ST PAUL, MN, 55117",Match,Non_Exact,"748 W LAKEVIEW AVE, SAINT PAUL, MN, 55117","-93.132495310319,44.981847855972",97641994.0,L,27.0,123.0,30300.0,2008.0
1581,"1916 NORTONIA AVE, ST PAUL, MN, 55119",Match,Exact,"1916 NORTONIA AVE, SAINT PAUL, MN, 55119","-93.019181690021,44.963699579848",97653518.0,R,27.0,123.0,31802.0,3017.0
1580,"1291 IDAHO AVE W, ST PAUL, MN, 55108",Match,Exact,"1291 IDAHO AVE W, SAINT PAUL, MN, 55108","-93.154346488452,44.990126221316",97641753.0,R,27.0,123.0,30201.0,1002.0
1579,"2132 5TH ST E, ST PAUL, MN, 55119",Match,Non_Exact,"2132 E 5TH ST, SAINT PAUL, MN, 55119","-93.010623212368,44.959400614925",97653729.0,R,27.0,123.0,34702.0,4007.0
1578,"1377 MCKINLEY ST, ST PAUL, MN, 55108",Match,Non_Exact,"1377 W MCKINLEY ST, SAINT PAUL, MN, 55108","-93.160525941252,44.983482752408",97641118.0,L,27.0,123.0,30201.0,4003.0
1699,"1446 LARPENTEUR AVE W, FALCON HEIGHTS, MN, 55113",Match,Exact,"1446 LARPENTEUR AVE W, FALCON HEIGHTS, MN, 55113","-93.160963227811,44.99174986005",97641058.0,L,27.0,123.0,41900.0,2001.0
1577,"677 SHRYER AVE W, ROSEVILLE, MN, 55113",Match,Exact,"677 SHRYER AVE W, ROSEVILLE, MN, 55113","-93.127416033385,45.001860561936",97643365.0,R,27.0,123.0,41700.0,4002.0
1698,"1840 SIMPSON ST, FALCON HEIGHTS, MN, 55113",Match,Exact,"1840 SIMPSON ST, FALCON HEIGHTS, MN, 55113","-93.162877853288,44.996366910633",97640954.0,R,27.0,123.0,41900.0,1007.0
1576,"2578 EASTMAN DR NE, NEW BRIGHTON, MN, 55112",Match,Non_Exact,"2578 EASTMAN DR, NEW BRIGHTON, MN, 55112","-93.220211631447,45.092236299938",97633715.0,R,27.0,123.0,41105.0,5010.0
1697,"635 SHRYER AVE W, ROSEVILLE, MN, 55113",Match,Exact,"635 SHRYER AVE W, ROSEVILLE, MN, 55113","-93.126496522184,45.001846290077",97643365.0,R,27.0,123.0,41700.0,4002.0
1575,"2741 HILLVIEW RD, MOUNDS VIEW, MN, 55112",Match,Exact,"2741 HILLVIEW RD, MOUNDS VIEW, MN, 55112","-93.218041659684,45.111566970517",97633374.0,R,27.0,123.0,41001.0,2011.0
1696,"2027 SHERWOOD AVE, ST PAUL, MN, 55119",Match,Exact,"2027 SHERWOOD AVE, SAINT PAUL, MN, 55119","-93.014387818977,44.983887861616",97653280.0,L,27.0,123.0,30702.0,1009.0
1574,"2021 HERSCHEL ST, ROSEVILLE, MN, 55113",Match,Exact,"2021 HERSCHEL ST, ROSEVILLE, MN, 55113","-93.173238427965,45.001552389758",97640814.0,L,27.0,123.0,41301.0,1022.0
1695,"7408 SILVER LAKE RD, MOUNDS VIEW, MN, 55112",No_Match,,,,,,,,,
1573,"1963 REANEY AVE, ST PAUL, MN, 55119",Match,Exact,"1963 REANEY AVE, SAINT PAUL, MN, 55119","-93.016699000153,44.9641476187",97653516.0,L,27.0,123.0,31802.0,3016.0
1694,"2095 COUNTY ROAD F E, WHITE BEAR LAKE, MN, 55110",Match,Non_Exact,"2095 E CO RD F, WHITE BEAR LAKE, MN, 55110","-93.01196364405,45.064747113879",97637194.0,L,27.0,123.0,40301.0,2011.0
1594,"1775 ST MARYS ST, FALCON HEIGHTS, MN, 55113",Match,Exact,"1775 ST MARY'S ST, FALCON HEIGHTS, MN, 55113","-93.168922029162,44.994664337131",97640907.0,L,27.0,123.0,41900.0,3006.0
1593,"1334 CLEVELAND AVE S, ST PAUL, MN, 55116",Match,Non_Exact,"1334 S CLEVELAND AVE, SAINT PAUL, MN, 55116","-93.187314589193,44.901281642696",97639720.0,L,27.0,123.0,37601.0,2005.0
1592,"1873 FLANDRAU ST N, MAPLEWOOD, MN, 55109",Match,Exact,"1873 FLANDRAU ST N, MAPLEWOOD, MN, 55109","-93.027908867573,44.997888409933",97652965.0,L,27.0,123.0,42402.0,1013.0
1591,"1425 PASCAL ST N, ST PAUL, MN, 55108",Match,Exact,"1425 PASCAL ST N, SAINT PAUL, MN, 55108","-93.161891518208,44.984166054317",97641094.0,L,27.0,123.0,30201.0,4004.0
1590,"1322 SHRYER AVE W, ROSEVILLE, MN, 55113",Match,Exact,"1322 SHRYER AVE W, ROSEVILLE, MN, 55113","-93.155845377654,45.001735122414",97641637.0,L,27.0,123.0,41800.0,3022.0
1589,"1673 LARPENTEUR AVE E, MAPLEWOOD, MN, 55109",Match,Exact,"1673 LARPENTEUR AVE E, MAPLEWOOD, MN, 55109","-93.029594878701,44.992021262766",652845861.0,L,27.0,123.0,42402.0,1013.0
1588,"1985 PROSPERITY RD N, MAPLEWOOD, MN, 55109",Match,Non_Exact,"1985 PROSPERITY RD, MAPLEWOOD, MN, 55109","-93.033249594162,45.001404104616",97662431.0,L,27.0,123.0,42402.0,1006.0
1587,"8210 SPRING LAKE RD, MOUNDS VIEW, MN, 55112",Match,Exact,"8210 SPRING LAKE RD, MOUNDS VIEW, MN, 55112","-93.225050070196,45.117158228825",97667015.0,L,27.0,123.0,41001.0,2005.0
1586,"714 ARLINGTON AVE W, ST PAUL, MN, 55117",Match,Exact,"714 ARLINGTON AVE W, SAINT PAUL, MN, 55117","-93.130175098068,44.984545880127",97643451.0,L,27.0,123.0,30300.0,2001.0
1585,"1831 FLANDRAU ST N, MAPLEWOOD, MN, 55109",Match,Exact,"1831 FLANDRAU ST N, MAPLEWOOD, MN, 55109","-93.027910009,44.996981074793",97652965.0,L,27.0,123.0,42402.0,1013.0
1584,"1888 SIMPSON ST, FALCON HEIGHTS, MN, 55113",Match,Exact,"1888 SIMPSON ST, FALCON HEIGHTS, MN, 55113","-93.162873922542,44.997945954928",97640939.0,R,27.0,123.0,41900.0,1004.0
1599,"8315 SPRING LAKE RD, MOUNDS VIEW, MN, 55112",Match,Exact,"8315 SPRING LAKE RD, MOUNDS VIEW, MN, 55112","-93.22492079447,45.119287759986",97633295.0,R,27.0,123.0,41001.0,2003.0
1598,"642 SHRYER AVE W, ROSEVILLE, MN, 55113",Match,Exact,"642 SHRYER AVE W, ROSEVILLE, MN, 55113","-93.126675223718,45.001734444681",97643365.0,L,27.0,123.0,41700.0,4000.0
1597,"762 HOYT AVE W, ST PAUL, MN, 55117",Match,Exact,"762 HOYT AVE W, SAINT PAUL, MN, 55117","-93.132580623966,44.988182913198",97641965.0,L,27.0,123.0,30300.0,1020.0
1596,"0 OWASSO LN E, ROSEVILLE, MN, 55126",No_Match,,,,,,,,,
1595,"1530 SNELLING AVE N, ST PAUL, MN, 55108",Match,Non_Exact,"1530 N SNELLING AVE, SAINT PAUL, MN, 55108","-93.16684873026,44.986666443304",97688219.0,R,27.0,123.0,30201.0,2008.0
1909,"1771 SHRYER AVE W, ROSEVILLE, MN, 55113",Match,Exact,"1771 SHRYER AVE W, ROSEVILLE, MN, 55113","-93.174924772636,45.002132142641",97640804.0,R,27.0,123.0,41301.0,1021.0
1908,"795 PEDERSEN ST, ST PAUL, MN, 55119",Match,Exact,"795 PEDERSEN ST, SAINT PAUL, MN, 55119","-93.012731323962,44.965464482243",97653666.0,L,27.0,123.0,31802.0,2014.0
1907,"7680 KNOLLWOOD DR, MOUNDS VIEW, MN, 55112",Match,Exact,"7680 KNOLLWOOD DR, MOUNDS VIEW, MN, 55112","-93.223166273874,45.107399646397",97633327.0,L,27.0,123.0,41002.0,1002.0
1906,"1484 PASCAL ST N, ST PAUL, MN, 55108",Match,Exact,"1484 PASCAL ST N, SAINT PAUL, MN, 55108","-93.161699129649,44.986166577363",97641078.0,R,27.0,123.0,30201.0,2012.0
1905,"2146 FREMONT AVE, ST PAUL, MN, 55119",Match,Exact,"2146 FREMONT AVE, SAINT PAUL, MN, 55119","-93.01012029451,44.95756665239",97653736.0,R,27.0,123.0,34702.0,4013.0
1904,"1486 ARONA ST, ST PAUL, MN, 55108",Tie,,,,,,,,,
1903,"1251 IDAHO AVE W, ST PAUL, MN, 55108",Match,Exact,"1251 IDAHO AVE W, SAINT PAUL, MN, 55108","-93.152774879624,44.990148148671",97641754.0,R,27.0,123.0,30201.0,1002.0
1902,"1521 MIDWAY PKWY, ST PAUL, MN, 55108",No_Match,,,,,,,,,
1901,"2074 MCKNIGHT RD N, NORTH ST PAUL, MN, 55109",Match,Exact,"2074 MCKNIGHT RD N, NORTH ST PAUL, MN, 55109","-93.00489646472,45.004469712904",97652342.0,R,27.0,123.0,42700.0,5003.0
1900,"1540 IOWA AVE W, FALCON HEIGHTS, MN, 55108",Match,Non_Exact,"1540 W IOWA AVE, FALCON HEIGHTS, MN, 55108","-93.164670487945,44.989013258303",97640992.0,L,27.0,123.0,41900.0,2018.0
1919,"1491 LARPENTEUR AVE W, FALCON HEIGHTS, MN, 55113",Match,Exact,"1491 LARPENTEUR AVE W, FALCON HEIGHTS, MN, 55113","-93.162925781584,44.991850580735",97641043.0,R,27.0,123.0,41900.0,1010.0
1910,"2069 SHERWOOD AVE, ST PAUL, MN, 55119",Match,Exact,"2069 SHERWOOD AVE, SAINT PAUL, MN, 55119","-93.013359775713,44.98389155622",97653280.0,L,27.0,123.0,30702.0,1009.0
1918,"1741 LARPENTEUR AVE E, MAPLEWOOD, MN, 55109",Match,Exact,"1741 LARPENTEUR AVE E, MAPLEWOOD, MN, 55109","-93.027174253194,44.992010174886",97652978.0,L,27.0,123.0,42402.0,1014.0
1917,"933 EVAR ST N, MAPLEWOOD, MN, 55119",Match,Non_Exact,"933 EVAR ST, MAPLEWOOD, MN, 55119","-92.993725533982,44.96954620422",97653941.0,L,27.0,123.0,42501.0,4005.0
1916,"1611 LARPENTEUR AVE W, FALCON HEIGHTS, MN, 55113",Match,Exact,"1611 LARPENTEUR AVE W, FALCON HEIGHTS, MN, 55113","-93.168807262885,44.991814648597",97640975.0,R,27.0,123.0,41900.0,3022.0
1915,"2901 COUNTY ROAD H2, MOUNDS VIEW, MN, 55112",Match,Exact,"2901 CO RD H2, MOUNDS VIEW, MN, 55112","-93.222327283834,45.100595931238",97633582.0,R,27.0,123.0,41002.0,1005.0
1914,"2187 NORTONIA AVE, ST PAUL, MN, 55119",Match,Exact,"2187 NORTONIA AVE, SAINT PAUL, MN, 55119","-93.010838236753,44.967956492566",97653634.0,L,27.0,123.0,31802.0,3000.0
1913,"1817 ELM ST, WHITE BEAR LAKE, MN, 55110",Match,Exact,"1817 ELM ST, WHITE BEAR LAKE, MN, 55110","-93.024226213899,45.046696275554",97651928.0,L,27.0,123.0,40402.0,1005.0
1912,"1429 PASCAL ST N, ST PAUL, MN, 55108",Match,Exact,"1429 PASCAL ST N, SAINT PAUL, MN, 55108","-93.161890107436,44.984266688427",97641094.0,L,27.0,123.0,30201.0,4004.0
1911,"50 MID OAKS LN, ROSEVILLE, MN, 55113",Match,Exact,"50 MID OAKS LN, ROSEVILLE, MN, 55113","-93.168471029627,44.999586675092",97662234.0,L,27.0,123.0,41301.0,1017.0
1809,"1960 STILLWATER AVE, ST PAUL, MN, 55119",Match,Exact,"1960 STILLWATER AVE, SAINT PAUL, MN, 55119","-93.017640648082,44.968549301278",97653569.0,R,27.0,123.0,31802.0,3005.0
1800,"1540 ARDEN PL, ARDEN HILLS, MN, 55112",Match,Exact,"1540 ARDEN PL, ARDEN HILLS, MN, 55112","-93.165203363707,45.04656514811",97639840.0,L,27.0,123.0,40804.0,1007.0
1921,"1491 SHELDON ST, ST PAUL, MN, 55108",Tie,,,,,,,,,
1920,"8401 KNOLLWOOD DR, MOUNDS VIEW, MN, 55112",Match,Exact,"8401 KNOLLWOOD DR, MOUNDS VIEW, MN, 55112","-93.223095754353,45.122331112822",97633294.0,R,27.0,123.0,41001.0,2002.0
1808,"2088 WILLIAM ST, ROSEVILLE, MN, 55113",Match,Non_Exact,"2088 WILLIAM ST N, ROSEVILLE, MN, 55113","-93.111074015579,45.003962037754",97643567.0,R,27.0,123.0,41602.0,2016.0
1929,"1994 WHEELER ST N, ROSEVILLE, MN, 55113",Match,Exact,"1994 WHEELER ST N, ROSEVILLE, MN, 55113","-93.174344096194,45.001378843711",97640812.0,R,27.0,123.0,41301.0,1022.0
1807,"1385 PASCAL ST N, ST PAUL, MN, 55108",Match,Exact,"1385 PASCAL ST N, SAINT PAUL, MN, 55108","-93.161905625931,44.983159713223",97641094.0,L,27.0,123.0,30201.0,4004.0
1928,"7692 GROVELAND RD, MOUNDS VIEW, MN, 55112",Match,Exact,"7692 GROVELAND RD, MOUNDS VIEW, MN, 55112","-93.221157479453,45.107665382026",97633370.0,L,27.0,123.0,41002.0,1001.0
1806,"1195 BROOKS AVE W, ROSEVILLE, MN, 55113",Match,Non_Exact,"1195 W BROOKS AVE, ROSEVILLE, MN, 55113","-93.149983416406,45.016318737018",97640592.0,R,27.0,123.0,41400.0,2004.0
1927,"32 MID OAKS LN, ROSEVILLE, MN, 55113",Match,Exact,"32 MID OAKS LN, ROSEVILLE, MN, 55113","-93.168914966369,45.000298879947",97662234.0,R,27.0,123.0,41301.0,1015.0
1805,"1415 PASCAL ST N, ST PAUL, MN, 55108",Match,Exact,"1415 PASCAL ST N, SAINT PAUL, MN, 55108","-93.161895045139,44.983914469044",97641094.0,L,27.0,123.0,30201.0,4004.0
1926,"1835 PHALEN PL N, MAPLEWOOD, MN, 55109",Match,Non_Exact,"1835 PHALEN PL, MAPLEWOOD, MN, 55109","-93.053368048904,44.996802791048",97651054.0,L,27.0,123.0,42302.0,1008.0
1804,"1521 ASBURY ST, ST PAUL, MN, 55108",Match,Non_Exact,"1521 N ASBURY ST, SAINT PAUL, MN, 55108","-93.165696768429,44.98675159449",97641000.0,L,27.0,123.0,30201.0,2008.0
1925,"1816 ASBURY ST, FALCON HEIGHTS, MN, 55113",Match,Non_Exact,"1816 N ASBURY ST, FALCON HEIGHTS, MN, 55113","-93.165404028807,44.995673661592",97640917.0,R,27.0,123.0,41900.0,3018.0
1803,"26 MID OAKS LN, ROSEVILLE, MN, 55113",Match,Exact,"26 MID OAKS LN, ROSEVILLE, MN, 55113","-93.16843297694,45.000281832967",97662234.0,R,27.0,123.0,41301.0,1015.0
1924,"865 WILDER ST S, ST PAUL, MN, 55116",Match,Non_Exact,"865 S WILDER ST, SAINT PAUL, MN, 55116","-93.185433784974,44.915246649071",97639627.0,R,27.0,123.0,37500.0,3004.0
1802,"0 WOODCREST DR, MOUNDS VIEW, MN, 55112",No_Match,,,,,,,,,
1923,"1423 MCKINLEY ST, ST PAUL, MN, 55108",Match,Non_Exact,"1423 W MCKINLEY ST, SAINT PAUL, MN, 55108","-93.160633649976,44.984259088358",97641118.0,L,27.0,123.0,30201.0,4003.0
1801,"573 MONTROSE LN, ST PAUL, MN, 55116",Match,Exact,"573 MONTROSE LN, SAINT PAUL, MN, 55116","-93.193673058898,44.923930762612",97639528.0,R,27.0,123.0,43001.0,3001.0
1922,"172 SNELLING AVE S, ST PAUL, MN, 55105",Match,Exact,"172 SNELLING AVE S, SAINT PAUL, MN, 55105","-93.166925843233,44.936389264858",97645809.0,L,27.0,123.0,35200.0,3004.0
1811,"1791 HOLTON ST, FALCON HEIGHTS, MN, 55113",Match,Exact,"1791 HOLTON ST, FALCON HEIGHTS, MN, 55113","-93.160495293185,44.995230149262",97640966.0,L,27.0,123.0,41900.0,1011.0
1932,"1746 ST MARYS ST, FALCON HEIGHTS, MN, 55113",Match,Exact,"1746 ST MARY'S ST, FALCON HEIGHTS, MN, 55113","-93.168767382045,44.994204510202",97640907.0,R,27.0,123.0,41900.0,3022.0
1810,"776 IDAHO AVE W, ST PAUL, MN, 55117",Match,Exact,"776 IDAHO AVE W, SAINT PAUL, MN, 55117","-93.132843179776,44.989994292652",97641959.0,L,27.0,123.0,30300.0,1012.0
1931,"1622 SANDHURST AVE E, MAPLEWOOD, MN, 55109",Match,Exact,"1622 SANDHURST AVE E, MAPLEWOOD, MN, 55109","-93.031921001202,45.007278690445",97652156.0,R,27.0,123.0,42402.0,2015.0
1930,"3459 SIEMS CT, ARDEN HILLS, MN, 55112",Match,Exact,"3459 SIEMS CT, ARDEN HILLS, MN, 55112","-93.166801749943,45.046258636695",97639839.0,L,27.0,123.0,40804.0,1007.0
1819,"2648 HILLVIEW RD, MOUNDS VIEW, MN, 55112",Match,Exact,"2648 HILLVIEW RD, MOUNDS VIEW, MN, 55112","-93.213470283734,45.111537704612",97633390.0,L,27.0,123.0,41001.0,1009.0
1818,"1611 CHELSEA ST, ST PAUL, MN, 55108",Tie,,,,,,,,,
1939,"3009 WOODALE DR, MOUNDS VIEW, MN, 55112",Match,Exact,"3009 WOODALE DR, MOUNDS VIEW, MN, 55112","-93.225552055799,45.097224294644",97666517.0,R,27.0,123.0,41002.0,1008.0
1817,"1878 KENNARD ST N, MAPLEWOOD, MN, 55109",Match,Non_Exact,"1878 N KENNARD ST, MAPLEWOOD, MN, 55109","-93.030256293099,44.997477691761",97652974.0,R,27.0,123.0,42402.0,1013.0
1938,"1426 LARPENTEUR AVE W, FALCON HEIGHTS, MN, 55113",Match,Exact,"1426 LARPENTEUR AVE W, FALCON HEIGHTS, MN, 55113","-93.16006881928,44.99175612305",97641061.0,L,27.0,123.0,41900.0,2001.0
1816,"1936 CASE AVE, ST PAUL, MN, 55119",Match,Exact,"1936 CASE AVE, SAINT PAUL, MN, 55119","-93.018776806777,44.970234694949",97653407.0,R,27.0,123.0,31802.0,1012.0
1937,"1472 IDAHO AVE W, FALCON HEIGHTS, MN, 55108",Match,Non_Exact,"1472 W IDAHO AVE, FALCON HEIGHTS, MN, 55108","-93.162219067123,44.98993222958",97641047.0,L,27.0,123.0,41900.0,2007.0
1815,"1580 MERRILL ST, ST PAUL, MN, 55108",Tie,,,,,,,,,
1936,"7929 PLEASANT VIEW DR, SPRING LAKE PARK, MN, 55432",Match,Exact,"7929 PLEASANT VIEW DR, SPRING LAKE PARK, MN, 55432","-93.227757768761,45.11194393144",616654679.0,R,27.0,123.0,41001.0,2015.0
1814,"2009 HERSCHEL ST, ROSEVILLE, MN, 55113",Match,Exact,"2009 HERSCHEL ST, ROSEVILLE, MN, 55113","-93.173238926505,45.00147860735",97640814.0,L,27.0,123.0,41301.0,1022.0
1935,"2215 LILAC LN, WHITE BEAR LAKE, MN, 55110",Match,Exact,"2215 LILAC LN, WHITE BEAR LAKE, MN, 55110","-93.007031562661,45.068351079032",97637232.0,L,27.0,123.0,40301.0,2010.0
1813,"1456 IDAHO AVE W, FALCON HEIGHTS, MN, 55108",Match,Non_Exact,"1456 W IDAHO AVE, FALCON HEIGHTS, MN, 55108","-93.161482260317,44.989938251296",97641063.0,L,27.0,123.0,41900.0,2008.0
1934,"2484 HARVESTER AVE E, MAPLEWOOD, MN, 55119",Match,Non_Exact,"2484 HARVESTER AVE, MAPLEWOOD, MN, 55119","-92.995352264351,44.970316389608",97684833.0,R,27.0,123.0,42501.0,4004.0
1812,"2832 WOODCREST DR, MOUNDS VIEW, MN, 55112",Match,Exact,"2832 WOODCREST DR, MOUNDS VIEW, MN, 55112","-93.219949562076,45.095643228866",97633663.0,L,27.0,123.0,41002.0,1012.0
1933,"2074 STILLWATER AVE, ST PAUL, MN, 55119",Match,Exact,"2074 STILLWATER AVE, SAINT PAUL, MN, 55119","-93.012895503242,44.969097803683",97653601.0,R,27.0,123.0,31802.0,3002.0
1701,"7445 SPRING LAKE RD, MOUNDS VIEW, MN, 55112",Match,Exact,"7445 SPRING LAKE RD, MOUNDS VIEW, MN, 55112","-93.224944444103,45.103107464684",97633574.0,R,27.0,123.0,41002.0,1005.0
1822,"7490 KNOLLWOOD DR, MOUNDS VIEW, MN, 55112",Match,Exact,"7490 KNOLLWOOD DR, MOUNDS VIEW, MN, 55112","-93.222401958687,45.103975516138",97633636.0,L,27.0,123.0,41002.0,1005.0
1943,"923 EVAR ST N, MAPLEWOOD, MN, 55119",Match,Non_Exact,"923 EVAR ST, MAPLEWOOD, MN, 55119","-92.993723022475,44.969425651069",97653941.0,L,27.0,123.0,42501.0,4005.0
1700,"1461 SHELDON ST, ST PAUL, MN, 55108",Tie,,,,,,,,,
1821,"3551 RIDGEWOOD CT, ARDEN HILLS, MN, 55112",Match,Exact,"3551 RIDGEWOOD CT, ARDEN HILLS, MN, 55112","-93.165022889672,45.048739907781",97688397.0,L,27.0,123.0,40804.0,1006.0
1942,"1513 CALIFORNIA AVE W, FALCON HEIGHTS, MN, 55108",Match,Non_Exact,"1513 CALIFORNIA AVE, FALCON HEIGHTS, MN, 55108","-93.162675939675,44.990931134756",97641045.0,R,27.0,123.0,41900.0,2002.0
1820,"2009 STILLWATER AVE, ST PAUL, MN, 55119",Match,Exact,"2009 STILLWATER AVE, SAINT PAUL, MN, 55119","-93.015528796307,44.969107963379",97653576.0,L,27.0,123.0,31802.0,1014.0
1941,"1496 PASCAL ST N, ST PAUL, MN, 55108",Match,Exact,"1496 PASCAL ST N, SAINT PAUL, MN, 55108","-93.161697827842,44.986286342141",97641078.0,R,27.0,123.0,30201.0,2012.0
1940,"1503 HOYT AVE W, FALCON HEIGHTS, MN, 55108",Match,Exact,"1503 HOYT AVE W, FALCON HEIGHTS, MN, 55108","-93.163731244925,44.98822748906",97641051.0,R,27.0,123.0,41900.0,2015.0
1709,"2006 REANEY AVE, ST PAUL, MN, 55119",Match,Exact,"2006 REANEY AVE, SAINT PAUL, MN, 55119","-93.015577540787,44.96392642386",97653516.0,R,27.0,123.0,31802.0,3017.0
1708,"2046 NOKOMIS AVE, ST PAUL, MN, 55119",Match,Exact,"2046 NOKOMIS AVE, SAINT PAUL, MN, 55119","-93.014525000116,44.966388566374",97653599.0,R,27.0,123.0,31802.0,3011.0
1829,"1540 ARONA ST, ST PAUL, MN, 55108",Match,Non_Exact,"1540 N ARONA ST, SAINT PAUL, MN, 55108","-93.16425773313,44.987105182933",97641050.0,R,27.0,123.0,30201.0,2006.0
1707,"1471 SKILES LN, ARDEN HILLS, MN, 55112",Match,Exact,"1471 SKILES LN, ARDEN HILLS, MN, 55112","-93.162713380509,45.045945689102",97639866.0,R,27.0,123.0,40804.0,1008.0
1828,"295 WOODLAWN AVE, ST PAUL, MN, 55105",Match,Exact,"295 WOODLAWN AVE, SAINT PAUL, MN, 55105","-93.196823804608,44.932742643516",639711128.0,R,27.0,123.0,43001.0,5004.0
1949,"1794 ASBURY ST, FALCON HEIGHTS, MN, 55113",Match,Non_Exact,"1794 N ASBURY ST, FALCON HEIGHTS, MN, 55113","-93.165405931444,44.995049154709",97640921.0,R,27.0,123.0,41900.0,3019.0
1706,"1644 FERNWOOD ST, ST PAUL, MN, 55108",Tie,,,,,,,,,
1827,"1452 CALIFORNIA AVE W, FALCON HEIGHTS, MN, 55108",Match,Non_Exact,"1452 CALIFORNIA AVE, FALCON HEIGHTS, MN, 55108","-93.161242333302,44.990829994364",97641060.0,L,27.0,123.0,41900.0,2013.0
1948,"7680 SILVER LAKE RD, MOUNDS VIEW, MN, 55112",Match,Exact,"7680 SILVER LAKE RD, MOUNDS VIEW, MN, 55112","-93.219276854447,45.107416775728",97633378.0,L,27.0,123.0,41002.0,1000.0
1705,"756 MONTANA AVE W, ST PAUL, MN, 55117",Match,Non_Exact,"756 W MONTANA AVE, SAINT PAUL, MN, 55117","-93.132468953547,44.987272893587",97641967.0,L,27.0,123.0,30300.0,1031.0
1826,"738 ARLINGTON AVE W, ST PAUL, MN, 55117",Match,Exact,"738 ARLINGTON AVE W, SAINT PAUL, MN, 55117","-93.131201093045,44.984553131048",97643451.0,L,27.0,123.0,30300.0,2001.0
1947,"1066 GORDON AVE E, MAPLEWOOD, MN, 55109",Match,Non_Exact,"1066 GORDON AVE, MAPLEWOOD, MN, 55109","-93.054946239667,44.996283386307",97651060.0,R,27.0,123.0,42302.0,1007.0
1704,"1931 BEECHWOOD AVE, ST PAUL, MN, 55116",Match,Exact,"1931 BEECHWOOD AVE, SAINT PAUL, MN, 55116","-93.18177340047,44.915296305669",97645954.0,R,27.0,123.0,37500.0,3001.0
1825,"1511 ASBURY ST, ST PAUL, MN, 55108",Match,Non_Exact,"1511 N ASBURY ST, SAINT PAUL, MN, 55108","-93.165698918941,44.986578695226",97641000.0,L,27.0,123.0,30201.0,2008.0
1946,"7880 SPRING LAKE RD, MOUNDS VIEW, MN, 55112",Match,Exact,"7880 SPRING LAKE RD, MOUNDS VIEW, MN, 55112","-93.224951603512,45.110956384148",649428313.0,L,27.0,123.0,41001.0,2020.0
1703,"2137 3RD ST E, ST PAUL, MN, 55119",Match,Exact,"2137 3RD ST E, SAINT PAUL, MN, 55119","-93.010452894083,44.956795287736",97653738.0,L,27.0,123.0,34702.0,4013.0
1824,"1775 PASCAL ST N, FALCON HEIGHTS, MN, 55113",Match,Non_Exact,"1775 N PASCAL ST, FALCON HEIGHTS, MN, 55113","-93.161777794381,44.994692510696",97640964.0,L,27.0,123.0,41900.0,1008.0
1945,"1294 SHRYER AVE W, ROSEVILLE, MN, 55113",Match,Exact,"1294 SHRYER AVE W, ROSEVILLE, MN, 55113","-93.154696194309,45.001752053214",97641637.0,L,27.0,123.0,41800.0,3022.0
1702,"1345 SKILLMAN AVE W, ROSEVILLE, MN, 55113",Match,Exact,"1345 SKILLMAN AVE W, ROSEVILLE, MN, 55113","-93.156671555268,45.002740284003",97641633.0,R,27.0,123.0,41800.0,2006.0
1823,"1396 MCKINLEY ST, ST PAUL, MN, 55108",Match,Non_Exact,"1396 W MCKINLEY ST, SAINT PAUL, MN, 55108","-93.16045075799,44.983812492791",97641118.0,R,27.0,123.0,30201.0,4002.0
1944,"1992 HAMLINE AVE N, ROSEVILLE, MN, 55113",Match,Exact,"1992 HAMLINE AVE N, ROSEVILLE, MN, 55113","-93.156503747105,45.001171293909",97641636.0,R,27.0,123.0,41800.0,3022.0
1712,"7565 SPRING LAKE RD, MOUNDS VIEW, MN, 55112",Match,Exact,"7565 SPRING LAKE RD, MOUNDS VIEW, MN, 55112","-93.224991758024,45.105152856921",97633321.0,R,27.0,123.0,41002.0,1002.0
1833,"1725 FLANDRAU ST N, MAPLEWOOD, MN, 55109",Match,Exact,"1725 FLANDRAU ST N, MAPLEWOOD, MN, 55109","-93.027912889744,44.994691133725",97652965.0,L,27.0,123.0,42402.0,1013.0
1954,"1407 CALIFORNIA AVE W, FALCON HEIGHTS, MN, 55108",Match,Non_Exact,"1407 CALIFORNIA AVE, FALCON HEIGHTS, MN, 55108","-93.159475493143,44.990957033822",97641060.0,R,27.0,123.0,41900.0,2012.0
1711,"7686 KNOLLWOOD DR, MOUNDS VIEW, MN, 55112",Match,Exact,"7686 KNOLLWOOD DR, MOUNDS VIEW, MN, 55112","-93.223167726352,45.107505810441",97633327.0,L,27.0,123.0,41002.0,1002.0
1832,"1354 SIMPSON ST, ST PAUL, MN, 55108",Match,Exact,"1354 SIMPSON ST, SAINT PAUL, MN, 55108","-93.163035243664,44.982284707819",619253152.0,R,27.0,123.0,30201.0,4010.0
1953,"791 HOYT AVE W, ST PAUL, MN, 55117",Match,Exact,"791 HOYT AVE W, SAINT PAUL, MN, 55117","-93.133189171057,44.988302573243",97641965.0,R,27.0,123.0,30300.0,1017.0
1710,"1354 EDGCUMBE RD, ST PAUL, MN, 55116",Match,Exact,"1354 EDGCUMBE RD, SAINT PAUL, MN, 55116","-93.149767072366,44.92471288114",97646990.0,L,27.0,123.0,36600.0,5005.0
1831,"3221 WOODBRIDGE ST, SHOREVIEW, MN, 55126",Match,Exact,"3221 WOODBRIDGE ST, SHOREVIEW, MN, 55126","-93.108994311117,45.039048986872",97642681.0,L,27.0,123.0,40704.0,3001.0
1952,"8414 GROVELAND RD, MOUNDS VIEW, MN, 55112",Match,Exact,"8414 GROVELAND RD, MOUNDS VIEW, MN, 55112","-93.221402336519,45.121929307004",97662861.0,L,27.0,123.0,41001.0,2002.0
1830,"1431 SKILES LN, ARDEN HILLS, MN, 55112",Match,Exact,"1431 SKILES LN, ARDEN HILLS, MN, 55112","-93.161203171052,45.046174840992",97639868.0,R,27.0,123.0,40804.0,1004.0
1951,"3484 RIDGEWOOD RD, ARDEN HILLS, MN, 55112",Match,Exact,"3484 RIDGEWOOD RD, ARDEN HILLS, MN, 55112","-93.164496067935,45.048217323181",97688395.0,R,27.0,123.0,40804.0,1005.0
1950,"8436 SPRING LAKE RD, MOUNDS VIEW, MN, 55112",Match,Exact,"8436 SPRING LAKE RD, MOUNDS VIEW, MN, 55112","-93.225138763729,45.122807095922",97633295.0,L,27.0,123.0,41001.0,2005.0
1719,"1677 FERNWOOD ST, ST PAUL, MN, 55108",Tie,,,,,,,,,
1718,"2023 ALAMEDA ST, ROSEVILLE, MN, 55113",Match,Exact,"2023 ALAMEDA ST, ROSEVILLE, MN, 55113","-93.13025081507,45.002149985029",97643364.0,L,27.0,123.0,41700.0,4000.0
1839,"1481 HOLTON ST, ST PAUL, MN, 55108",Match,Non_Exact,"1481 N HOLTON ST, SAINT PAUL, MN, 55108","-93.160601533179,44.986024787495",97641080.0,L,27.0,123.0,30201.0,2012.0
1717,"1517 SIMPSON ST, ST PAUL, MN, 55108",Match,Exact,"1517 SIMPSON ST, SAINT PAUL, MN, 55108","-93.163151461185,44.986700334346",97641054.0,L,27.0,123.0,30201.0,2006.0
1838,"1464 SHELDON ST, ST PAUL, MN, 55108",Tie,,,,,,,,,
1959,"7780 LONG LAKE RD, MOUNDS VIEW, MN, 55112",Match,Exact,"7780 LONG LAKE RD, MOUNDS VIEW, MN, 55112","-93.20908956726,45.109534369203",97633431.0,L,27.0,123.0,41001.0,1013.0
1716,"504 GLENWOOD AVE, ROSEVILLE, MN, 55113",Match,Non_Exact,"504 W GLENWOOD AVE, ROSEVILLE, MN, 55113","-93.11985197686,44.996192461022",97643557.0,L,27.0,123.0,41602.0,3000.0
1837,"1380 FRANKSON AVE, ST PAUL, MN, 55108",Match,Exact,"1380 FRANKSON AVE, SAINT PAUL, MN, 55108","-93.158498127813,44.98216553105",97641125.0,L,27.0,123.0,30201.0,4012.0
1958,"1709 COUNTY ROAD B E, MAPLEWOOD, MN, 55109",Match,Exact,"1709 CO RD B E, MAPLEWOOD, MN, 55109","-93.029494822682,45.006475281791",97652160.0,L,27.0,123.0,42402.0,2016.0
1715,"744 RIDGE ST, ST PAUL, MN, 55116",Match,Exact,"744 RIDGE ST, SAINT PAUL, MN, 55116","-93.152930874023,44.918872834418",97646964.0,L,27.0,123.0,36600.0,1011.0
1836,"1772 FLANDRAU ST N, MAPLEWOOD, MN, 55109",Match,Exact,"1772 FLANDRAU ST N, MAPLEWOOD, MN, 55109","-93.027749579715,44.995705466506",97652965.0,R,27.0,123.0,42402.0,1014.0
1957,"2292 7TH AVE E, NORTH ST PAUL, MN, 55109",Match,Exact,"2292 7TH AVE E, NORTH ST PAUL, MN, 55109","-93.004100884661,45.005490200492",647902588.0,R,27.0,123.0,42700.0,5003.0
1714,"1446 CALIFORNIA AVE W, FALCON HEIGHTS, MN, 55108",Match,Non_Exact,"1446 CALIFORNIA AVE, FALCON HEIGHTS, MN, 55108","-93.161010658169,44.990831625863",97641060.0,L,27.0,123.0,41900.0,2013.0
1835,"8298 KNOLLWOOD DR, MOUNDS VIEW, MN, 55112",Match,Exact,"8298 KNOLLWOOD DR, MOUNDS VIEW, MN, 55112","-93.223233739424,45.120104788704",97633294.0,L,27.0,123.0,41001.0,2003.0
1956,"181 ST MARIE ST, SHOREVIEW, MN, 55126",Match,Exact,"181 ST MARIE ST, SHOREVIEW, MN, 55126","-93.108522695163,45.050377280872",97642626.0,R,27.0,123.0,40704.0,5003.0
1713,"388 SOUTH MCCARRONS BLVD, ROSEVILLE, MN, 55113",Match,Non_Exact,"388 MCCARRONS BLVD S, ROSEVILLE, MN, 55113","-93.116497232018,44.997090563562",97643556.0,L,27.0,123.0,41602.0,3000.0
1834,"2339 ELDRIDGE AVE E, NORTH ST PAUL, MN, 55109",Match,Exact,"2339 ELDRIDGE AVE E, NORTH ST PAUL, MN, 55109","-93.001405926209,45.004801929833",614018779.0,R,27.0,123.0,42700.0,5005.0
1955,"2236 SOUTH SHORE BLVD, WHITE BEAR LAKE, MN, 55110",Match,Exact,"2236 S SHORE BLVD, WHITE BEAR LAKE, MN, 55110","-93.006110386112,45.069394773962",97662159.0,R,27.0,123.0,40301.0,2010.0
1602,"7585 KNOLLWOOD DR, MOUNDS VIEW, MN, 55112",Match,Exact,"7585 KNOLLWOOD DR, MOUNDS VIEW, MN, 55112","-93.2229806897,45.105702128215",97633327.0,R,27.0,123.0,41002.0,1001.0
1723,"949 GLENDON ST N, MAPLEWOOD, MN, 55119",Match,Exact,"949 GLENDON ST N, MAPLEWOOD, MN, 55119","-92.991233253525,44.9702127316",97654046.0,L,27.0,123.0,42501.0,4007.0
1844,"0 EDWARD ST N, MAPLEWOOD, MN, 55109",No_Match,,,,,,,,,
1965,"8346 GROVELAND RD, MOUNDS VIEW, MN, 55112",Match,Exact,"8346 GROVELAND RD, MOUNDS VIEW, MN, 55112","-93.221361660743,45.11965665473",97633330.0,L,27.0,123.0,41001.0,2002.0
1601,"1579 MIDWAY PKWY, ST PAUL, MN, 55108",No_Match,,,,,,,,,
1722,"1379 MURRAY ST, ST PAUL, MN, 55116",Match,Non_Exact,"1379 S MURRAY ST, SAINT PAUL, MN, 55116","-93.186162317661,44.900146194574",97639722.0,R,27.0,123.0,37601.0,2005.0
1843,"1880 SAUNDERS AVE, ST PAUL, MN, 55116",Match,Non_Exact,"1880 W SAUNDERS AVE, SAINT PAUL, MN, 55116","-93.179859423813,44.91427522094",97646055.0,L,27.0,123.0,37500.0,3008.0
1964,"1080 GORDON AVE E, MAPLEWOOD, MN, 55109",Match,Non_Exact,"1080 GORDON AVE, MAPLEWOOD, MN, 55109","-93.054780977123,44.996232023496",97651060.0,R,27.0,123.0,42302.0,1007.0
1600,"0 EDWARD ST N, MAPLEWOOD, MN, 55109",No_Match,,,,,,,,,
1721,"1979 KENWOOD DR E, MAPLEWOOD, MN, 55117",Match,Non_Exact,"1979 E KENWOOD DR, MAPLEWOOD, MN, 55117","-93.069021389449,45.001098852102",647914966.0,L,27.0,123.0,42202.0,1017.0
1842,"1241 FORD PKWY, ST PAUL, MN, 55116",Match,Exact,"1241 FORD PKWY, SAINT PAUL, MN, 55116","-93.15207925683,44.917908558446",97646972.0,R,27.0,123.0,36600.0,1011.0
1963,"1366 IOWA AVE W, FALCON HEIGHTS, MN, 55108",Match,Non_Exact,"1366 W IOWA AVE, FALCON HEIGHTS, MN, 55108","-93.158316477905,44.989068777718",97641742.0,L,27.0,123.0,41900.0,2017.0
1720,"7956 RED OAK DR, MOUNDS VIEW, MN, 55112",Match,Exact,"7956 RED OAK DR, MOUNDS VIEW, MN, 55112","-93.217327945774,45.113429187618",97633360.0,L,27.0,123.0,41001.0,2011.0
1841,"1416 CALIFORNIA AVE W, FALCON HEIGHTS, MN, 55108",Match,Non_Exact,"1416 CALIFORNIA AVE, FALCON HEIGHTS, MN, 55108","-93.159852282505,44.990839783359",97641060.0,L,27.0,123.0,41900.0,2013.0
1962,"1946 NOKOMIS AVE, ST PAUL, MN, 55119",Match,Exact,"1946 NOKOMIS AVE, SAINT PAUL, MN, 55119","-93.018085171614,44.965502411708",97653652.0,R,27.0,123.0,31802.0,3013.0
1840,"498 GLENWOOD AVE, ROSEVILLE, MN, 55113",Match,Non_Exact,"498 W GLENWOOD AVE, ROSEVILLE, MN, 55113","-93.11972251697,44.996193121523",97643557.0,L,27.0,123.0,41602.0,3000.0
1961,"3035 RICE ST, ROSEVILLE, MN, 55113",Match,Exact,"3035 RICE ST, ROSEVILLE, MN, 55113","-93.106261888817,45.032604578052",97643044.0,L,27.0,123.0,41601.0,1007.0
1960,"1442 IDAHO AVE W, FALCON HEIGHTS, MN, 55108",Match,Non_Exact,"1442 W IDAHO AVE, FALCON HEIGHTS, MN, 55108","-93.160924712887,44.989944151231",97641063.0,L,27.0,123.0,41900.0,2008.0
1609,"7981 RED OAK DR, MOUNDS VIEW, MN, 55112",Match,Exact,"7981 RED OAK DR, MOUNDS VIEW, MN, 55112","-93.217169912171,45.113714041997",97633360.0,R,27.0,123.0,41001.0,1007.0
1608,"1867 ARONA ST, FALCON HEIGHTS, MN, 55113",Match,Non_Exact,"1867 N ARONA ST, FALCON HEIGHTS, MN, 55113","-93.164302156072,44.997259393691",97640934.0,L,27.0,123.0,41900.0,3000.0
1729,"7867 EASTWOOD RD, MOUNDS VIEW, MN, 55112",Match,Exact,"7867 EASTWOOD RD, MOUNDS VIEW, MN, 55112","-93.213040802681,45.110974973002",97633392.0,R,27.0,123.0,41001.0,1010.0
1607,"7633 SPRING LAKE RD, MOUNDS VIEW, MN, 55112",Match,Exact,"7633 SPRING LAKE RD, MOUNDS VIEW, MN, 55112","-93.225021533059,45.106186055745",97633321.0,R,27.0,123.0,41002.0,1002.0
1728,"750 ARLINGTON AVE W, ST PAUL, MN, 55117",Match,Exact,"750 ARLINGTON AVE W, SAINT PAUL, MN, 55117","-93.131761467407,44.984555704617",97641988.0,L,27.0,123.0,30300.0,2002.0
1849,"3538 GLENARDEN RD, ARDEN HILLS, MN, 55112",Match,Exact,"3538 GLENARDEN RD, ARDEN HILLS, MN, 55112","-93.158158376376,45.047934964459",97640246.0,R,27.0,123.0,40804.0,1000.0
1606,"8378 GROVELAND RD, MOUNDS VIEW, MN, 55112",Match,Exact,"8378 GROVELAND RD, MOUNDS VIEW, MN, 55112","-93.221385366,45.120832443723",97633330.0,L,27.0,123.0,41001.0,2002.0
1727,"2155 FLORAL DR, WHITE BEAR LAKE, MN, 55110",Match,Exact,"2155 FLORAL DR, WHITE BEAR LAKE, MN, 55110","-93.009813599153,45.065773642273",97637229.0,L,27.0,123.0,40301.0,2015.0
1848,"7885 SUNNYSIDE RD, MOUNDS VIEW, MN, 55112",Match,Exact,"7885 SUNNYSIDE RD, MOUNDS VIEW, MN, 55112","-93.215087544645,45.111189943024",97633394.0,R,27.0,123.0,41001.0,1009.0
1969,"1760 ELEANOR AVE, ST PAUL, MN, 55116",Match,Non_Exact,"1760 W ELEANOR AVE, SAINT PAUL, MN, 55116","-93.17472460109,44.920608999129",97646004.0,L,27.0,123.0,36400.0,3009.0
1605,"1569 MIDWAY PKWY, ST PAUL, MN, 55108",No_Match,,,,,,,,,
1726,"1430 SIMPSON ST, ST PAUL, MN, 55108",Match,Exact,"1430 SIMPSON ST, SAINT PAUL, MN, 55108","-93.163005901941,44.984239197524",97641092.0,R,27.0,123.0,30201.0,4004.0
1847,"0 ELDRIDGE AVE E, NORTH ST PAUL, MN, 55109",No_Match,,,,,,,,,
1968,"934 EVAR ST N, MAPLEWOOD, MN, 55119",Match,Non_Exact,"934 EVAR ST, MAPLEWOOD, MN, 55119","-92.993564084506,44.969572003656",97653941.0,R,27.0,123.0,42501.0,4008.0
1604,"2046 SHERWOOD AVE, ST PAUL, MN, 55119",Match,Exact,"2046 SHERWOOD AVE, SAINT PAUL, MN, 55119","-93.014570134727,44.983772613528",97653280.0,R,27.0,123.0,30702.0,1007.0
1725,"1612 CHELSEA ST, ST PAUL, MN, 55108",Tie,,,,,,,,,
1846,"3042 WOODBRIDGE ST, ROSEVILLE, MN, 55113",Match,Exact,"3042 WOODBRIDGE ST, ROSEVILLE, MN, 55113","-93.108189859247,45.032868534166",97642698.0,R,27.0,123.0,41601.0,1007.0
1967,"271 MOUNT CURVE BLVD, ST PAUL, MN, 55105",Match,Exact,"271 MOUNT CURVE BLVD, SAINT PAUL, MN, 55105","-93.193686683562,44.933508715396",97639394.0,R,27.0,123.0,43001.0,5001.0
1603,"1900 SIMPSON ST, FALCON HEIGHTS, MN, 55113",Match,Exact,"1900 SIMPSON ST, FALCON HEIGHTS, MN, 55113","-93.162872910899,44.998352612976",97640939.0,R,27.0,123.0,41900.0,1004.0
1724,"7755 EASTWOOD RD, MOUNDS VIEW, MN, 55112",Match,Exact,"7755 EASTWOOD RD, MOUNDS VIEW, MN, 55112","-93.213009747591,45.108982253318",97633392.0,R,27.0,123.0,41001.0,1010.0
1845,"1380 ARONA ST, ST PAUL, MN, 55108",Tie,,,,,,,,,
1966,"1495 ALBERT ST N, ST PAUL, MN, 55108",Match,Exact,"1495 ALBERT ST N, SAINT PAUL, MN, 55108","-93.159327339445,44.98439319613",97641119.0,L,27.0,123.0,30201.0,4002.0
1613,"656 SHRYER AVE W, ROSEVILLE, MN, 55113",Match,Exact,"656 SHRYER AVE W, ROSEVILLE, MN, 55113","-93.126981727452,45.001739201967",97643365.0,L,27.0,123.0,41700.0,4000.0
1734,"2045 FLORAL DR, WHITE BEAR LAKE, MN, 55110",Match,Exact,"2045 FLORAL DR, WHITE BEAR LAKE, MN, 55110","-93.013804152368,45.065800897013",97637190.0,L,27.0,123.0,40301.0,2007.0
1855,"1679 ELEANOR AVE, ST PAUL, MN, 55116",Match,Non_Exact,"1679 W ELEANOR AVE, SAINT PAUL, MN, 55116","-93.171547627012,44.920710288212",97646025.0,R,27.0,123.0,36400.0,2014.0
1976,"1771 HOLTON ST, FALCON HEIGHTS, MN, 55113",Match,Exact,"1771 HOLTON ST, FALCON HEIGHTS, MN, 55113","-93.160495293234,44.994876269657",97640966.0,L,27.0,123.0,41900.0,1011.0
1612,"75 MID OAKS LN, ROSEVILLE, MN, 55113",Match,Exact,"75 MID OAKS LN, ROSEVILLE, MN, 55113","-93.16980664919,45.000291686849",97640869.0,R,27.0,123.0,41301.0,1015.0
1733,"1414 SIMPSON ST, ST PAUL, MN, 55108",Match,Exact,"1414 SIMPSON ST, SAINT PAUL, MN, 55108","-93.163012422854,44.983808821138",97641092.0,R,27.0,123.0,30201.0,4004.0
1854,"7310 SILVER LAKE RD, MOUNDS VIEW, MN, 55112",No_Match,,,,,,,,,
1975,"793 LAKEVIEW AVE, ST PAUL, MN, 55117",Match,Non_Exact,"793 W LAKEVIEW AVE, SAINT PAUL, MN, 55117","-93.133491761881,44.981965137743",97641994.0,R,27.0,123.0,30300.0,2009.0
1611,"1927 FLANDRAU ST N, MAPLEWOOD, MN, 55109",Match,Exact,"1927 FLANDRAU ST N, MAPLEWOOD, MN, 55109","-93.027907400024,44.999054983685",97652965.0,L,27.0,123.0,42402.0,1013.0
1732,"2006 KENWOOD DR W, MAPLEWOOD, MN, 55117",Match,Non_Exact,"2006 W KENWOOD DR, MAPLEWOOD, MN, 55117","-93.069824772104,45.000940422854",97649968.0,R,27.0,123.0,42202.0,1017.0
1853,"1984 NOKOMIS AVE, ST PAUL, MN, 55119",Match,Exact,"1984 NOKOMIS AVE, SAINT PAUL, MN, 55119","-93.016743595455,44.965854224756",97653583.0,R,27.0,123.0,31802.0,3014.0
1974,"2097 3RD ST N, NORTH ST PAUL, MN, 55109",Match,Exact,"2097 3RD ST N, NORTH ST PAUL, MN, 55109","-93.002522854193,45.00457078737",619690962.0,L,27.0,123.0,42700.0,5004.0
1610,"7555 KNOLLWOOD DR, MOUNDS VIEW, MN, 55112",Match,Exact,"7555 KNOLLWOOD DR, MOUNDS VIEW, MN, 55112","-93.222973427309,45.105171307997",97633327.0,R,27.0,123.0,41002.0,1001.0
1731,"1829 WHITE BEAR AVE N, MAPLEWOOD, MN, 55109",Match,Exact,"1829 WHITE BEAR AVE N, MAPLEWOOD, MN, 55109","-93.025296312165,44.99625316359",636241388.0,L,27.0,123.0,42402.0,1014.0
1852,"1496 LARPENTEUR AVE W, FALCON HEIGHTS, MN, 55113",Match,Exact,"1496 LARPENTEUR AVE W, FALCON HEIGHTS, MN, 55113","-93.163271790815,44.991733520894",97641043.0,L,27.0,123.0,41900.0,2002.0
1973,"1392 PASCAL ST N, ST PAUL, MN, 55108",Match,Exact,"1392 PASCAL ST N, SAINT PAUL, MN, 55108","-93.161741510105,44.983309528177",97641094.0,R,27.0,123.0,30201.0,4003.0
1730,"8344 GROVELAND RD, MOUNDS VIEW, MN, 55112",Match,Exact,"8344 GROVELAND RD, MOUNDS VIEW, MN, 55112","-93.221360179165,45.119583167918",97633330.0,L,27.0,123.0,41001.0,2002.0
1851,"8025 FAIRCHILD AVE, MOUNDS VIEW, MN, 55112",Match,Exact,"8025 FAIRCHILD AVE, MOUNDS VIEW, MN, 55112","-93.219154067821,45.113747357794",97633359.0,R,27.0,123.0,41001.0,2011.0
1972,"1375 IDAHO AVE W, FALCON HEIGHTS, MN, 55108",Match,Exact,"1375 IDAHO AVE W, FALCON HEIGHTS, MN, 55108","-93.15619363129,44.99010069899",97641741.0,R,27.0,123.0,30201.0,1004.0
1850,"1601 SOUTH RIDGEWOOD LN W, ROSEVILLE, MN, 55113",Match,Non_Exact,"1601 RIDGEWOOD LN S, ROSEVILLE, MN, 55113","-93.168786334099,45.001262292757",97640888.0,R,27.0,123.0,41301.0,1018.0
1971,"7965 FAIRCHILD AVE, MOUNDS VIEW, MN, 55112",Match,Exact,"7965 FAIRCHILD AVE, MOUNDS VIEW, MN, 55112","-93.219134258015,45.112680261452",97633359.0,R,27.0,123.0,41001.0,2011.0
1970,"1849 WHITE BEAR AVE N, MAPLEWOOD, MN, 55109",Match,Exact,"1849 WHITE BEAR AVE N, MAPLEWOOD, MN, 55109","-93.025295455929,44.99684391069",636241388.0,L,27.0,123.0,42402.0,1014.0
1619,"3520 SIEMS CT, ARDEN HILLS, MN, 55112",Match,Exact,"3520 SIEMS CT, ARDEN HILLS, MN, 55112","-93.166530000933,45.047478652665",97639837.0,R,27.0,123.0,40804.0,1006.0
1618,"7990 SPRING LAKE PARK RD, SPRING LAKE PARK, MN, 55432",Match,Exact,"7990 SPRING LAKE PARK RD, SPRING LAKE PARK, MN, 55432","-93.22497815519,45.11260533927",616655056.0,R,27.0,123.0,41001.0,2015.0
1739,"1352 ARONA ST, ST PAUL, MN, 55108",Tie,,,,,,,,,
1617,"1460 HOLTON ST, ST PAUL, MN, 55108",Match,Non_Exact,"1460 N HOLTON ST, SAINT PAUL, MN, 55108","-93.160442257804,44.985657636814",97641080.0,R,27.0,123.0,30201.0,2013.0
1738,"1204 BROOKS AVE W, ROSEVILLE, MN, 55113",Match,Non_Exact,"1204 W BROOKS AVE, ROSEVILLE, MN, 55113","-93.150179008104,45.016203404544",97640592.0,L,27.0,123.0,41400.0,2005.0
1859,"467 WAGNER ST, ROSEVILLE, MN, 55113",Match,Non_Exact,"467 WAGNER AVE, ROSEVILLE, MN, 55113","-93.119315502978,44.995456476849",647909581.0,R,27.0,123.0,41602.0,3000.0
1616,"170 EDGEWATER AVE, SHOREVIEW, MN, 55126",Match,Exact,"170 EDGEWATER AVE, SHOREVIEW, MN, 55126","-93.108284486896,45.03883269114",97643026.0,L,27.0,123.0,40704.0,3006.0
1737,"1209 HARTFORD AVE, ST PAUL, MN, 55116",Match,Non_Exact,"1209 W HARTFORD AVE, SAINT PAUL, MN, 55116","-93.151502511999,44.92337721605",97646994.0,R,27.0,123.0,36600.0,2012.0
1858,"18 MID OAKS LN, ROSEVILLE, MN, 55113",Match,Exact,"18 MID OAKS LN, ROSEVILLE, MN, 55113","-93.168305902982,44.999848416771",97662234.0,R,27.0,123.0,41301.0,1015.0
1979,"2245 COUNTY ROAD F E, WHITE BEAR LAKE, MN, 55110",Match,Non_Exact,"2245 E CO RD F, WHITE BEAR LAKE, MN, 55110","-93.005855319814,45.064725624185",97637248.0,L,27.0,123.0,40301.0,2016.0
1615,"1783 HOLTON ST, FALCON HEIGHTS, MN, 55113",Match,Exact,"1783 HOLTON ST, FALCON HEIGHTS, MN, 55113","-93.160495293204,44.99508859742",97640966.0,L,27.0,123.0,41900.0,1011.0
1736,"1477 SHELDON ST, ST PAUL, MN, 55108",Tie,,,,,,,,,
1857,"1528 SIMPSON ST, ST PAUL, MN, 55108",Match,Exact,"1528 SIMPSON ST, SAINT PAUL, MN, 55108","-93.162989815473,44.986662503053",97641054.0,R,27.0,123.0,30201.0,2005.0
1978,"1790 PASCAL ST N, FALCON HEIGHTS, MN, 55113",Match,Non_Exact,"1790 N PASCAL ST, FALCON HEIGHTS, MN, 55113","-93.161615757816,44.995130186112",97640964.0,R,27.0,123.0,41900.0,1011.0
1614,"1235 IDAHO AVE W, ST PAUL, MN, 55108",Match,Exact,"1235 IDAHO AVE W, SAINT PAUL, MN, 55108","-93.152039103815,44.990158281847",97641787.0,R,27.0,123.0,30201.0,1002.0
1735,"2037 NOKOMIS AVE, ST PAUL, MN, 55119",Match,Exact,"2037 NOKOMIS AVE, SAINT PAUL, MN, 55119","-93.015203219231,44.966347397519",97653599.0,L,27.0,123.0,31802.0,3009.0
1856,"1485 ALBERT ST N, ST PAUL, MN, 55108",Match,Exact,"1485 ALBERT ST N, SAINT PAUL, MN, 55108","-93.159331015546,44.984035883832",97641119.0,L,27.0,123.0,30201.0,4002.0
1977,"41 MID OAKS LN, ROSEVILLE, MN, 55113",Match,Exact,"41 MID OAKS LN, ROSEVILLE, MN, 55113","-93.168303484201,45.000054817019",97662234.0,R,27.0,123.0,41301.0,1015.0
1990,"1558 ASBURY ST, ST PAUL, MN, 55108",Match,Non_Exact,"1558 N ASBURY ST, SAINT PAUL, MN, 55108","-93.165532884147,44.986901131074",97641000.0,R,27.0,123.0,30201.0,2007.0
1503,"1370 SKILES LN, ARDEN HILLS, MN, 55112",Match,Exact,"1370 SKILES LN, ARDEN HILLS, MN, 55112","-93.159841918818,45.046446693616",97639864.0,L,27.0,123.0,40804.0,1001.0
1624,"1988 HERSCHEL ST, ROSEVILLE, MN, 55113",Match,Exact,"1988 HERSCHEL ST, ROSEVILLE, MN, 55113","-93.173077700429,45.001355089183",97640814.0,R,27.0,123.0,41301.0,1023.0
1745,"2030 SNELLING AVE N, ROSEVILLE, MN, 55113",Match,Exact,"2030 SNELLING AVE N, ROSEVILLE, MN, 55113","-93.166282650166,45.002456310198",649858891.0,R,27.0,123.0,41800.0,2006.0
1866,"7634 GROVELAND RD, MOUNDS VIEW, MN, 55112",Match,Exact,"7634 GROVELAND RD, MOUNDS VIEW, MN, 55112","-93.221142159914,45.106633856598",97633370.0,L,27.0,123.0,41002.0,1001.0
1987,"897 RUTH ST N, ST PAUL, MN, 55119",Match,Exact,"897 RUTH ST N, SAINT PAUL, MN, 55119","-93.016029365997,44.966441968122",97653581.0,L,27.0,123.0,31802.0,3008.0
1502,"7810 GLORIA CIR, MOUNDS VIEW, MN, 55112",Match,Exact,"7810 GLORIA CIR, MOUNDS VIEW, MN, 55112","-93.226444333025,45.110651559389",97633311.0,L,27.0,123.0,41001.0,2020.0
1623,"1950 GREENBRIER ST N, MAPLEWOOD, MN, 55117",Match,Non_Exact,"1950 GREENBRIER ST, MAPLEWOOD, MN, 55117","-93.071135319727,45.000147767428",97649969.0,R,27.0,123.0,42202.0,1011.0
1744,"1365 MIDWAY PKWY, ST PAUL, MN, 55108",No_Match,,,,,,,,,
1865,"1497 IDAHO AVE W, FALCON HEIGHTS, MN, 55108",Match,Non_Exact,"1497 W IDAHO AVE, FALCON HEIGHTS, MN, 55108","-93.163216870098,44.990039836769",97641047.0,R,27.0,123.0,41900.0,2014.0
1986,"1419 MCKINLEY ST, ST PAUL, MN, 55108",Match,Non_Exact,"1419 W MCKINLEY ST, SAINT PAUL, MN, 55108","-93.160631569031,44.984192497804",97641118.0,L,27.0,123.0,30201.0,4003.0
1501,"1760 SNELLING AVE N, FALCON HEIGHTS, MN, 55108",Match,Non_Exact,"1760 SNELLING AVE N, FALCON HEIGHTS, MN, 55113","-93.166439758406,44.992104932361",97674175.0,R,27.0,123.0,41900.0,3020.0
1622,"1979 STILLWATER AVE, ST PAUL, MN, 55119",Match,Exact,"1979 STILLWATER AVE, SAINT PAUL, MN, 55119","-93.016893395397,44.968864766286",97653569.0,L,27.0,123.0,31802.0,1013.0
1743,"3438 GLENARDEN CT, ARDEN HILLS, MN, 55112",Match,Exact,"3438 GLENARDEN CT, ARDEN HILLS, MN, 55112","-93.160038848997,45.045882381456",97639870.0,R,27.0,123.0,40804.0,1001.0
1864,"1402 IOWA AVE W, FALCON HEIGHTS, MN, 55108",Match,Non_Exact,"1402 W IOWA AVE, FALCON HEIGHTS, MN, 55108","-93.159349567032,44.989061006942",97641064.0,L,27.0,123.0,41900.0,2016.0
1985,"1476 SIMPSON ST, ST PAUL, MN, 55108",Match,Exact,"1476 SIMPSON ST, SAINT PAUL, MN, 55108","-93.163002046502,44.985645910185",97641056.0,R,27.0,123.0,30201.0,2011.0
1500,"1380 SIMPSON ST, ST PAUL, MN, 55108",Match,Exact,"1380 SIMPSON ST, SAINT PAUL, MN, 55108","-93.163026279794,44.982894271319",97641092.0,R,27.0,123.0,30201.0,4004.0
1621,"7095 KNOLLWOOD DR, MOUNDS VIEW, MN, 55112",Match,Exact,"7095 KNOLLWOOD DR, MOUNDS VIEW, MN, 55112","-93.222093686044,45.097319248861",97633651.0,R,27.0,123.0,41002.0,1011.0
1742,"2057 IVY ST, NORTH ST PAUL, MN, 55109",Match,Non_Exact,"2057 N IVY ST, NORTH ST PAUL, MN, 55109","-93.003768278991,45.003631034598",97652727.0,L,27.0,123.0,42700.0,5003.0
1863,"1790 FLANDRAU ST N, MAPLEWOOD, MN, 55109",Match,Exact,"1790 FLANDRAU ST N, MAPLEWOOD, MN, 55109","-93.027749093497,44.996091967708",97652965.0,R,27.0,123.0,42402.0,1014.0
1984,"7970 SUNNYSIDE RD, MOUNDS VIEW, MN, 55112",Match,Exact,"7970 SUNNYSIDE RD, MOUNDS VIEW, MN, 55112","-93.215275778176,45.112864662968",97633382.0,L,27.0,123.0,41001.0,1007.0
1620,"7350 SILVER LAKE RD, MOUNDS VIEW, MN, 55112",No_Match,,,,,,,,,
1741,"1608 CHELSEA ST, ST PAUL, MN, 55108",Tie,,,,,,,,,
1862,"1489 HOLTON ST, ST PAUL, MN, 55108",Match,Non_Exact,"1489 N HOLTON ST, SAINT PAUL, MN, 55108","-93.160600500928,44.986163106674",97641080.0,L,27.0,123.0,30201.0,2012.0
1983,"1539 HOLTON ST, ST PAUL, MN, 55108",Match,Non_Exact,"1539 N HOLTON ST, SAINT PAUL, MN, 55108","-93.16059523233,44.987107510824",97641075.0,L,27.0,123.0,30201.0,2004.0
1740,"2186 NORTONIA AVE, ST PAUL, MN, 55119",Match,Exact,"2186 NORTONIA AVE, SAINT PAUL, MN, 55119","-93.010811080812,44.967725463304",97653634.0,R,27.0,123.0,31802.0,2003.0
1861,"1469 CALIFORNIA AVE W, FALCON HEIGHTS, MN, 55108",Match,Non_Exact,"1469 CALIFORNIA AVE, FALCON HEIGHTS, MN, 55108","-93.161898502915,44.990939318248",97641045.0,R,27.0,123.0,41900.0,2002.0
1982,"516 GLENWOOD AVE, ROSEVILLE, MN, 55113",Match,Non_Exact,"516 W GLENWOOD AVE, ROSEVILLE, MN, 55113","-93.12011089664,44.99619114002",97643557.0,L,27.0,123.0,41602.0,3000.0
1860,"1565 MIDWAY PKWY, ST PAUL, MN, 55108",No_Match,,,,,,,,,
1981,"1456 SHELDON ST, ST PAUL, MN, 55108",Tie,,,,,,,,,
1980,"1801 ASBURY ST, FALCON HEIGHTS, MN, 55113",Match,Non_Exact,"1801 N ASBURY ST, FALCON HEIGHTS, MN, 55113","-93.165567480628,44.995188141438",97640921.0,L,27.0,123.0,41900.0,3016.0
1509,"2000 HERSCHEL ST, ROSEVILLE, MN, 55113",Match,Exact,"2000 HERSCHEL ST, ROSEVILLE, MN, 55113","-93.173077201889,45.001428871591",97640814.0,R,27.0,123.0,41301.0,1023.0
1508,"1381 BELMONT LN W, ROSEVILLE, MN, 55113",Match,Exact,"1381 BELMONT LN W, ROSEVILLE, MN, 55113","-93.158644438097,45.003623633462",97641631.0,R,27.0,123.0,41800.0,2009.0
1629,"2701 COUNTY ROAD H W, NEW BRIGHTON, MN, 55112",Match,Non_Exact,"2701 W CO RD I, NEW BRIGHTON, MN, 55112","-93.215287425344,45.107059280063",97666511.0,R,27.0,123.0,41001.0,1015.0
1507,"7954 SUNNYSIDE RD, MOUNDS VIEW, MN, 55112",Match,Exact,"7954 SUNNYSIDE RD, MOUNDS VIEW, MN, 55112","-93.215271440579,45.112580547725",97633382.0,L,27.0,123.0,41001.0,1007.0
1628,"4151 HAZEL ST N, WHITE BEAR LAKE, MN, 55110",Match,Non_Exact,"4151 N HAZEL ST, WHITE BEAR LAKE, MN, 55110","-93.010730256005,45.066805462238",97637226.0,L,27.0,123.0,40301.0,2007.0
1749,"1374 SHELDON ST, ST PAUL, MN, 55108",Tie,,,,,,,,,
1506,"3461 GLENARDEN RD, ARDEN HILLS, MN, 55112",Match,Exact,"3461 GLENARDEN RD, ARDEN HILLS, MN, 55112","-93.158292473961,45.045228327451",97662208.0,L,27.0,123.0,40804.0,1001.0
1627,"1551 HOLTON ST, ST PAUL, MN, 55108",Match,Non_Exact,"1551 N HOLTON ST, SAINT PAUL, MN, 55108","-93.16059420007,44.987314989485",97641075.0,L,27.0,123.0,30201.0,2004.0
1748,"1978 UTICA AVE, ST PAUL, MN, 55119",Match,Non_Exact,"1978 E UTICA AVE, SAINT PAUL, MN, 55119","-93.017302782887,44.9694108723",97653561.0,R,27.0,123.0,31802.0,1013.0
1869,"2380 BURKE AVE E, NORTH ST PAUL, MN, 55109",Match,Exact,"2380 BURKE AVE E, NORTH ST PAUL, MN, 55109","-92.999983230976,45.00551356133",97671212.0,R,27.0,123.0,42700.0,5005.0
1505,"1555 HOLTON ST, ST PAUL, MN, 55108",Match,Non_Exact,"1555 N HOLTON ST, SAINT PAUL, MN, 55108","-93.160593855983,44.987384149039",97641075.0,L,27.0,123.0,30201.0,2004.0
1626,"1463 IOWA AVE W, FALCON HEIGHTS, MN, 55108",Match,Non_Exact,"1463 W IOWA AVE, FALCON HEIGHTS, MN, 55108","-93.161819088214,44.989149723193",97641049.0,R,27.0,123.0,41900.0,2007.0
1747,"2085 WILLIAM ST, ROSEVILLE, MN, 55113",Match,Non_Exact,"2085 WILLIAM ST N, ROSEVILLE, MN, 55113","-93.111234206456,45.003752006308",97643567.0,L,27.0,123.0,41602.0,2015.0
1868,"7925 PLEASANT VIEW DR, SPRING LAKE PARK, MN, 55432",Match,Exact,"7925 PLEASANT VIEW DR, SPRING LAKE PARK, MN, 55432","-93.227758188577,45.111874803265",616654679.0,R,27.0,123.0,41001.0,2015.0
1989,"456 GLENWOOD AVE, ROSEVILLE, MN, 55113",Match,Non_Exact,"456 W GLENWOOD AVE, ROSEVILLE, MN, 55113","-93.118816297741,44.996197745028",97643557.0,L,27.0,123.0,41602.0,3000.0
1504,"1683 LARPENTEUR AVE E, MAPLEWOOD, MN, 55109",Match,Exact,"1683 LARPENTEUR AVE E, MAPLEWOOD, MN, 55109","-93.029259052001,44.992019549341",652845861.0,L,27.0,123.0,42402.0,1013.0
1625,"1141 SEXTANT AVE W, ROSEVILLE, MN, 55113",Match,Exact,"1141 SEXTANT AVE W, ROSEVILLE, MN, 55113","-93.148296127279,45.014562041484",97640604.0,R,27.0,123.0,41400.0,2008.0
1746,"902 RUTH ST N, ST PAUL, MN, 55119",Match,Non_Exact,"902 N RUTH ST, SAINT PAUL, MN, 55119","-93.015095838854,44.968901997692",97653577.0,R,27.0,123.0,31802.0,3003.0
1867,"3455 GLENARDEN RD, ARDEN HILLS, MN, 55112",Match,Exact,"3455 GLENARDEN RD, ARDEN HILLS, MN, 55112","-93.158290756875,45.045036010752",97662208.0,L,27.0,123.0,40804.0,1001.0
1988,"1999 NOKOMIS AVE, ST PAUL, MN, 55119",Match,Exact,"1999 NOKOMIS AVE, SAINT PAUL, MN, 55119","-93.016463890611,44.966042649358",97653583.0,L,27.0,123.0,31802.0,3008.0
1880,"1380 SNELLING AVE N, ST PAUL, MN, 55108",Match,Exact,"1380 SNELLING AVE N, SAINT PAUL, MN, 55108","-93.166864960626,44.982796986681",619253137.0,R,27.0,123.0,30201.0,4008.0
1514,"1507 EDGCUMBE RD, ST PAUL, MN, 55116",Match,Exact,"1507 EDGCUMBE RD, SAINT PAUL, MN, 55116","-93.150760903972,44.919490064029",97647024.0,R,27.0,123.0,36600.0,1011.0
1635,"1691 SNELLING AVE N, FALCON HEIGHTS, MN, 55113",Match,Exact,"1691 SNELLING AVE N, FALCON HEIGHTS, MN, 55113","-93.166816213701,44.99259654259",624768568.0,L,27.0,123.0,41900.0,3022.0
1756,"887 RUTH ST N, ST PAUL, MN, 55119",Match,Exact,"887 RUTH ST N, SAINT PAUL, MN, 55119","-93.015989721868,44.966390367809",97653581.0,L,27.0,123.0,31802.0,3008.0
1877,"1470 SIMPSON ST, ST PAUL, MN, 55108",Match,Exact,"1470 SIMPSON ST, SAINT PAUL, MN, 55108","-93.163004374101,44.985465290389",97641056.0,R,27.0,123.0,30201.0,2011.0
1998,"1378 FOREST LN, ARDEN HILLS, MN, 55112",Match,Exact,"1378 FOREST LN, ARDEN HILLS, MN, 55112","-93.159948964427,45.047580693458",97639863.0,L,27.0,123.0,40804.0,1004.0
1513,"886 IROQUOIS AVE, ST PAUL, MN, 55119",Match,Exact,"886 IROQUOIS AVE, SAINT PAUL, MN, 55119","-93.016302789867,44.96832464459",97653570.0,R,27.0,123.0,31802.0,3004.0
1634,"0 ROME AVE, ST PAUL, MN, 55116",No_Match,,,,,,,,,
1755,"1395 HAMLINE AVE N, ST PAUL, MN, 55108",Match,Exact,"1395 HAMLINE AVE N, SAINT PAUL, MN, 55108","-93.156783994092,44.983305412059",97641768.0,L,27.0,123.0,30201.0,4000.0
1876,"1517 MIDWAY PKWY, ST PAUL, MN, 55108",No_Match,,,,,,,,,
1997,"1375 MIDWAY PKWY, ST PAUL, MN, 55108",No_Match,,,,,,,,,
1512,"7063 KNOLLWOOD DR, MOUNDS VIEW, MN, 55112",Match,Exact,"7063 KNOLLWOOD DR, MOUNDS VIEW, MN, 55112","-93.222085436696,45.096774786848",97633651.0,R,27.0,123.0,41002.0,1011.0
1633,"1703 FLANDRAU ST N, MAPLEWOOD, MN, 55109",Match,Exact,"1703 FLANDRAU ST N, MAPLEWOOD, MN, 55109","-93.027913487634,44.994215862938",97652965.0,L,27.0,123.0,42402.0,1013.0
1754,"1379 IDAHO AVE W, FALCON HEIGHTS, MN, 55108",Match,Exact,"1379 IDAHO AVE W, FALCON HEIGHTS, MN, 55108","-93.156245585922,44.990099982378",97641741.0,R,27.0,123.0,30201.0,1004.0
1875,"1819 FLANDRAU ST N, MAPLEWOOD, MN, 55109",Match,Exact,"1819 FLANDRAU ST N, MAPLEWOOD, MN, 55109","-93.027910335122,44.996721836182",97652965.0,L,27.0,123.0,42402.0,1013.0
1996,"1408 FOREST LN, ARDEN HILLS, MN, 55112",Match,Exact,"1408 FOREST LN, ARDEN HILLS, MN, 55112","-93.160390041112,45.047393738344",97639863.0,L,27.0,123.0,40804.0,1004.0
1511,"8000 SPRING LAKE PARK RD, SPRING LAKE PARK, MN, 55432",Match,Exact,"8000 SPRING LAKE PARK RD, SPRING LAKE PARK, MN, 55432","-93.224979964586,45.112746990651",616655056.0,R,27.0,123.0,41001.0,2015.0
1632,"8461 GROVELAND RD, MOUNDS VIEW, MN, 55112",Match,Exact,"8461 GROVELAND RD, MOUNDS VIEW, MN, 55112","-93.221253424109,45.123008891307",97662861.0,R,27.0,123.0,41001.0,2001.0
1753,"7880 EASTWOOD RD, MOUNDS VIEW, MN, 55112",Match,Exact,"7880 EASTWOOD RD, MOUNDS VIEW, MN, 55112","-93.213207038154,45.111222802656",97633392.0,L,27.0,123.0,41001.0,1009.0
1874,"1728 ST MARYS ST, FALCON HEIGHTS, MN, 55113",Match,Exact,"1728 ST MARY'S ST, FALCON HEIGHTS, MN, 55113","-93.168772123614,44.993909745153",97640907.0,R,27.0,123.0,41900.0,3022.0
1995,"7415 KNOLLWOOD DR, MOUNDS VIEW, MN, 55112",Match,Exact,"7415 KNOLLWOOD DR, MOUNDS VIEW, MN, 55112","-93.22220952597,45.102625660791",97633636.0,R,27.0,123.0,41002.0,1006.0
1510,"8071 EASTWOOD RD, MOUNDS VIEW, MN, 55112",Match,Exact,"8071 EASTWOOD RD, MOUNDS VIEW, MN, 55112","-93.213097602813,45.114682717805",97633385.0,R,27.0,123.0,41001.0,1011.0
1631,"1390 IDAHO AVE W, FALCON HEIGHTS, MN, 55108",Match,Exact,"1390 IDAHO AVE W, FALCON HEIGHTS, MN, 55108","-93.156398290388,44.989983262966",97641741.0,L,27.0,123.0,30201.0,1005.0
1752,"768 IDAHO AVE W, ST PAUL, MN, 55117",Match,Exact,"768 IDAHO AVE W, SAINT PAUL, MN, 55117","-93.132679344511,44.989992933012",97641959.0,L,27.0,123.0,30300.0,1012.0
1873,"755 IOWA AVE W, ST PAUL, MN, 55117",Match,Exact,"755 IOWA AVE W, SAINT PAUL, MN, 55117","-93.132404231925,44.989196137286",97641961.0,R,27.0,123.0,30300.0,1012.0
1994,"1460 SIMPSON ST, ST PAUL, MN, 55108",Match,Exact,"1460 SIMPSON ST, SAINT PAUL, MN, 55108","-93.163008253434,44.985164257396",97641056.0,R,27.0,123.0,30201.0,2011.0
1630,"1537 IOWA AVE W, FALCON HEIGHTS, MN, 55108",Match,Non_Exact,"1537 W IOWA AVE, FALCON HEIGHTS, MN, 55108","-93.164602254447,44.98912869881",97640992.0,R,27.0,123.0,41900.0,2006.0
1751,"2049 COTTAGE AVE E, ST PAUL, MN, 55119",Match,Non_Exact,"2049 E COTTAGE AVE, SAINT PAUL, MN, 55119","-93.01422473227,44.982988343215",97653282.0,L,27.0,123.0,30702.0,1007.0
1872,"2116 ARLINGTON AVE E, ST PAUL, MN, 55119",Match,Exact,"2116 ARLINGTON AVE E, SAINT PAUL, MN, 55119","-93.012179751978,44.98468494029",97653246.0,R,27.0,123.0,30702.0,1009.0
1993,"490 HILLTOP AVE, ROSEVILLE, MN, 55113",Match,Non_Exact,"490 W HILLTOP AVE, ROSEVILLE, MN, 55113","-93.120300949788,44.997095585804",97643552.0,L,27.0,123.0,41602.0,3001.0
1750,"1435 HAMLINE AVE N, ST PAUL, MN, 55108",Match,Exact,"1435 HAMLINE AVE N, SAINT PAUL, MN, 55108","-93.156763370564,44.984449071857",97641768.0,L,27.0,123.0,30201.0,4000.0
1871,"3007 84TH AVE, MOUNDS VIEW, MN, 55112",Match,Exact,"3007 84TH AVE, MOUNDS VIEW, MN, 55112","-93.225249591699,45.123097278431",97633291.0,R,27.0,123.0,41001.0,2004.0
1992,"1449 FRANKSON AVE, ST PAUL, MN, 55108",Match,Exact,"1449 FRANKSON AVE, SAINT PAUL, MN, 55108","-93.160613754331,44.982409761362",647902758.0,R,27.0,123.0,30201.0,4003.0
1870,"880 PARKER AVE, ROSEVILLE, MN, 55113",Match,Exact,"880 PARKER AVE, ROSEVILLE, MN, 55113","-93.137185705792,45.003988771571",616281989.0,L,27.0,123.0,41700.0,3001.0
1991,"1763 WHITE BEAR AVE N, MAPLEWOOD, MN, 55109",Match,Exact,"1763 WHITE BEAR AVE N, MAPLEWOOD, MN, 55109","-93.025299090786,44.994421161422",97652980.0,L,27.0,123.0,42402.0,1014.0
1519,"1811 WOODRUFF AVE, ROSEVILLE, MN, 55113",No_Match,,,,,,,,,
1518,"2125 WAUKON AVE, ST PAUL, MN, 55119",Match,Exact,"2125 WAUKON AVE, SAINT PAUL, MN, 55119","-93.010810532416,44.966380144702",97653639.0,L,27.0,123.0,31802.0,2006.0
1639,"1992 SNELLING AVE N, ROSEVILLE, MN, 55113",Match,Non_Exact,"1992 N SNELLING DR, ROSEVILLE, MN, 55113","-93.166149785851,45.000601474742",97640897.0,R,27.0,123.0,41800.0,2013.0
1517,"7000 KNOLLWOOD DR, MOUNDS VIEW, MN, 55112",Match,Exact,"7000 KNOLLWOOD DR, MOUNDS VIEW, MN, 55112","-93.222218086564,45.094584798837",97633653.0,L,27.0,123.0,41002.0,1010.0
1638,"3001 COUNTY ROAD H2, MOUNDS VIEW, MN, 55112",Match,Exact,"3001 CO RD H2, MOUNDS VIEW, MN, 55112","-93.225065132604,45.100549530816",617573938.0,R,27.0,123.0,41002.0,1004.0
1759,"2354 BURKE AVE E, NORTH ST PAUL, MN, 55109",Match,Exact,"2354 BURKE AVE E, NORTH ST PAUL, MN, 55109","-93.000830377922,45.005501657683",97671212.0,R,27.0,123.0,42700.0,5005.0
1516,"1461 PASCAL ST N, ST PAUL, MN, 55108",Match,Exact,"1461 PASCAL ST N, SAINT PAUL, MN, 55108","-93.161875467396,44.985214951238",97641110.0,L,27.0,123.0,30201.0,2011.0
1637,"1316 FOLSOM ST, ST PAUL, MN, 55117",Match,Exact,"1316 FOLSOM ST, SAINT PAUL, MN, 55117","-93.132615118807,44.980167676657",97643458.0,R,27.0,123.0,30300.0,2019.0
1758,"2099 NORTONIA AVE, ST PAUL, MN, 55119",Match,Exact,"2099 NORTONIA AVE, SAINT PAUL, MN, 55119","-93.012096317752,44.966507400953",97653637.0,L,27.0,123.0,31802.0,3012.0
1879,"497 WAGNER ST, ROSEVILLE, MN, 55113",Match,Non_Exact,"497 WAGNER AVE, ROSEVILLE, MN, 55113","-93.119897581928,44.995454476617",647909581.0,R,27.0,123.0,41602.0,3000.0
1515,"1039 DESOTO ST, ST PAUL, MN, 55130",Match,Exact,"1039 DESOTO ST, SAINT PAUL, MN, 55130","-93.081223290921,44.972650322128",97650355.0,L,27.0,123.0,30900.0,3019.0
1636,"3583 RICE ST, SHOREVIEW, MN, 55126",Match,Exact,"3583 RICE ST, SHOREVIEW, MN, 55126","-93.106373073523,45.049888995893",639300396.0,L,27.0,123.0,40704.0,5004.0
1757,"1784 PASCAL ST N, FALCON HEIGHTS, MN, 55113",Match,Non_Exact,"1784 N PASCAL ST, FALCON HEIGHTS, MN, 55113","-93.16161575784,44.994955799809",97640964.0,R,27.0,123.0,41900.0,1011.0
1878,"1521 ARONA ST, ST PAUL, MN, 55108",Match,Non_Exact,"1521 N ARONA ST, SAINT PAUL, MN, 55108","-93.164425760384,44.986760794718",97641050.0,L,27.0,123.0,30201.0,2007.0
1999,"0 EDWARD ST N, MAPLEWOOD, MN, 55109",No_Match,,,,,,,,,
1770,"1468 CRAWFORD AVE, FALCON HEIGHTS, MN, 55113",Match,Exact,"1468 CRAWFORD AVE, FALCON HEIGHTS, MN, 55113","-93.162651452619,44.992793148605",97640960.0,L,27.0,123.0,41900.0,1010.0
1891,"1708 KENNARD ST N, MAPLEWOOD, MN, 55109",Match,Non_Exact,"1708 N KENNARD ST, MAPLEWOOD, MN, 55109","-93.030257762108,44.993517762396",97652975.0,R,27.0,123.0,42402.0,1013.0
1890,"1579 CHELSEA ST, ST PAUL, MN, 55108",Tie,,,,,,,,,
1525,"394 SOUTH MCCARRONS BLVD, ROSEVILLE, MN, 55113",Match,Non_Exact,"394 MCCARRONS BLVD S, ROSEVILLE, MN, 55113","-93.116813048013,44.997137390433",97643556.0,L,27.0,123.0,41602.0,3000.0
1646,"7545 SPRING LAKE RD, MOUNDS VIEW, MN, 55112",Match,Exact,"7545 SPRING LAKE RD, MOUNDS VIEW, MN, 55112","-93.224983000661,45.104848974914",97633321.0,R,27.0,123.0,41002.0,1002.0
1767,"2837 VALLEY VIEW LN, NEW BRIGHTON, MN, 55112",Match,Exact,"2837 VALLEY VIEW LN, NEW BRIGHTON, MN, 55112","-93.22355045508,45.091201772549",619696098.0,L,27.0,123.0,41105.0,5012.0
1888,"1871 WHITE BEAR AVE N, MAPLEWOOD, MN, 55109",Match,Exact,"1871 WHITE BEAR AVE N, MAPLEWOOD, MN, 55109","-93.025294514069,44.997493732501",636241388.0,L,27.0,123.0,42402.0,1014.0
1524,"0 WHITE BEAR PKWY, WHITE BEAR LAKE, MN, 55110",No_Match,,,,,,,,,
1645,"1449 ALBERT ST N, ST PAUL, MN, 55108",Match,Exact,"1449 ALBERT ST N, SAINT PAUL, MN, 55108","-93.15934424951,44.982749559556",97641119.0,L,27.0,123.0,30201.0,4002.0
1766,"1524 IOWA AVE W, FALCON HEIGHTS, MN, 55108",Match,Non_Exact,"1524 W IOWA AVE, FALCON HEIGHTS, MN, 55108","-93.164386380293,44.989016723011",97640992.0,L,27.0,123.0,41900.0,2018.0
1887,"1747 SNELLING AVE N, FALCON HEIGHTS, MN, 55113",Match,Exact,"1747 SNELLING AVE N, FALCON HEIGHTS, MN, 55113","-93.166811649205,44.99267870333",624768568.0,L,27.0,123.0,41900.0,3022.0
1523,"1584 HURON ST, ST PAUL, MN, 55108",Tie,,,,,,,,,
1644,"7457 PLEASANT VIEW DR, MOUNDS VIEW, MN, 55112",Tie,,,,,,,,,
1765,"1504 LARPENTEUR AVE W, FALCON HEIGHTS, MN, 55113",Match,Exact,"1504 LARPENTEUR AVE W, FALCON HEIGHTS, MN, 55113","-93.163622453631,44.991731025098",97641043.0,L,27.0,123.0,41900.0,2002.0
1886,"1899 PASCAL ST N, FALCON HEIGHTS, MN, 55113",Match,Non_Exact,"1899 N PASCAL ST, FALCON HEIGHTS, MN, 55113","-93.161777800143,44.997654975389",97640945.0,L,27.0,123.0,41900.0,1004.0
1522,"7501 SPRING LAKE RD, MOUNDS VIEW, MN, 55112",Match,Exact,"7501 SPRING LAKE RD, MOUNDS VIEW, MN, 55112","-93.224963734463,45.104180434499",97633321.0,R,27.0,123.0,41002.0,1002.0
1643,"1777 ARONA ST, FALCON HEIGHTS, MN, 55113",Match,Non_Exact,"1777 N ARONA ST, FALCON HEIGHTS, MN, 55113","-93.164308167997,44.994612392508",97640953.0,L,27.0,123.0,41900.0,3019.0
1764,"1483 CALIFORNIA AVE W, FALCON HEIGHTS, MN, 55108",Match,Non_Exact,"1483 CALIFORNIA AVE, FALCON HEIGHTS, MN, 55108","-93.162145869157,44.99093671441",97641045.0,R,27.0,123.0,41900.0,2002.0
1885,"4903 OTTER LAKE RD, WHITE BEAR LAKE, MN, 55110",Match,Exact,"4903 OTTER LAKE RD, WHITE BEAR LAKE, MN, 55110","-93.035890516104,45.089331402591",617574487.0,L,27.0,123.0,40504.0,4010.0
1521,"1640 RANDOLPH AVE, ST PAUL, MN, 55105",Match,Exact,"1640 RANDOLPH AVE, SAINT PAUL, MN, 55105","-93.169653111391,44.92694499839",97645988.0,L,27.0,123.0,36400.0,2001.0
1642,"1463 HOLTON ST, ST PAUL, MN, 55108",Match,Non_Exact,"1463 N HOLTON ST, SAINT PAUL, MN, 55108","-93.160603855746,44.985713569341",97641080.0,L,27.0,123.0,30201.0,2012.0
1763,"1771 SIMPSON ST, FALCON HEIGHTS, MN, 55113",Match,Exact,"1771 SIMPSON ST, FALCON HEIGHTS, MN, 55113","-93.163043907181,44.994485758622",97640956.0,L,27.0,123.0,41900.0,1009.0
1884,"1499 ALBERT ST N, ST PAUL, MN, 55108",Match,Exact,"1499 ALBERT ST N, SAINT PAUL, MN, 55108","-93.159325869004,44.98453612105",97641119.0,L,27.0,123.0,30201.0,4002.0
1520,"7801 GLORIA CIR, MOUNDS VIEW, MN, 55112",Match,Exact,"7801 GLORIA CIR, MOUNDS VIEW, MN, 55112","-93.226281174879,45.110578713453",97633311.0,R,27.0,123.0,41001.0,2020.0
1641,"1416 ARONA ST, ST PAUL, MN, 55108",Tie,,,,,,,,,
1762,"1403 ALBERT ST N, ST PAUL, MN, 55108",Match,Exact,"1403 ALBERT ST N, SAINT PAUL, MN, 55108","-93.159331431105,44.983995492006",97641119.0,L,27.0,123.0,30201.0,4002.0
1883,"3442 SIEMS CT, ARDEN HILLS, MN, 55112",Match,Exact,"3442 SIEMS CT, ARDEN HILLS, MN, 55112","-93.166702829272,45.045921913898",97639839.0,R,27.0,123.0,40804.0,1007.0
1640,"0 SILVER LAKE RD, MOUNDS VIEW, MN, 55112",No_Match,,,,,,,,,
1761,"1802 KENNARD ST N, MAPLEWOOD, MN, 55109",Match,Non_Exact,"1802 N KENNARD ST, MAPLEWOOD, MN, 55109","-93.030256293379,44.995447327195",97652974.0,R,27.0,123.0,42402.0,1013.0
1882,"782 IDAHO AVE W, ST PAUL, MN, 55117",Match,Exact,"782 IDAHO AVE W, SAINT PAUL, MN, 55117","-93.132966056224,44.989995312382",97641959.0,L,27.0,123.0,30300.0,1012.0
1760,"2035 COTTAGE AVE E, ST PAUL, MN, 55119",Match,Non_Exact,"2035 E COTTAGE AVE, SAINT PAUL, MN, 55119","-93.014602031621,44.982986976214",97653282.0,L,27.0,123.0,30702.0,1007.0
1881,"7806 GLORIA CIR, MOUNDS VIEW, MN, 55112",Match,Exact,"7806 GLORIA CIR, MOUNDS VIEW, MN, 55112","-93.226444015973,45.110622073193",97633311.0,L,27.0,123.0,41001.0,2020.0
1529,"2090 4TH ST E, ST PAUL, MN, 55119",Match,Non_Exact,"2090 E 4TH ST, SAINT PAUL, MN, 55119","-93.012217946026,44.958489696213",97653731.0,R,27.0,123.0,34702.0,4010.0
1528,"1775 HOLTON ST, FALCON HEIGHTS, MN, 55113",Match,Exact,"1775 HOLTON ST, FALCON HEIGHTS, MN, 55113","-93.160495293224,44.994947045578",97640966.0,L,27.0,123.0,41900.0,1011.0
1649,"1565 EDGCUMBE RD, ST PAUL, MN, 55116",Match,Exact,"1565 EDGCUMBE RD, SAINT PAUL, MN, 55116","-93.151738539097,44.917486669602",97647026.0,R,27.0,123.0,36600.0,1012.0
1527,"2055 MOHAWK AVE, ST PAUL, MN, 55119",Match,Exact,"2055 MOHAWK AVE, SAINT PAUL, MN, 55119","-93.014623450589,44.967235957251",97653580.0,L,27.0,123.0,31802.0,3010.0
1648,"1477 HOYT AVE W, FALCON HEIGHTS, MN, 55108",Match,Exact,"1477 HOYT AVE W, FALCON HEIGHTS, MN, 55108","-93.162536741877,44.988239463672",97641072.0,R,27.0,123.0,41900.0,2015.0
1769,"1715 LARPENTEUR AVE E, MAPLEWOOD, MN, 55109",Match,Exact,"1715 LARPENTEUR AVE E, MAPLEWOOD, MN, 55109","-93.02818440656,44.99201406638",652845861.0,L,27.0,123.0,42402.0,1013.0
1526,"736 RIDGE ST, ST PAUL, MN, 55116",Match,Exact,"736 RIDGE ST, SAINT PAUL, MN, 55116","-93.152930874003,44.919013357549",97646964.0,L,27.0,123.0,36600.0,1011.0
1647,"2024 MANITOU AVE, ST PAUL, MN, 55119",Match,Exact,"2024 MANITOU AVE, SAINT PAUL, MN, 55119","-93.015509141119,44.967541749856",97653578.0,R,27.0,123.0,31802.0,3010.0
1768,"1365 CALIFORNIA AVE W, FALCON HEIGHTS, MN, 55108",Match,Non_Exact,"1365 CALIFORNIA AVE, FALCON HEIGHTS, MN, 55108","-93.158234133567,44.990965707913",97641069.0,R,27.0,123.0,41900.0,2011.0
1889,"3232 WOODBRIDGE ST, SHOREVIEW, MN, 55126",Match,Exact,"3232 WOODBRIDGE ST, SHOREVIEW, MN, 55126","-93.108856056822,45.039192688281",97642681.0,R,27.0,123.0,40704.0,3004.0
1660,"7979 EASTWOOD RD, MOUNDS VIEW, MN, 55112",Match,Exact,"7979 EASTWOOD RD, MOUNDS VIEW, MN, 55112","-93.213072619491,45.113046295083",97633385.0,R,27.0,123.0,41001.0,1011.0
1781,"1466 ALBERT ST N, ST PAUL, MN, 55108",Match,Exact,"1466 ALBERT ST N, SAINT PAUL, MN, 55108","-93.159176049999,44.983351052133",97641119.0,R,27.0,123.0,30201.0,4001.0
1780,"476 WOODLAWN AVE, ST PAUL, MN, 55105",Match,Exact,"476 WOODLAWN AVE, SAINT PAUL, MN, 55105","-93.19498512959,44.927679220822",97639391.0,L,27.0,123.0,43001.0,5009.0
1536,"197 JERROLD AVE, SHOREVIEW, MN, 55126",Match,Exact,"197 JERROLD AVE, SHOREVIEW, MN, 55126","-93.108990682786,45.040207282386",97642682.0,R,27.0,123.0,40704.0,3001.0
1657,"415 GLENWOOD AVE, ROSEVILLE, MN, 55113",Match,Non_Exact,"415 W GLENWOOD AVE, ROSEVILLE, MN, 55113","-93.117477448218,44.996980938999",97643555.0,R,27.0,123.0,41602.0,3003.0
1778,"1364 IDAHO AVE W, FALCON HEIGHTS, MN, 55108",Match,Exact,"1364 IDAHO AVE W, FALCON HEIGHTS, MN, 55108","-93.156060585283,44.989987920944",97641741.0,L,27.0,123.0,30201.0,1005.0
1899,"2127 3RD ST E, ST PAUL, MN, 55119",Match,Exact,"2127 3RD ST E, SAINT PAUL, MN, 55119","-93.010823958849,44.956795287761",97653738.0,L,27.0,123.0,34702.0,4013.0
1535,"1480 CALIFORNIA AVE W, FALCON HEIGHTS, MN, 55108",Match,Non_Exact,"1480 CALIFORNIA AVE, FALCON HEIGHTS, MN, 55108","-93.162077001155,44.990822835286",97641045.0,L,27.0,123.0,41900.0,2014.0
1656,"1387 MCKINLEY ST, ST PAUL, MN, 55108",Match,Non_Exact,"1387 W MCKINLEY ST, SAINT PAUL, MN, 55108","-93.160581188632,44.98365046197",97641118.0,L,27.0,123.0,30201.0,4003.0
1777,"7979 RED OAK DR, MOUNDS VIEW, MN, 55112",Match,Exact,"7979 RED OAK DR, MOUNDS VIEW, MN, 55112","-93.217169551335,45.113690407014",97633360.0,R,27.0,123.0,41001.0,1007.0
1898,"7870 GREENWOOD DR, MOUNDS VIEW, MN, 55112",Match,Exact,"7870 GREENWOOD DR, MOUNDS VIEW, MN, 55112","-93.211160988364,45.111090062903",97633398.0,L,27.0,123.0,41001.0,1010.0
1534,"2094 NOKOMIS AVE, ST PAUL, MN, 55119",Match,Exact,"2094 NOKOMIS AVE, SAINT PAUL, MN, 55119","-93.013071428492,44.967055609625",97653606.0,R,27.0,123.0,31802.0,3012.0
1655,"1735 HOLTON ST, FALCON HEIGHTS, MN, 55113",Match,Exact,"1735 HOLTON ST, FALCON HEIGHTS, MN, 55113","-93.160495293322,44.994239286367",97640966.0,L,27.0,123.0,41900.0,1011.0
1776,"1827 ROME AVE, ST PAUL, MN, 55116",Match,Non_Exact,"1827 W ROME AVE, SAINT PAUL, MN, 55116","-93.177552420294,44.913511724749",97646057.0,R,27.0,123.0,37500.0,3008.0
1897,"2017 WHEELER ST N, ROSEVILLE, MN, 55113",Match,Exact,"2017 WHEELER ST N, ROSEVILLE, MN, 55113","-93.174505697815,45.001513386964",97640812.0,L,27.0,123.0,41301.0,1024.0
1533,"925 EDITH ST N, MAPLEWOOD, MN, 55119",Match,Non_Exact,"925 EDITH ST, MAPLEWOOD, MN, 55119","-92.992476351055,44.969672841722",97653943.0,L,27.0,123.0,42501.0,4008.0
1654,"1504 SIMPSON ST, ST PAUL, MN, 55108",Match,Exact,"1504 SIMPSON ST, SAINT PAUL, MN, 55108","-93.162991859115,44.986457119878",97641054.0,R,27.0,123.0,30201.0,2005.0
1775,"1376 SNELLING AVE N, ST PAUL, MN, 55108",Match,Exact,"1376 SNELLING AVE N, SAINT PAUL, MN, 55108","-93.166865940859,44.982718176784",619253137.0,R,27.0,123.0,30201.0,4008.0
1896,"1928 KENNARD ST N, MAPLEWOOD, MN, 55109",Match,Non_Exact,"1928 N KENNARD ST, MAPLEWOOD, MN, 55109","-93.030256288255,44.999115691522",97652962.0,R,27.0,123.0,42402.0,1013.0
1532,"2109 4TH ST E, ST PAUL, MN, 55119",Match,Non_Exact,"2109 E 4TH ST, SAINT PAUL, MN, 55119","-93.011460262491,44.958604287541",97653731.0,L,27.0,123.0,34702.0,4007.0
1653,"588 MONTROSE LN, ST PAUL, MN, 55116",Match,Exact,"588 MONTROSE LN, SAINT PAUL, MN, 55116","-93.193510171671,44.924768103701",97639528.0,L,27.0,123.0,43001.0,3000.0
1774,"332 MISSISSIPPI RIVER BLVD S, ST PAUL, MN, 55105",Match,Exact,"332 MISSISSIPPI RIVER BLVD S, SAINT PAUL, MN, 55105","-93.197729744991,44.931549400047",642736126.0,L,27.0,123.0,43001.0,5011.0
1895,"3426 GLENARDEN CT, ARDEN HILLS, MN, 55112",Match,Exact,"3426 GLENARDEN CT, ARDEN HILLS, MN, 55112","-93.160031070949,45.045753568109",97639870.0,R,27.0,123.0,40804.0,1001.0
1531,"1765 HOLTON ST, FALCON HEIGHTS, MN, 55113",Match,Exact,"1765 HOLTON ST, FALCON HEIGHTS, MN, 55113","-93.160495293248,44.994770105775",97640966.0,L,27.0,123.0,41900.0,1011.0
1652,"8000 WOODLAWN DR, MOUNDS VIEW, MN, 55112",Match,Exact,"8000 WOODLAWN DR, MOUNDS VIEW, MN, 55112","-93.206595879152,45.113512770782",97633425.0,L,27.0,123.0,40901.0,1006.0
1773,"1811 SIMPSON ST, FALCON HEIGHTS, MN, 55113",Match,Exact,"1811 SIMPSON ST, FALCON HEIGHTS, MN, 55113","-93.16304215485,44.995459393366",97640954.0,L,27.0,123.0,41900.0,1006.0
1894,"1485 IDAHO AVE W, FALCON HEIGHTS, MN, 55108",Match,Non_Exact,"1485 W IDAHO AVE, FALCON HEIGHTS, MN, 55108","-93.162718771025,44.990043326045",97641047.0,R,27.0,123.0,41900.0,2014.0
1530,"1303 RYAN AVE W, ROSEVILLE, MN, 55113",Match,Exact,"1303 RYAN AVE W, ROSEVILLE, MN, 55113","-93.154561454237,45.000968592852",97641642.0,R,27.0,123.0,41800.0,3022.0
1651,"7900 EASTWOOD RD, MOUNDS VIEW, MN, 55112",Match,Exact,"7900 EASTWOOD RD, MOUNDS VIEW, MN, 55112","-93.21321380182,45.111657658631",97633385.0,L,27.0,123.0,41001.0,1006.0
1772,"1499 HOLTON ST, ST PAUL, MN, 55108",Match,Non_Exact,"1499 N HOLTON ST, SAINT PAUL, MN, 55108","-93.160599210613,44.986336005649",97641080.0,L,27.0,123.0,30201.0,2012.0
1893,"1543 IOWA AVE W, FALCON HEIGHTS, MN, 55108",Match,Non_Exact,"1543 W IOWA AVE, FALCON HEIGHTS, MN, 55108","-93.164708794817,44.989127399545",97640992.0,R,27.0,123.0,41900.0,2006.0
1650,"1406 LARPENTEUR AVE W, FALCON HEIGHTS, MN, 55113",Match,Exact,"1406 LARPENTEUR AVE W, FALCON HEIGHTS, MN, 55113","-93.159409716886,44.991760748285",97641061.0,L,27.0,123.0,41900.0,2001.0
1771,"2095 NORTONIA AVE, ST PAUL, MN, 55119",Match,Exact,"2095 NORTONIA AVE, SAINT PAUL, MN, 55119","-93.012178922217,44.96642977963",97653637.0,L,27.0,123.0,31802.0,3012.0
1892,"7523 GROVELAND RD, MOUNDS VIEW, MN, 55112",Match,Exact,"7523 GROVELAND RD, MOUNDS VIEW, MN, 55112","-93.220949759724,45.104611206285",97633370.0,R,27.0,123.0,41002.0,1000.0
1539,"1937 NORTONIA AVE, ST PAUL, MN, 55119",Match,Exact,"1937 NORTONIA AVE, SAINT PAUL, MN, 55119","-93.018881831597,44.964403604146",97653515.0,L,27.0,123.0,31802.0,3013.0
1538,"1719 FLANDRAU ST N, MAPLEWOOD, MN, 55109",Match,Exact,"1719 FLANDRAU ST N, MAPLEWOOD, MN, 55109","-93.027913052805,44.99456151442",97652965.0,L,27.0,123.0,42402.0,1013.0
1659,"1367 ASBURY ST, ST PAUL, MN, 55108",Tie,,,,,,,,,
1537,"792 COTTAGE AVE W, ST PAUL, MN, 55117",Match,Exact,"792 COTTAGE AVE W, SAINT PAUL, MN, 55117","-93.131158798791,44.982680605923",97643453.0,L,27.0,123.0,30300.0,2010.0
1658,"1502 IDAHO AVE W, FALCON HEIGHTS, MN, 55108",Match,Non_Exact,"1502 W IDAHO AVE, FALCON HEIGHTS, MN, 55108","-93.163464314806,44.989923506389",97641047.0,L,27.0,123.0,41900.0,2007.0
1779,"1411 PASCAL ST N, ST PAUL, MN, 55108",Match,Exact,"1411 PASCAL ST N, SAINT PAUL, MN, 55108","-93.161896455911,44.983813834934",97641094.0,L,27.0,123.0,30201.0,4004.0
1550,"7360 KNOLLWOOD DR, MOUNDS VIEW, MN, 55112",Match,Exact,"7360 KNOLLWOOD DR, MOUNDS VIEW, MN, 55112","-93.222350453065,45.101663471219",97633636.0,L,27.0,123.0,41002.0,1005.0
1671,"3430 SIEMS CT, ARDEN HILLS, MN, 55112",Match,Exact,"3430 SIEMS CT, ARDEN HILLS, MN, 55112","-93.166737876768,45.045739667026",97639839.0,R,27.0,123.0,40804.0,1007.0
1792,"1484 ALBERT ST N, ST PAUL, MN, 55108",Match,Exact,"1484 ALBERT ST N, SAINT PAUL, MN, 55108","-93.159169196696,44.984017184347",97641119.0,R,27.0,123.0,30201.0,4001.0
1670,"2149 COUNTY ROAD F E, WHITE BEAR LAKE, MN, 55110",Match,Non_Exact,"2149 E CO RD F, WHITE BEAR LAKE, MN, 55110","-93.009885904726,45.064739804185",97637248.0,L,27.0,123.0,40301.0,2016.0
1791,"1391 SIMPSON ST, ST PAUL, MN, 55108",Match,Exact,"1391 SIMPSON ST, SAINT PAUL, MN, 55108","-93.163183387666,44.983218281621",97641092.0,L,27.0,123.0,30201.0,4005.0
1790,"1880 ASBURY ST, FALCON HEIGHTS, MN, 55113",Match,Non_Exact,"1880 N ASBURY ST, FALCON HEIGHTS, MN, 55113","-93.165399053784,44.997662543324",97640903.0,R,27.0,123.0,41900.0,3000.0
1547,"893 RUTH ST N, ST PAUL, MN, 55119",Match,Exact,"893 RUTH ST N, SAINT PAUL, MN, 55119","-93.016013508345,44.966421327997",97653581.0,L,27.0,123.0,31802.0,3008.0
1668,"1447 IDAHO AVE W, FALCON HEIGHTS, MN, 55108",Match,Non_Exact,"1447 W IDAHO AVE, FALCON HEIGHTS, MN, 55108","-93.161086436235,44.990057044064",97641063.0,R,27.0,123.0,41900.0,2013.0
1789,"1491 PASCAL ST N, ST PAUL, MN, 55108",Match,Exact,"1491 PASCAL ST N, SAINT PAUL, MN, 55108","-93.161861575813,44.986127536714",97641078.0,L,27.0,123.0,30201.0,2011.0
1546,"7981 SUNNYSIDE RD, MOUNDS VIEW, MN, 55112",Match,Exact,"7981 SUNNYSIDE RD, MOUNDS VIEW, MN, 55112","-93.215116125437,45.113043469575",97633382.0,R,27.0,123.0,41001.0,1006.0
1667,"2026 SNELLING AVE N, ROSEVILLE, MN, 55113",Match,Exact,"2026 SNELLING AVE N, ROSEVILLE, MN, 55113","-93.166283121904,45.002407721806",649858891.0,R,27.0,123.0,41800.0,2006.0
1788,"1381 SHELDON ST, ST PAUL, MN, 55108",Tie,,,,,,,,,
1545,"1616 MERRILL ST, ST PAUL, MN, 55108",Tie,,,,,,,,,
1666,"1516 ARONA ST, ST PAUL, MN, 55108",Match,Non_Exact,"1516 N ARONA ST, SAINT PAUL, MN, 55108","-93.164264958846,44.986690223658",97641050.0,R,27.0,123.0,30201.0,2006.0
1787,"1540 SNELLING AVE N, ST PAUL, MN, 55108",Match,Non_Exact,"1540 N SNELLING AVE, SAINT PAUL, MN, 55108","-93.16684490095,44.986751113351",97688219.0,R,27.0,123.0,30201.0,2008.0
1544,"1417 FRANKSON AVE, ST PAUL, MN, 55108",Match,Exact,"1417 FRANKSON AVE, SAINT PAUL, MN, 55108","-93.159880118045,44.982464814954",647902758.0,R,27.0,123.0,30201.0,4003.0
1665,"1663 NILES AVE, ST PAUL, MN, 55116",Match,Non_Exact,"1663 W NILES AVE, SAINT PAUL, MN, 55116","-93.170558100361,44.925244785782",97645992.0,R,27.0,123.0,36400.0,2003.0
1786,"1380 IDAHO AVE W, FALCON HEIGHTS, MN, 55108",Match,Exact,"1380 IDAHO AVE W, FALCON HEIGHTS, MN, 55108","-93.156268403809,44.989985054496",97641741.0,L,27.0,123.0,30201.0,1005.0
1543,"2207 COUNTY ROAD F E, WHITE BEAR LAKE, MN, 55110",Match,Non_Exact,"2207 E CO RD F, WHITE BEAR LAKE, MN, 55110","-93.007450759675,45.064731237102",97637248.0,L,27.0,123.0,40301.0,2016.0
1664,"0 RICE ST, ROSEVILLE, MN, 55126",No_Match,,,,,,,,,
1785,"786 ARLINGTON AVE W, ST PAUL, MN, 55117",Match,Exact,"786 ARLINGTON AVE W, SAINT PAUL, MN, 55117","-93.133196779499,44.984561697669",97641988.0,L,27.0,123.0,30300.0,2002.0
1542,"1545 EDGCUMBE RD, ST PAUL, MN, 55116",Match,Exact,"1545 EDGCUMBE RD, SAINT PAUL, MN, 55116","-93.151408755368,44.918128622659",97647024.0,R,27.0,123.0,36600.0,1011.0
1663,"454 HILLTOP AVE, ROSEVILLE, MN, 55113",Match,Non_Exact,"454 W HILLTOP AVE, ROSEVILLE, MN, 55113","-93.119778958528,44.997097134704",97643552.0,L,27.0,123.0,41602.0,3001.0
1784,"7350 SPRING LAKE RD, MOUNDS VIEW, MN, 55112",Match,Exact,"7350 SPRING LAKE RD, MOUNDS VIEW, MN, 55112","-93.225077809606,45.101438548869",97633574.0,L,27.0,123.0,41002.0,1004.0
1541,"726 ARLINGTON AVE W, ST PAUL, MN, 55117",Match,Exact,"726 ARLINGTON AVE W, SAINT PAUL, MN, 55117","-93.130688095556,44.984549505588",97643451.0,L,27.0,123.0,30300.0,2001.0
1662,"1542 CHELSEA ST, ST PAUL, MN, 55108",Match,Non_Exact,"1542 N CHELSEA ST, SAINT PAUL, MN, 55108","-93.153937973749,44.987708783122",97641759.0,R,27.0,123.0,30202.0,3000.0
1783,"743 NEBRASKA AVE W, ST PAUL, MN, 55117",Match,Non_Exact,"743 W NEBRASKA AVE, SAINT PAUL, MN, 55117","-93.131472034569,44.986470072843",97641969.0,R,27.0,123.0,30300.0,1031.0
1540,"1396 ASBURY ST, ST PAUL, MN, 55108",Tie,,,,,,,,,
1661,"1492 PASCAL ST N, ST PAUL, MN, 55108",Match,Exact,"1492 PASCAL ST N, SAINT PAUL, MN, 55108","-93.161698261778,44.986246420548",97641078.0,R,27.0,123.0,30201.0,2012.0
1782,"582 MONTROSE LN, ST PAUL, MN, 55116",Match,Exact,"582 MONTROSE LN, SAINT PAUL, MN, 55116","-93.193510083913,44.924839004536",97639528.0,L,27.0,123.0,43001.0,3000.0
1549,"0 WAGNER ST, ROSEVILLE, MN, 55113",No_Match,,,,,,,,,
1548,"469 GLENWOOD AVE, ROSEVILLE, MN, 55113",Match,Non_Exact,"469 W GLENWOOD AVE, ROSEVILLE, MN, 55113","-93.119076386622,44.996311012407",97643557.0,R,27.0,123.0,41602.0,3001.0
1669,"1597 JUNO AVE, ST PAUL, MN, 55116",Match,Non_Exact,"1597 W JUNO AVE, SAINT PAUL, MN, 55116","-93.168764540228,44.926147451449",97646154.0,R,27.0,123.0,36400.0,2000.0
1561,"1559 CHELSEA ST, ST PAUL, MN, 55108",Match,Non_Exact,"1559 N CHELSEA ST, SAINT PAUL, MN, 55108","-93.154092643245,44.988199312752",97641759.0,L,27.0,123.0,30201.0,2000.0
1682,"3047 RICE ST, ROSEVILLE, MN, 55113",Match,Exact,"3047 RICE ST, ROSEVILLE, MN, 55113","-93.106265064165,45.03294540385",97643044.0,L,27.0,123.0,41601.0,1007.0
1560,"1925 MONTREAL AVE, ST PAUL, MN, 55116",Match,Non_Exact,"1925 W MONTREAL AVE, SAINT PAUL, MN, 55116","-93.181739858071,44.912580400246",97646041.0,R,27.0,123.0,37500.0,3011.0
1681,"1759 FLANDRAU ST N, MAPLEWOOD, MN, 55109",Match,Exact,"1759 FLANDRAU ST N, MAPLEWOOD, MN, 55109","-93.027911965731,44.995425643124",97652965.0,L,27.0,123.0,42402.0,1013.0
1680,"2081 MOHAWK AVE, ST PAUL, MN, 55119",Match,Exact,"2081 MOHAWK AVE, SAINT PAUL, MN, 55119","-93.014034195052,44.9674544665",97653580.0,L,27.0,123.0,31802.0,3010.0
1558,"1365 FRANKSON AVE, ST PAUL, MN, 55108",Match,Exact,"1365 FRANKSON AVE, SAINT PAUL, MN, 55108","-93.157476675181,44.982206852826",97641772.0,R,27.0,123.0,30201.0,4000.0
1679,"1898 FLANDRAU ST N, MAPLEWOOD, MN, 55109",Match,Exact,"1898 FLANDRAU ST N, MAPLEWOOD, MN, 55109","-93.027746176188,44.998410974923",97652965.0,R,27.0,123.0,42402.0,1014.0
1557,"2069 IVY ST, NORTH ST PAUL, MN, 55109",Match,Non_Exact,"2069 N IVY ST, NORTH ST PAUL, MN, 55109","-93.003767998132,45.003787180547",97652727.0,L,27.0,123.0,42700.0,5003.0
1678,"1758 PASCAL ST N, FALCON HEIGHTS, MN, 55113",Match,Non_Exact,"1758 N PASCAL ST, FALCON HEIGHTS, MN, 55113","-93.161615757944,44.994200125828",97640964.0,R,27.0,123.0,41900.0,1011.0
1799,"669 SHRYER AVE W, ROSEVILLE, MN, 55113",Match,Exact,"669 SHRYER AVE W, ROSEVILLE, MN, 55113","-93.127240888395,45.001857843487",97643365.0,R,27.0,123.0,41700.0,4002.0
1556,"1776 PASCAL ST N, FALCON HEIGHTS, MN, 55113",Match,Non_Exact,"1776 N PASCAL ST, FALCON HEIGHTS, MN, 55113","-93.161615757872,44.994723284738",97640964.0,R,27.0,123.0,41900.0,1011.0
1677,"1793 FLANDRAU ST N, MAPLEWOOD, MN, 55109",Match,Exact,"1793 FLANDRAU ST N, MAPLEWOOD, MN, 55109","-93.027911041719,44.996160152524",97652965.0,L,27.0,123.0,42402.0,1013.0
1798,"7835 GLORIA CIR, MOUNDS VIEW, MN, 55112",Match,Exact,"7835 GLORIA CIR, MOUNDS VIEW, MN, 55112","-93.226283869819,45.110829346117",97633311.0,R,27.0,123.0,41001.0,2020.0
1555,"1430 ARONA ST, ST PAUL, MN, 55108",Tie,,,,,,,,,
1676,"764 PARKVIEW AVE, ST PAUL, MN, 55117",Match,Non_Exact,"764 W PARKVIEW AVE, SAINT PAUL, MN, 55117","-93.132229704337,44.983640119591",97641984.0,L,27.0,123.0,30300.0,2004.0
1797,"47 MID OAKS LN, ROSEVILLE, MN, 55113",Match,Non_Exact,"47 MID OAKS RD, ROSEVILLE, MN, 55113","-93.169808175101,44.999565301458",97640870.0,L,27.0,123.0,41301.0,1016.0
1554,"1414 MCKINLEY ST, ST PAUL, MN, 55108",Match,Non_Exact,"1414 W MCKINLEY ST, SAINT PAUL, MN, 55108","-93.160466668933,44.984101327593",97641118.0,R,27.0,123.0,30201.0,4002.0
1675,"8381 KNOLLWOOD DR, MOUNDS VIEW, MN, 55112",Match,Exact,"8381 KNOLLWOOD DR, MOUNDS VIEW, MN, 55112","-93.223085451338,45.121894222017",97633294.0,R,27.0,123.0,41001.0,2002.0
1796,"1456 LARPENTEUR AVE W, FALCON HEIGHTS, MN, 55113",Match,Exact,"1456 LARPENTEUR AVE W, FALCON HEIGHTS, MN, 55113","-93.161431966994,44.991746582186",97641058.0,L,27.0,123.0,41900.0,2001.0
1553,"492 GLENWOOD AVE, ROSEVILLE, MN, 55113",Match,Non_Exact,"492 W GLENWOOD AVE, ROSEVILLE, MN, 55113","-93.11959305708,44.996193782023",97643557.0,L,27.0,123.0,41602.0,3000.0
1674,"1939 NORTONIA AVE, ST PAUL, MN, 55119",Match,Exact,"1939 NORTONIA AVE, SAINT PAUL, MN, 55119","-93.018832408465,44.964439548241",97653515.0,L,27.0,123.0,31802.0,3013.0
1795,"178 EDGEWATER AVE, SHOREVIEW, MN, 55126",Match,Exact,"178 EDGEWATER AVE, SHOREVIEW, MN, 55126","-93.108432833996,45.038832691151",97643026.0,L,27.0,123.0,40704.0,3006.0
1552,"7365 PLEASANT VIEW DR, MOUNDS VIEW, MN, 55112",Tie,,,,,,,,,
1673,"1398 ARONA ST, ST PAUL, MN, 55108",Tie,,,,,,,,,
1794,"2049 SHERWOOD AVE, ST PAUL, MN, 55119",Match,Exact,"2049 SHERWOOD AVE, SAINT PAUL, MN, 55119","-93.013849320125,44.983889796885",97653280.0,L,27.0,123.0,30702.0,1009.0
1551,"1875 ROME AVE, ST PAUL, MN, 55116",Match,Non_Exact,"1875 W ROME AVE, SAINT PAUL, MN, 55116","-93.17972361732,44.91349583809",97646057.0,R,27.0,123.0,37500.0,3008.0
1672,"6960 SILVER LAKE RD, MOUNDS VIEW, MN, 55112",No_Match,,,,,,,,,
1793,"4850 WHITE BEAR PKWY, WHITE BEAR LAKE, MN, 55110",Match,Exact,"4850 WHITE BEAR PKWY, WHITE BEAR LAKE, MN, 55110","-93.037527818436,45.090069678758",97663696.0,L,27.0,123.0,40504.0,4010.0
1559,"1463 HOYT AVE W, FALCON HEIGHTS, MN, 55108",Match,Exact,"1463 HOYT AVE W, FALCON HEIGHTS, MN, 55108","-93.161921276484,44.988247952808",97641072.0,R,27.0,123.0,41900.0,2015.0
1572,"1321 ARLINGTON AVE W, ST PAUL, MN, 55108",Match,Exact,"1321 ARLINGTON AVE W, SAINT PAUL, MN, 55108","-93.155831064546,44.984683106108",97641769.0,R,27.0,123.0,30201.0,2016.0
1693,"8011 SUNNYSIDE RD, MOUNDS VIEW, MN, 55112",Match,Exact,"8011 SUNNYSIDE RD, MOUNDS VIEW, MN, 55112","-93.215124258431,45.113576185656",97633382.0,R,27.0,123.0,41001.0,1006.0
1571,"1500 ARDEN PL, ARDEN HILLS, MN, 55112",Match,Exact,"1500 ARDEN PL, ARDEN HILLS, MN, 55112","-93.16382353323,45.045997843149",97639858.0,L,27.0,123.0,40804.0,1007.0
1692,"793 PARKVIEW AVE, ST PAUL, MN, 55117",Match,Non_Exact,"793 W PARKVIEW AVE, SAINT PAUL, MN, 55117","-93.133386166837,44.983760207539",97641984.0,R,27.0,123.0,30300.0,2002.0
1570,"1550 ASBURY ST, ST PAUL, MN, 55108",Match,Non_Exact,"1550 N ASBURY ST, SAINT PAUL, MN, 55108","-93.165533735663,44.986832669952",97641000.0,R,27.0,123.0,30201.0,2007.0
1691,"1615 COUNTY ROAD B E, MAPLEWOOD, MN, 55109",Match,Exact,"1615 CO RD B E, MAPLEWOOD, MN, 55109","-93.032237736685,45.006481005471",97649927.0,L,27.0,123.0,42402.0,2015.0
1690,"856 IROQUOIS AVE, ST PAUL, MN, 55119",Match,Exact,"856 IROQUOIS AVE, SAINT PAUL, MN, 55119","-93.016368372403,44.967438887027",97653570.0,R,27.0,123.0,31802.0,3004.0
1569,"1124 BROOKS AVE W, ROSEVILLE, MN, 55113",Match,Non_Exact,"1124 W BROOKS AVE, ROSEVILLE, MN, 55113","-93.147909476298,45.01621136701",97640599.0,L,27.0,123.0,41400.0,2009.0
1568,"1853 ARONA ST, FALCON HEIGHTS, MN, 55113",Match,Non_Exact,"1853 N ARONA ST, FALCON HEIGHTS, MN, 55113","-93.164303376004,44.996768266759",97640950.0,L,27.0,123.0,41900.0,3018.0
1689,"1780 FLANDRAU ST N, MAPLEWOOD, MN, 55109",Match,Exact,"1780 FLANDRAU ST N, MAPLEWOOD, MN, 55109","-93.027749363618,44.995877244818",97652965.0,R,27.0,123.0,42402.0,1014.0
1567,"1773 FLANDRAU ST N, MAPLEWOOD, MN, 55109",Match,Exact,"1773 FLANDRAU ST N, MAPLEWOOD, MN, 55109","-93.027911585256,44.995728088171",97652965.0,L,27.0,123.0,42402.0,1013.0
1688,"2053 COTTAGE AVE E, ST PAUL, MN, 55119",Match,Non_Exact,"2053 E COTTAGE AVE, SAINT PAUL, MN, 55119","-93.014116932455,44.982988733787",97653282.0,L,27.0,123.0,30702.0,1007.0
1566,"2100 NORTONIA AVE, ST PAUL, MN, 55119",Match,Exact,"2100 NORTONIA AVE, SAINT PAUL, MN, 55119","-93.012663474224,44.965968311948",97653637.0,R,27.0,123.0,31802.0,2006.0
1687,"1827 FLANDRAU ST N, MAPLEWOOD, MN, 55109",Match,Exact,"1827 FLANDRAU ST N, MAPLEWOOD, MN, 55109","-93.027910117707,44.996894661923",97652965.0,L,27.0,123.0,42402.0,1013.0
1565,"899 FAIRVIEW AVE S, ST PAUL, MN, 55116",Match,Exact,"899 FAIRVIEW AVE S, SAINT PAUL, MN, 55116","-93.177283278742,44.914062247688",97646097.0,R,27.0,123.0,37500.0,3008.0
1686,"1413 CALIFORNIA AVE W, FALCON HEIGHTS, MN, 55108",Match,Non_Exact,"1413 CALIFORNIA AVE, FALCON HEIGHTS, MN, 55108","-93.15971489078,44.99095534794",97641060.0,R,27.0,123.0,41900.0,2012.0
1564,"3009 VICTORIA ST N, ROSEVILLE, MN, 55113",Match,Exact,"3009 VICTORIA ST N, ROSEVILLE, MN, 55113","-93.136779176517,45.031772921644",97640446.0,L,27.0,123.0,41500.0,2007.0
1685,"1671 FERNWOOD ST, ST PAUL, MN, 55108",Tie,,,,,,,,,
1563,"3427 SNELLING AVE N, ARDEN HILLS, MN, 55112",Match,Exact,"3427 SNELLING AVE N, ARDEN HILLS, MN, 55112","-93.162486312627,45.047475963225",97639859.0,L,27.0,123.0,40804.0,1005.0
1684,"1489 HOYT AVE W, FALCON HEIGHTS, MN, 55108",Match,Exact,"1489 HOYT AVE W, FALCON HEIGHTS, MN, 55108","-93.163137599367,44.988231714255",97641051.0,R,27.0,123.0,41900.0,2015.0
1562,"3225 WOODBRIDGE ST, SHOREVIEW, MN, 55126",Match,Exact,"3225 WOODBRIDGE ST, SHOREVIEW, MN, 55126","-93.109013415677,45.039158155887",97642681.0,L,27.0,123.0,40704.0,3001.0
1683,"2033 NOKOMIS AVE, ST PAUL, MN, 55119",Match,Exact,"2033 NOKOMIS AVE, SAINT PAUL, MN, 55119","-93.015378022304,44.966305611931",97653599.0,L,27.0,123.0,31802.0,3009.0
2430,"1718 ARONA ST, FALCON HEIGHTS, MN, 55113",Match,Non_Exact,"1718 N ARONA ST, FALCON HEIGHTS, MN, 55113","-93.164148440197,44.993301123125",97640953.0,R,27.0,123.0,41900.0,1009.0
2306,"501 HILLTOP AVE, ROSEVILLE, MN, 55113",Match,Non_Exact,"501 W HILLTOP AVE, ROSEVILLE, MN, 55113","-93.120446627338,44.997209745917",97643552.0,R,27.0,123.0,41602.0,3000.0
2427,"834 IROQUOIS AVE, ST PAUL, MN, 55119",Match,Exact,"834 IROQUOIS AVE, SAINT PAUL, MN, 55119","-93.016914116218,44.966593114072",97660443.0,R,27.0,123.0,31802.0,3008.0
2305,"2991 CHATSWORTH ST N, ROSEVILLE, MN, 55113",Match,Exact,"2991 CHATSWORTH ST N, ROSEVILLE, MN, 55113","-93.141807768049,45.031224629198",97640419.0,L,27.0,123.0,41500.0,2004.0
2426,"1384 SNELLING AVE N, ST PAUL, MN, 55108",Match,Exact,"1384 SNELLING AVE N, SAINT PAUL, MN, 55108","-93.166863980392,44.982875796578",619253137.0,R,27.0,123.0,30201.0,4008.0
2304,"1566 FERNWOOD ST, ST PAUL, MN, 55108",Tie,,,,,,,,,
2425,"857 ALGONQUIN AVE, ST PAUL, MN, 55119",Match,Non_Exact,"857 N ALGONQUIN AVE, SAINT PAUL, MN, 55119","-93.017550491233,44.967245085885",97653571.0,L,27.0,123.0,31802.0,3007.0
2303,"1419 ARONA ST, ST PAUL, MN, 55108",Tie,,,,,,,,,
2424,"1855 WHITE BEAR AVE N, MAPLEWOOD, MN, 55109",Match,Exact,"1855 WHITE BEAR AVE N, MAPLEWOOD, MN, 55109","-93.025295199058,44.99702113482",636241388.0,L,27.0,123.0,42402.0,1014.0
2302,"1584 MERRILL ST, ST PAUL, MN, 55108",Tie,,,,,,,,,
2423,"1586 HAMLINE AVE N, ST PAUL, MN, 55108",Match,Exact,"1586 HAMLINE AVE N, SAINT PAUL, MN, 55108","-93.156523391464,44.989028293459",97641743.0,R,27.0,123.0,30201.0,1005.0
2301,"1530 EDGCUMBE RD, ST PAUL, MN, 55116",Match,Exact,"1530 EDGCUMBE RD, SAINT PAUL, MN, 55116","-93.151157417671,44.918408832187",97647024.0,L,27.0,123.0,36600.0,5002.0
2422,"1115 SEXTANT AVE W, ROSEVILLE, MN, 55113",Match,Exact,"1115 SEXTANT AVE W, ROSEVILLE, MN, 55113","-93.147232187518,45.014575814095",97640604.0,R,27.0,123.0,41400.0,2008.0
2300,"1895 ROME AVE, ST PAUL, MN, 55116",Match,Non_Exact,"1895 W ROME AVE, SAINT PAUL, MN, 55116","-93.180628282747,44.913489218649",97646057.0,R,27.0,123.0,37500.0,3008.0
2421,"1441 SIMPSON ST, ST PAUL, MN, 55108",Match,Exact,"1441 SIMPSON ST, SAINT PAUL, MN, 55108","-93.163177242703,44.984623442435",97641056.0,L,27.0,123.0,30201.0,2010.0
2420,"749 PARKVIEW AVE, ST PAUL, MN, 55117",Match,Non_Exact,"749 W PARKVIEW AVE, SAINT PAUL, MN, 55117","-93.131688425918,44.983752142142",97641984.0,R,27.0,123.0,30300.0,2002.0
2309,"4159 HAZEL ST N, WHITE BEAR LAKE, MN, 55110",Match,Non_Exact,"4159 N HAZEL ST, WHITE BEAR LAKE, MN, 55110","-93.010798172174,45.066861522334",97637226.0,L,27.0,123.0,40301.0,2007.0
2308,"1490 IDAHO AVE W, FALCON HEIGHTS, MN, 55108",Match,Non_Exact,"1490 W IDAHO AVE, FALCON HEIGHTS, MN, 55108","-93.162966215733,44.989926995665",97641047.0,L,27.0,123.0,41900.0,2007.0
2429,"7800 GLORIA CIR, MOUNDS VIEW, MN, 55112",Match,Exact,"7800 GLORIA CIR, MOUNDS VIEW, MN, 55112","-93.226443540395,45.110577843899",97633311.0,L,27.0,123.0,41001.0,2020.0
2307,"1508 IOWA AVE W, FALCON HEIGHTS, MN, 55108",Match,Non_Exact,"1508 W IOWA AVE, FALCON HEIGHTS, MN, 55108","-93.163663219174,44.98902220773",97641049.0,L,27.0,123.0,41900.0,2015.0
2428,"2640 SHERWOOD RD, MOUNDS VIEW, MN, 55112",Match,Exact,"2640 SHERWOOD RD, MOUNDS VIEW, MN, 55112","-93.213277892371,45.115177946614",97633383.0,L,27.0,123.0,41001.0,1006.0
2320,"4860 WHITE BEAR PKWY, WHITE BEAR LAKE, MN, 55110",Match,Exact,"4860 WHITE BEAR PKWY, WHITE BEAR LAKE, MN, 55110","-93.037187638571,45.090069678734",97663696.0,L,27.0,123.0,40504.0,4010.0
2441,"7760 LONG LAKE RD, MOUNDS VIEW, MN, 55112",Match,Exact,"7760 LONG LAKE RD, MOUNDS VIEW, MN, 55112","-93.209083404215,45.109178670551",97633431.0,L,27.0,123.0,41001.0,1013.0
2440,"1433 HOYT AVE W, FALCON HEIGHTS, MN, 55108",Match,Exact,"1433 HOYT AVE W, FALCON HEIGHTS, MN, 55108","-93.160667756521,44.98825814453",97641073.0,R,27.0,123.0,41900.0,2016.0
2317,"885 ALGONQUIN AVE, ST PAUL, MN, 55119",Match,Non_Exact,"885 N ALGONQUIN AVE, SAINT PAUL, MN, 55119","-93.018636264979,44.967806562484",97653415.0,L,27.0,123.0,31802.0,3007.0
2438,"407 WAGNER ST, ROSEVILLE, MN, 55113",Match,Non_Exact,"407 WAGNER AVE, ROSEVILLE, MN, 55113","-93.117540821963,44.99546590793",616282192.0,R,27.0,123.0,41602.0,3000.0
2316,"1382 LARPENTEUR AVE W, FALCON HEIGHTS, MN, 55113",Match,Exact,"1382 LARPENTEUR AVE W, FALCON HEIGHTS, MN, 55113","-93.158464152974,44.991767359261",97641067.0,L,27.0,123.0,41900.0,2000.0
2437,"1572 MERRILL ST, ST PAUL, MN, 55108",Tie,,,,,,,,,
2315,"1462 CRAWFORD AVE, FALCON HEIGHTS, MN, 55113",Match,Exact,"1462 CRAWFORD AVE, FALCON HEIGHTS, MN, 55113","-93.162574220358,44.992794244092",97640960.0,L,27.0,123.0,41900.0,1010.0
2436,"7830 GLORIA CIR, MOUNDS VIEW, MN, 55112",Match,Exact,"7830 GLORIA CIR, MOUNDS VIEW, MN, 55112","-93.226445918283,45.110798990368",97633311.0,L,27.0,123.0,41001.0,2020.0
2314,"1966 SNELLING AVE N, ROSEVILLE, MN, 55113",Match,Non_Exact,"1966 N SNELLING DR, ROSEVILLE, MN, 55113","-93.166193084713,45.000035626093",97640897.0,R,27.0,123.0,41800.0,2013.0
2435,"1416 SNELLING AVE N, ST PAUL, MN, 55108",Match,Exact,"1416 SNELLING AVE N, SAINT PAUL, MN, 55108","-93.166859093203,44.983397101338",97641027.0,R,27.0,123.0,30201.0,4007.0
2313,"8297 SPRING LAKE RD, MOUNDS VIEW, MN, 55112",Match,Exact,"8297 SPRING LAKE RD, MOUNDS VIEW, MN, 55112","-93.224913292254,45.118812615407",97633295.0,R,27.0,123.0,41001.0,2003.0
2434,"837 PEDERSEN ST, ST PAUL, MN, 55119",Match,Exact,"837 PEDERSEN ST, SAINT PAUL, MN, 55119","-93.012996673662,44.966243695554",97653600.0,L,27.0,123.0,31802.0,3011.0
2312,"787 IOWA AVE W, ST PAUL, MN, 55117",Match,Exact,"787 IOWA AVE W, SAINT PAUL, MN, 55117","-93.133059573822,44.989201575854",97641961.0,R,27.0,123.0,30300.0,1012.0
2433,"2824 WOODALE DR, MOUNDS VIEW, MN, 55112",Match,Exact,"2824 WOODALE DR, MOUNDS VIEW, MN, 55112","-93.219827747801,45.097420092678",97633652.0,L,27.0,123.0,41002.0,1011.0
2311,"501 GLENWOOD AVE, ROSEVILLE, MN, 55113",Match,Non_Exact,"501 W GLENWOOD AVE, ROSEVILLE, MN, 55113","-93.119766839368,44.996307489736",97643557.0,R,27.0,123.0,41602.0,3001.0
2432,"3538 SIEMS CT, ARDEN HILLS, MN, 55112",Match,Exact,"3538 SIEMS CT, ARDEN HILLS, MN, 55112","-93.16628782361,45.04797782676",97639837.0,R,27.0,123.0,40804.0,1006.0
2310,"749 IVY AVE W, ST PAUL, MN, 55117",Match,Exact,"749 IVY AVE W, SAINT PAUL, MN, 55117","-93.132256754078,44.981056419157",97643457.0,R,27.0,123.0,30300.0,2008.0
2431,"1123 BROOKS AVE W, ROSEVILLE, MN, 55113",Match,Non_Exact,"1123 W BROOKS AVE, ROSEVILLE, MN, 55113","-93.147726335974,45.016326571134",97640599.0,R,27.0,123.0,41400.0,2004.0
2319,"1544 ARONA ST, ST PAUL, MN, 55108",Match,Non_Exact,"1544 N ARONA ST, SAINT PAUL, MN, 55108","-93.164256528844,44.987174342813",97641050.0,R,27.0,123.0,30201.0,2006.0
2318,"752 COTTAGE AVE W, ST PAUL, MN, 55117",Match,Exact,"752 COTTAGE AVE W, SAINT PAUL, MN, 55117","-93.130666798832,44.982677116527",97643453.0,L,27.0,123.0,30300.0,2010.0
2439,"1549 HOYT AVE W, FALCON HEIGHTS, MN, 55108",Match,Exact,"1549 HOYT AVE W, FALCON HEIGHTS, MN, 55108","-93.16570317122,44.988214293907",97640999.0,R,27.0,123.0,41900.0,2018.0
2210,"1641 JUNO AVE, ST PAUL, MN, 55116",Match,Non_Exact,"1641 W JUNO AVE, SAINT PAUL, MN, 55116","-93.169652301749,44.926150588984",97645990.0,R,27.0,123.0,36400.0,2002.0
2331,"1391 SHELDON ST, ST PAUL, MN, 55108",Tie,,,,,,,,,
2452,"1816 SIMPSON ST, FALCON HEIGHTS, MN, 55113",Match,Exact,"1816 SIMPSON ST, FALCON HEIGHTS, MN, 55113","-93.162879659794,44.995640735547",97640954.0,R,27.0,123.0,41900.0,1007.0
2330,"1615 FERNWOOD ST, ST PAUL, MN, 55108",Tie,,,,,,,,,
2451,"3049 BRONSON DR, MOUNDS VIEW, MN, 55112",Match,Exact,"3049 BRONSON DR, MOUNDS VIEW, MN, 55112","-93.22640522503,45.104148356776",97633572.0,R,27.0,123.0,41002.0,1003.0
2450,"1718 FLANDRAU ST N, MAPLEWOOD, MN, 55109",Match,Exact,"1718 FLANDRAU ST N, MAPLEWOOD, MN, 55109","-93.02775103837,44.994545962898",97652965.0,R,27.0,123.0,42402.0,1014.0
2207,"2177 COUNTY ROAD F E, WHITE BEAR LAKE, MN, 55110",Match,Non_Exact,"2177 E CO RD F, WHITE BEAR LAKE, MN, 55110","-93.00871031746,45.064735668352",97637248.0,L,27.0,123.0,40301.0,2016.0
2328,"1797 SHRYER AVE W, ROSEVILLE, MN, 55113",Match,Exact,"1797 SHRYER AVE W, ROSEVILLE, MN, 55113","-93.17578712572,45.002136050088",97640802.0,R,27.0,123.0,41301.0,1021.0
2449,"7462 SPRING LAKE RD, MOUNDS VIEW, MN, 55112",Match,Exact,"7462 SPRING LAKE RD, MOUNDS VIEW, MN, 55112","-93.225112319873,45.103425370442",97633574.0,L,27.0,123.0,41002.0,1004.0
2206,"570 MOUNT CURVE BLVD, ST PAUL, MN, 55116",Match,Non_Exact,"570 S MOUNT CURVE BLVD, SAINT PAUL, MN, 55116","-93.194923633649,44.923955864607",97639519.0,L,27.0,123.0,43001.0,3001.0
2327,"1611 FERNWOOD ST, ST PAUL, MN, 55108",Tie,,,,,,,,,
2448,"1554 ARONA ST, ST PAUL, MN, 55108",Match,Non_Exact,"1554 N ARONA ST, SAINT PAUL, MN, 55108","-93.16425351813,44.987347242511",97641050.0,R,27.0,123.0,30201.0,2006.0
2205,"2000 FAIRVIEW AVE N, ROSEVILLE, MN, 55113",Match,Exact,"2000 FAIRVIEW AVE N, ROSEVILLE, MN, 55113","-93.176884241441,45.001374659074",97640801.0,R,27.0,123.0,41301.0,1020.0
2326,"1467 HOYT AVE W, FALCON HEIGHTS, MN, 55108",Match,Exact,"1467 HOYT AVE W, FALCON HEIGHTS, MN, 55108","-93.162097123739,44.98824552734",97641072.0,R,27.0,123.0,41900.0,2015.0
2447,"792 LAKEVIEW AVE, ST PAUL, MN, 55117",Match,Non_Exact,"792 W LAKEVIEW AVE, SAINT PAUL, MN, 55117","-93.133492380079,44.981850547188",97641994.0,L,27.0,123.0,30300.0,2008.0
2204,"2034 STILLWATER AVE, ST PAUL, MN, 55119",Match,Exact,"2034 STILLWATER AVE, SAINT PAUL, MN, 55119","-93.014410510018,44.96903779705",97653596.0,R,27.0,123.0,31802.0,3003.0
2325,"7039 KNOLLWOOD DR, MOUNDS VIEW, MN, 55112",Match,Exact,"7039 KNOLLWOOD DR, MOUNDS VIEW, MN, 55112","-93.222079249686,45.096366440338",97633651.0,R,27.0,123.0,41002.0,1011.0
2446,"1498 ARONA ST, ST PAUL, MN, 55108",Tie,,,,,,,,,
2203,"1246 HOYT AVE W, ST PAUL, MN, 55108",Match,Exact,"1246 HOYT AVE W, SAINT PAUL, MN, 55108","-93.152555840046,44.988217826046",97641765.0,L,27.0,123.0,30202.0,3000.0
2324,"63 MID OAKS LN, ROSEVILLE, MN, 55113",Match,Non_Exact,"63 MID OAKS RD, ROSEVILLE, MN, 55113","-93.169807506724,44.999753776363",97640870.0,L,27.0,123.0,41301.0,1016.0
2445,"1847 ARONA ST, FALCON HEIGHTS, MN, 55113",Match,Non_Exact,"1847 N ARONA ST, FALCON HEIGHTS, MN, 55113","-93.164303844357,44.996579999144",97640950.0,L,27.0,123.0,41900.0,3018.0
2202,"1874 ROME AVE, ST PAUL, MN, 55116",Match,Non_Exact,"1874 W ROME AVE, SAINT PAUL, MN, 55116","-93.179721945529,44.913381252853",97646057.0,L,27.0,123.0,37500.0,3010.0
2323,"1612 HURON ST, ST PAUL, MN, 55108",Match,Non_Exact,"1612 HURON ST N, SAINT PAUL, MN, 55108","-93.15520384151,44.989715697476",97641752.0,R,27.0,123.0,30201.0,1006.0
2444,"1570 FERNWOOD ST, ST PAUL, MN, 55108",Tie,,,,,,,,,
2201,"1652 FERNWOOD ST, ST PAUL, MN, 55108",Tie,,,,,,,,,
2322,"7395 KNOLLWOOD DR, MOUNDS VIEW, MN, 55112",Match,Exact,"7395 KNOLLWOOD DR, MOUNDS VIEW, MN, 55112","-93.222201602028,45.102269961572",97633636.0,R,27.0,123.0,41002.0,1006.0
2443,"1424 FRANKSON AVE, ST PAUL, MN, 55108",Match,Exact,"1424 FRANKSON AVE, SAINT PAUL, MN, 55108","-93.160246561019,44.982293620776",647902758.0,L,27.0,123.0,30201.0,4012.0
2200,"2141 WAUKON AVE, ST PAUL, MN, 55119",Match,Exact,"2141 WAUKON AVE, SAINT PAUL, MN, 55119","-93.010392633504,44.966841173244",97653639.0,L,27.0,123.0,31802.0,2006.0
2321,"2066 GIESMANN ST, ROSEVILLE, MN, 55113",Match,Exact,"2066 GIESMANN ST, ROSEVILLE, MN, 55113","-93.112663088587,45.003504255822",97662289.0,R,27.0,123.0,41602.0,2015.0
2442,"1809 ELM ST, WHITE BEAR LAKE, MN, 55110",Match,Exact,"1809 ELM ST, WHITE BEAR LAKE, MN, 55110","-93.024625576418,45.046696275582",97651926.0,L,27.0,123.0,40402.0,1005.0
2209,"2841 WOODALE DR, MOUNDS VIEW, MN, 55112",Match,Exact,"2841 WOODALE DR, MOUNDS VIEW, MN, 55112","-93.220321009991,45.097527690778",97633652.0,R,27.0,123.0,41002.0,1007.0
2208,"1464 SIMPSON ST, ST PAUL, MN, 55108",Match,Exact,"1464 SIMPSON ST, SAINT PAUL, MN, 55108","-93.163006701701,44.985284670593",97641056.0,R,27.0,123.0,30201.0,2011.0
2329,"1598 JUNO AVE, ST PAUL, MN, 55116",Match,Non_Exact,"1598 W JUNO AVE, SAINT PAUL, MN, 55116","-93.168799915422,44.926032983636",97646154.0,L,27.0,123.0,36400.0,2004.0
2100,"177 SOUTH OWASSO BLVD W, ROSEVILLE, MN, 55113",Tie,,,,,,,,,
2221,"2121 MOHAWK AVE, ST PAUL, MN, 55119",Match,Exact,"2121 MOHAWK AVE, SAINT PAUL, MN, 55119","-93.01313610668,44.968281086884",97653602.0,L,27.0,123.0,31802.0,3002.0
2342,"3062 WOODBRIDGE ST, ROSEVILLE, MN, 55113",Match,Exact,"3062 WOODBRIDGE ST, ROSEVILLE, MN, 55113","-93.108195160568,45.033462291403",97642698.0,R,27.0,123.0,41601.0,1007.0
2463,"949 ALGONQUIN AVE, ST PAUL, MN, 55119",Match,Non_Exact,"949 N ALGONQUIN AVE, SAINT PAUL, MN, 55119","-93.019303615708,44.969237014493",647899419.0,L,27.0,123.0,31802.0,1012.0
2220,"1441 HAMLINE AVE N, ST PAUL, MN, 55108",Match,Exact,"1441 HAMLINE AVE N, SAINT PAUL, MN, 55108","-93.156759276743,44.984677998547",97641750.0,L,27.0,123.0,30201.0,2015.0
2341,"827 PEDERSEN ST, ST PAUL, MN, 55119",Match,Exact,"827 PEDERSEN ST, SAINT PAUL, MN, 55119","-93.01294125085,44.96614544508",97653600.0,L,27.0,123.0,31802.0,3011.0
2462,"1995 HERSCHEL ST, ROSEVILLE, MN, 55113",Match,Exact,"1995 HERSCHEL ST, ROSEVILLE, MN, 55113","-93.173239508135,45.001392527874",97640814.0,L,27.0,123.0,41301.0,1022.0
2340,"1394 SKILES LN, ARDEN HILLS, MN, 55112",Match,Exact,"1394 SKILES LN, ARDEN HILLS, MN, 55112","-93.160340330474,45.046424357342",97639864.0,L,27.0,123.0,40804.0,1001.0
2461,"1463 HAMLINE AVE N, ST PAUL, MN, 55108",Match,Exact,"1463 HAMLINE AVE N, SAINT PAUL, MN, 55108","-93.156748088974,44.985317294701",97641750.0,L,27.0,123.0,30201.0,2015.0
2460,"8040 RED OAK DR, MOUNDS VIEW, MN, 55112",Match,Exact,"8040 RED OAK DR, MOUNDS VIEW, MN, 55112","-93.21734310089,45.114421856914",97633360.0,L,27.0,123.0,41001.0,2011.0
2218,"2961 CHATSWORTH ST N, ROSEVILLE, MN, 55113",Match,Exact,"2961 CHATSWORTH ST N, ROSEVILLE, MN, 55113","-93.141796310118,45.030730954031",97640421.0,L,27.0,123.0,41500.0,2004.0
2339,"1400 SNELLING AVE N, ST PAUL, MN, 55108",Match,Exact,"1400 SNELLING AVE N, SAINT PAUL, MN, 55108","-93.166860912352,44.983187296168",97641027.0,R,27.0,123.0,30201.0,4007.0
2217,"719 PARKVIEW AVE, ST PAUL, MN, 55117",Match,Non_Exact,"719 W PARKVIEW AVE, SAINT PAUL, MN, 55117","-93.130871575084,44.983748784175",97643449.0,R,27.0,123.0,30300.0,2001.0
2338,"649 SHRYER AVE W, ROSEVILLE, MN, 55113",Match,Exact,"649 SHRYER AVE W, ROSEVILLE, MN, 55113","-93.126803025918,45.001851047364",97643365.0,R,27.0,123.0,41700.0,4002.0
2459,"2016 HERSCHEL ST, ROSEVILLE, MN, 55113",Match,Exact,"2016 HERSCHEL ST, ROSEVILLE, MN, 55113","-93.17307653717,45.001527248135",97640814.0,R,27.0,123.0,41301.0,1023.0
2216,"1544 EDGCUMBE RD, ST PAUL, MN, 55116",Match,Exact,"1544 EDGCUMBE RD, SAINT PAUL, MN, 55116","-93.151365022011,44.917766874329",97647026.0,L,27.0,123.0,36600.0,5002.0
2337,"2021 SHERWOOD AVE, ST PAUL, MN, 55119",Match,Exact,"2021 SHERWOOD AVE, SAINT PAUL, MN, 55119","-93.014534682301,44.983887333816",97653280.0,L,27.0,123.0,30702.0,1009.0
2458,"1980 BUSH AVE, ST PAUL, MN, 55119",Match,Exact,"1980 BUSH AVE, SAINT PAUL, MN, 55119","-93.016126593014,44.964652629019",97653655.0,R,27.0,123.0,31802.0,3016.0
2215,"1807 FLANDRAU ST N, MAPLEWOOD, MN, 55109",Match,Exact,"1807 FLANDRAU ST N, MAPLEWOOD, MN, 55109","-93.027910661244,44.99646259757",97652965.0,L,27.0,123.0,42402.0,1013.0
2336,"1424 SHELDON ST, ST PAUL, MN, 55108",Tie,,,,,,,,,
2457,"2030 FAIRVIEW AVE N, ROSEVILLE, MN, 55113",Match,Exact,"2030 FAIRVIEW AVE N, ROSEVILLE, MN, 55113","-93.176888739155,45.002340337786",97689041.0,R,27.0,123.0,41301.0,1021.0
2214,"1576 HURON ST, ST PAUL, MN, 55108",Tie,,,,,,,,,
2335,"1557 OSCEOLA AVE, ST PAUL, MN, 55105",Match,Exact,"1557 OSCEOLA AVE, SAINT PAUL, MN, 55105","-93.165648004155,44.936157650551",97645812.0,R,27.0,123.0,35200.0,3004.0
2456,"1999 SNELLING AVE N, ROSEVILLE, MN, 55113",Match,Non_Exact,"1999 SNELLING DR, ROSEVILLE, MN, 55113","-93.166889803416,45.001527700651",638479417.0,L,27.0,123.0,41301.0,1015.0
2213,"1906 STILLWATER AVE, ST PAUL, MN, 55119",Match,Exact,"1906 STILLWATER AVE, SAINT PAUL, MN, 55119","-93.019843426453,44.967798302154",97653414.0,R,27.0,123.0,31802.0,3007.0
2334,"3568 RIDGEWOOD CT, ARDEN HILLS, MN, 55112",Match,Exact,"3568 RIDGEWOOD CT, ARDEN HILLS, MN, 55112","-93.165070141325,45.049084055196",97688397.0,R,27.0,123.0,40804.0,1006.0
2455,"1496 SIMPSON ST, ST PAUL, MN, 55108",Match,Exact,"1496 SIMPSON ST, SAINT PAUL, MN, 55108","-93.162994287838,44.986247976172",97641056.0,R,27.0,123.0,30201.0,2011.0
2212,"1492 ARONA ST, ST PAUL, MN, 55108",Tie,,,,,,,,,
2333,"2079 COTTAGE AVE E, ST PAUL, MN, 55119",Match,Non_Exact,"2079 E COTTAGE AVE, SAINT PAUL, MN, 55119","-93.013416233659,44.982991272502",97653282.0,L,27.0,123.0,30702.0,1007.0
2454,"1500 PASCAL ST N, ST PAUL, MN, 55108",Match,Exact,"1500 PASCAL ST N, SAINT PAUL, MN, 55108","-93.161697393906,44.986326263734",97641078.0,R,27.0,123.0,30201.0,2012.0
2211,"7550 KNOLLWOOD DR, MOUNDS VIEW, MN, 55112",Match,Exact,"7550 KNOLLWOOD DR, MOUNDS VIEW, MN, 55112","-93.223134803514,45.105099425452",97633327.0,L,27.0,123.0,41002.0,1002.0
2332,"7442 SILVER LAKE RD, MOUNDS VIEW, MN, 55112",Match,Exact,"7442 SILVER LAKE RD, MOUNDS VIEW, MN, 55112","-93.219199754921,45.102833392936",97633639.0,L,27.0,123.0,41002.0,1006.0
2453,"7890 GREENWOOD DR, MOUNDS VIEW, MN, 55112",Match,Exact,"7890 GREENWOOD DR, MOUNDS VIEW, MN, 55112","-93.211166711186,45.111445761436",97633398.0,L,27.0,123.0,41001.0,1010.0
2219,"1561 MIDWAY PKWY, ST PAUL, MN, 55108",No_Match,,,,,,,,,
2111,"1987 ALDINE ST, ROSEVILLE, MN, 55113",Match,Non_Exact,"1987 ALDINE ST N, ROSEVILLE, MN, 55113","-93.171954428725,45.001547563286",97670893.0,L,27.0,123.0,41301.0,1023.0
2232,"945 ALGONQUIN AVE, ST PAUL, MN, 55119",Match,Non_Exact,"945 N ALGONQUIN AVE, SAINT PAUL, MN, 55119","-93.019336971556,44.969152108719",647899419.0,L,27.0,123.0,31802.0,1012.0
2353,"3415 GLENARDEN RD, ARDEN HILLS, MN, 55112",Match,Exact,"3415 GLENARDEN RD, ARDEN HILLS, MN, 55112","-93.159126671791,45.044225940935",97662208.0,L,27.0,123.0,40804.0,1001.0
2474,"1368 SIMPSON ST, ST PAUL, MN, 55108",Match,Exact,"1368 SIMPSON ST, SAINT PAUL, MN, 55108","-93.163031301963,44.982555894336",619253152.0,R,27.0,123.0,30201.0,4010.0
2110,"1494 IOWA AVE W, FALCON HEIGHTS, MN, 55108",Match,Non_Exact,"1494 W IOWA AVE, FALCON HEIGHTS, MN, 55108","-93.163101473514,44.989026142863",97641049.0,L,27.0,123.0,41900.0,2015.0
2231,"7465 SPRING LAKE RD, MOUNDS VIEW, MN, 55112",Match,Exact,"7465 SPRING LAKE RD, MOUNDS VIEW, MN, 55112","-93.224950606651,45.103462254251",97633574.0,R,27.0,123.0,41002.0,1005.0
2352,"1548 ARDEN PL, ARDEN HILLS, MN, 55112",Match,Exact,"1548 ARDEN PL, ARDEN HILLS, MN, 55112","-93.16538889697,45.046593259228",97639840.0,L,27.0,123.0,40804.0,1007.0
2473,"1406 SNELLING AVE N, ST PAUL, MN, 55108",Match,Exact,"1406 SNELLING AVE N, SAINT PAUL, MN, 55108","-93.166860230171,44.983265973106",97641027.0,R,27.0,123.0,30201.0,4007.0
2230,"8175 SPRING LAKE RD, MOUNDS VIEW, MN, 55112",Match,Exact,"8175 SPRING LAKE RD, MOUNDS VIEW, MN, 55112","-93.224871296652,45.116245880824",97667015.0,R,27.0,123.0,41001.0,2009.0
2351,"1909 FLANDRAU ST N, MAPLEWOOD, MN, 55109",Match,Exact,"1909 FLANDRAU ST N, MAPLEWOOD, MN, 55109","-93.027907889207,44.998666125768",97652965.0,L,27.0,123.0,42402.0,1013.0
2472,"904 PARKER AVE, ROSEVILLE, MN, 55113",Match,Exact,"904 PARKER AVE, ROSEVILLE, MN, 55113","-93.138177814993,45.004003046594",616281989.0,L,27.0,123.0,41700.0,3001.0
2350,"7520 SILVER LAKE RD, MOUNDS VIEW, MN, 55112",Match,Exact,"7520 SILVER LAKE RD, MOUNDS VIEW, MN, 55112","-93.219225182753,45.104018274292",97633378.0,L,27.0,123.0,41002.0,1000.0
2471,"2151 WAUKON AVE, ST PAUL, MN, 55119",Match,Exact,"2151 WAUKON AVE, SAINT PAUL, MN, 55119","-93.010153660644,44.96714879225",97653640.0,L,27.0,123.0,31802.0,2003.0
2470,"1495 HAMLINE AVE N, ST PAUL, MN, 55108",Match,Exact,"1495 HAMLINE AVE N, SAINT PAUL, MN, 55108","-93.156731815855,44.986247180015",97641750.0,L,27.0,123.0,30201.0,2015.0
2108,"1499 LARPENTEUR AVE W, FALCON HEIGHTS, MN, 55113",Match,Exact,"1499 LARPENTEUR AVE W, FALCON HEIGHTS, MN, 55113","-93.163252260757,44.991848257062",97641043.0,R,27.0,123.0,41900.0,1010.0
2229,"1432 ELDRIDGE AVE W, ROSEVILLE, MN, 55113",Match,Exact,"1432 ELDRIDGE AVE W, ROSEVILLE, MN, 55113","-93.159925190977,45.004390298256",97640942.0,L,27.0,123.0,41800.0,2009.0
2107,"1529 IOWA AVE W, FALCON HEIGHTS, MN, 55108",Match,Non_Exact,"1529 W IOWA AVE, FALCON HEIGHTS, MN, 55108","-93.164460200621,44.989130431165",97640992.0,R,27.0,123.0,41900.0,2006.0
2228,"1380 SHELDON ST, ST PAUL, MN, 55108",Tie,,,,,,,,,
2349,"3277 WOODBRIDGE ST, SHOREVIEW, MN, 55126",Match,Exact,"3277 WOODBRIDGE ST, SHOREVIEW, MN, 55126","-93.109240385096,45.04045121258",97642680.0,L,27.0,123.0,40704.0,3001.0
2106,"951 COUNTY ROAD C2 W, ROSEVILLE, MN, 55113",Match,Exact,"951 CO RD C2 W, ROSEVILLE, MN, 55113","-93.140952864674,45.027934137632",97671369.0,R,27.0,123.0,41500.0,2014.0
2227,"2102 FLORAL DR, WHITE BEAR LAKE, MN, 55110",Match,Exact,"2102 FLORAL DR, WHITE BEAR LAKE, MN, 55110","-93.011784035528,45.065672073656",97637190.0,R,27.0,123.0,40301.0,2011.0
2348,"277 WOODLAWN AVE, ST PAUL, MN, 55105",Match,Exact,"277 WOODLAWN AVE, SAINT PAUL, MN, 55105","-93.196377414489,44.933171548088",639711128.0,R,27.0,123.0,43001.0,5004.0
2469,"1470 SHELDON ST, ST PAUL, MN, 55108",Tie,,,,,,,,,
2105,"1903 BEECHWOOD AVE, ST PAUL, MN, 55116",Match,Exact,"1903 BEECHWOOD AVE, SAINT PAUL, MN, 55116","-93.180804152316,44.915296502835",97645967.0,R,27.0,123.0,37500.0,3000.0
2226,"2085 HAMLINE AVE N, ROSEVILLE, MN, 55113",Match,Exact,"2085 HAMLINE AVE N, ROSEVILLE, MN, 55113","-93.156674011129,45.004320562769",97641630.0,L,27.0,123.0,41800.0,2009.0
2347,"1428 SNELLING AVE N, ST PAUL, MN, 55108",Match,Exact,"1428 SNELLING AVE N, SAINT PAUL, MN, 55108","-93.166857728842,44.983554455216",97641027.0,R,27.0,123.0,30201.0,4007.0
2468,"2050 MANITOU AVE, ST PAUL, MN, 55119",Match,Exact,"2050 MANITOU AVE, SAINT PAUL, MN, 55119","-93.014522241406,44.967943748911",97653594.0,R,27.0,123.0,31802.0,3010.0
2104,"2068 NORTONIA AVE, ST PAUL, MN, 55119",Match,Exact,"2068 NORTONIA AVE, SAINT PAUL, MN, 55119","-93.013704611941,44.965674254945",97653665.0,R,27.0,123.0,31802.0,2014.0
2225,"1836 PHALEN PL N, MAPLEWOOD, MN, 55109",Match,Non_Exact,"1836 PHALEN PL, MAPLEWOOD, MN, 55109","-93.053206222852,44.99682659798",97651054.0,R,27.0,123.0,42302.0,1000.0
2346,"3517 SIEMS CT, ARDEN HILLS, MN, 55112",Match,Exact,"3517 SIEMS CT, ARDEN HILLS, MN, 55112","-93.166666747797,45.047571804685",97639837.0,L,27.0,123.0,40804.0,1007.0
2467,"3522 GLENARDEN RD, ARDEN HILLS, MN, 55112",Match,Exact,"3522 GLENARDEN RD, ARDEN HILLS, MN, 55112","-93.158155794634,45.047695719876",97640246.0,R,27.0,123.0,40804.0,1000.0
2103,"1468 SIMPSON ST, ST PAUL, MN, 55108",Match,Exact,"1468 SIMPSON ST, SAINT PAUL, MN, 55108","-93.163005149968,44.985405083791",97641056.0,R,27.0,123.0,30201.0,2011.0
2224,"2096 IVY ST, NORTH ST PAUL, MN, 55109",Match,Non_Exact,"2096 N IVY ST, NORTH ST PAUL, MN, 55109","-93.003605277658,45.004151375358",97652727.0,R,27.0,123.0,42700.0,5004.0
2345,"2005 KENWOOD DR W, MAPLEWOOD, MN, 55117",Match,Non_Exact,"2005 W KENWOOD DR, MAPLEWOOD, MN, 55117","-93.069986830946,45.001007251278",97649968.0,L,27.0,123.0,42202.0,1012.0
2466,"1471 SIMPSON ST, ST PAUL, MN, 55108",Match,Exact,"1471 SIMPSON ST, SAINT PAUL, MN, 55108","-93.163166006017,44.985495400072",97641056.0,L,27.0,123.0,30201.0,2010.0
2102,"1307 IDAHO AVE W, ST PAUL, MN, 55108",Match,Exact,"1307 IDAHO AVE W, SAINT PAUL, MN, 55108","-93.155105489825,44.990115716158",97641753.0,R,27.0,123.0,30201.0,1002.0
2223,"2096 2ND ST N, NORTH ST PAUL, MN, 55109",Match,Exact,"2096 2ND ST N, NORTH ST PAUL, MN, 55109","-92.998544787768,45.004473405417",639712521.0,R,27.0,123.0,42700.0,5005.0
2344,"977 NEBRASKA AVE W, ST PAUL, MN, 55117",Match,Non_Exact,"977 W NEBRASKA AVE, SAINT PAUL, MN, 55117","-93.141966649268,44.986556888289",97641896.0,R,27.0,123.0,30300.0,4021.0
2465,"7945 LONG LAKE RD, MOUNDS VIEW, MN, 55112",Match,Exact,"7945 LONG LAKE RD, MOUNDS VIEW, MN, 55112","-93.208975998753,45.112527365781",97633416.0,R,27.0,123.0,40901.0,1006.0
2101,"1908 SIMPSON ST, FALCON HEIGHTS, MN, 55113",Match,Exact,"1908 SIMPSON ST, FALCON HEIGHTS, MN, 55113","-93.16287223647,44.998623718341",97640939.0,R,27.0,123.0,41900.0,1004.0
2222,"1385 SKILES LN, ARDEN HILLS, MN, 55112",Match,Exact,"1385 SKILES LN, ARDEN HILLS, MN, 55112","-93.159995724269,45.046561285007",97639864.0,R,27.0,123.0,40804.0,1004.0
2343,"800 PEDERSON ST, ST PAUL, MN, 55119",Match,Non_Exact,"800 PEDERSEN ST, SAINT PAUL, MN, 55119","-93.01264886013,44.965872043689",97653666.0,R,27.0,123.0,31802.0,2006.0
2464,"2649 HILLVIEW RD, MOUNDS VIEW, MN, 55112",Match,Exact,"2649 HILLVIEW RD, MOUNDS VIEW, MN, 55112","-93.21347433671,45.111652260253",97633390.0,R,27.0,123.0,41001.0,1006.0
2109,"8333 KNOLLWOOD DR, MOUNDS VIEW, MN, 55112",Match,Exact,"8333 KNOLLWOOD DR, MOUNDS VIEW, MN, 55112","-93.223077197318,45.12084712197",97633294.0,R,27.0,123.0,41001.0,2002.0
2001,"853 ALGONQUIN AVE, ST PAUL, MN, 55119",Match,Non_Exact,"853 N ALGONQUIN AVE, SAINT PAUL, MN, 55119","-93.017371223327,44.967153123746",97653571.0,L,27.0,123.0,31802.0,3007.0
2122,"1476 PASCAL ST N, ST PAUL, MN, 55108",Match,Exact,"1476 PASCAL ST N, SAINT PAUL, MN, 55108","-93.161699997521,44.986086734178",97641078.0,R,27.0,123.0,30201.0,2012.0
2243,"883 ALGONQUIN AVE, ST PAUL, MN, 55119",Match,Non_Exact,"883 N ALGONQUIN AVE, SAINT PAUL, MN, 55119","-93.018572801537,44.96776643218",97653415.0,L,27.0,123.0,31802.0,3007.0
2364,"7810 EASTWOOD RD, MOUNDS VIEW, MN, 55112",Match,Exact,"7810 EASTWOOD RD, MOUNDS VIEW, MN, 55112","-93.213187628723,45.109977352854",97633392.0,L,27.0,123.0,41001.0,1009.0
2485,"1795 PASCAL ST N, FALCON HEIGHTS, MN, 55113",Match,Non_Exact,"1795 N PASCAL ST, FALCON HEIGHTS, MN, 55113","-93.161777794315,44.995171218195",97640964.0,L,27.0,123.0,41900.0,1008.0
2000,"2339 BELMONT LN E, NORTH ST PAUL, MN, 55109",Match,Non_Exact,"2339 BELMONT LN, NORTH ST PAUL, MN, 55109","-93.002096809586,45.00394995708",619690963.0,L,27.0,123.0,42700.0,5006.0
2121,"1884 FLANDRAU ST N, MAPLEWOOD, MN, 55109",Match,Exact,"1884 FLANDRAU ST N, MAPLEWOOD, MN, 55109","-93.027746554358,44.998110362877",97652965.0,R,27.0,123.0,42402.0,1014.0
2242,"1442 LARPENTEUR AVE W, FALCON HEIGHTS, MN, 55113",Match,Exact,"1442 LARPENTEUR AVE W, FALCON HEIGHTS, MN, 55113","-93.160775732137,44.991751171195",97641058.0,L,27.0,123.0,41900.0,2001.0
2363,"7917 EASTWOOD RD, MOUNDS VIEW, MN, 55112",Match,Exact,"7917 EASTWOOD RD, MOUNDS VIEW, MN, 55112","-93.213055782905,45.111943488466",97633385.0,R,27.0,123.0,41001.0,1011.0
2484,"1772 ELEANOR AVE, ST PAUL, MN, 55116",Match,Non_Exact,"1772 W ELEANOR AVE, SAINT PAUL, MN, 55116","-93.175219015264,44.920610743129",97646004.0,L,27.0,123.0,36400.0,3009.0
2120,"1486 SHELDON ST, ST PAUL, MN, 55108",Tie,,,,,,,,,
2241,"2005 NOKOMIS AVE, ST PAUL, MN, 55119",Match,Exact,"2005 NOKOMIS AVE, SAINT PAUL, MN, 55119","-93.016343926087,44.966071545917",97653583.0,L,27.0,123.0,31802.0,3008.0
2362,"3025 BRONSON DR, MOUNDS VIEW, MN, 55112",Match,Exact,"3025 BRONSON DR, MOUNDS VIEW, MN, 55112","-93.225766107133,45.10416288214",97633572.0,R,27.0,123.0,41002.0,1003.0
2483,"8191 SPRING LAKE RD, MOUNDS VIEW, MN, 55112",Match,Exact,"8191 SPRING LAKE RD, MOUNDS VIEW, MN, 55112","-93.2248765426,45.116538157416",97667015.0,R,27.0,123.0,41001.0,2009.0
2240,"1607 CHELSEA ST, ST PAUL, MN, 55108",Tie,,,,,,,,,
2361,"3577 RUSTIC PL, SHOREVIEW, MN, 55126",Match,Exact,"3577 RUSTIC PL, SHOREVIEW, MN, 55126","-93.108929878612,45.049550965243",97642627.0,L,27.0,123.0,40704.0,5003.0
2482,"3211 WOODBRIDGE ST, SHOREVIEW, MN, 55126",Match,Exact,"3211 WOODBRIDGE ST, SHOREVIEW, MN, 55126","-93.108918216173,45.038617827437",619830508.0,L,27.0,123.0,40704.0,3001.0
2360,"1521 HOLTON ST, ST PAUL, MN, 55108",Match,Non_Exact,"1521 N HOLTON ST, SAINT PAUL, MN, 55108","-93.160596780721,44.986796292833",97641075.0,L,27.0,123.0,30201.0,2004.0
2481,"773 NEBRASKA AVE W, ST PAUL, MN, 55117",Match,Non_Exact,"773 W NEBRASKA AVE, SAINT PAUL, MN, 55117","-93.132471030737,44.986478397881",97641969.0,R,27.0,123.0,30300.0,1031.0
2480,"1624 HAMLINE AVE N, ST PAUL, MN, 55108",Match,Exact,"1624 HAMLINE AVE N, SAINT PAUL, MN, 55108","-93.156501988232,44.99015370139",97641738.0,R,27.0,123.0,30201.0,1004.0
2119,"7655 SPRING LAKE RD, MOUNDS VIEW, MN, 55112",Match,Exact,"7655 SPRING LAKE RD, MOUNDS VIEW, MN, 55112","-93.225031166158,45.106520325953",97633321.0,R,27.0,123.0,41002.0,1002.0
2118,"1379 MIDWAY PKWY, ST PAUL, MN, 55108",No_Match,,,,,,,,,
2239,"1595 CHELSEA ST, ST PAUL, MN, 55108",Tie,,,,,,,,,
2117,"1422 LARPENTEUR AVE W, FALCON HEIGHTS, MN, 55113",Match,Exact,"1422 LARPENTEUR AVE W, FALCON HEIGHTS, MN, 55113","-93.159936998801,44.991757048097",97641061.0,L,27.0,123.0,41900.0,2001.0
2238,"7855 GREENWOOD DR, MOUNDS VIEW, MN, 55112",Match,Exact,"7855 GREENWOOD DR, MOUNDS VIEW, MN, 55112","-93.210994057524,45.110806805194",97633398.0,R,27.0,123.0,41001.0,1013.0
2359,"1837 ROME AVE, ST PAUL, MN, 55116",Match,Non_Exact,"1837 W ROME AVE, SAINT PAUL, MN, 55116","-93.178004753008,44.913508415028",97646057.0,R,27.0,123.0,37500.0,3008.0
2116,"8004 RED OAK DR, MOUNDS VIEW, MN, 55112",Match,Exact,"8004 RED OAK DR, MOUNDS VIEW, MN, 55112","-93.21733660584,45.113996427216",97633360.0,L,27.0,123.0,41001.0,2011.0
2237,"2030 NOKOMIS AVE, ST PAUL, MN, 55119",Match,Exact,"2030 NOKOMIS AVE, SAINT PAUL, MN, 55119","-93.015165944718,44.966235352553",97653599.0,R,27.0,123.0,31802.0,3011.0
2358,"2133 COUNTY ROAD F E, WHITE BEAR LAKE, MN, 55110",Match,Non_Exact,"2133 E CO RD F, WHITE BEAR LAKE, MN, 55110","-93.010599427371,45.064742314429",97637194.0,L,27.0,123.0,40301.0,2011.0
2479,"1559 ARONA ST, ST PAUL, MN, 55108",Match,Non_Exact,"1559 N ARONA ST, SAINT PAUL, MN, 55108","-93.164414319668,44.987417813572",97641050.0,L,27.0,123.0,30201.0,2007.0
2115,"1247 IDAHO AVE W, ST PAUL, MN, 55108",Match,Exact,"1247 IDAHO AVE W, SAINT PAUL, MN, 55108","-93.152530890185,44.99015152193",97641787.0,R,27.0,123.0,30201.0,1002.0
2236,"1881 PASCAL ST N, FALCON HEIGHTS, MN, 55113",Match,Non_Exact,"1881 N PASCAL ST, FALCON HEIGHTS, MN, 55113","-93.161777800176,44.997417964839",97640945.0,L,27.0,123.0,41900.0,1004.0
2357,"3595 RICE ST, SHOREVIEW, MN, 55126",Match,Exact,"3595 RICE ST, SHOREVIEW, MN, 55126","-93.106373598228,45.050169209163",639300396.0,L,27.0,123.0,40704.0,5004.0
2478,"457 WAGNER ST, ROSEVILLE, MN, 55113",Match,Non_Exact,"457 WAGNER AVE, ROSEVILLE, MN, 55113","-93.119121476661,44.995457143592",647909581.0,R,27.0,123.0,41602.0,3000.0
2114,"1804 FLANDRAU ST N, MAPLEWOOD, MN, 55109",Match,Exact,"1804 FLANDRAU ST N, MAPLEWOOD, MN, 55109","-93.027748715328,44.996392579754",97652965.0,R,27.0,123.0,42402.0,1014.0
2235,"3584 RUSTIC PL, SHOREVIEW, MN, 55126",Match,Exact,"3584 RUSTIC PL, SHOREVIEW, MN, 55126","-93.108767688693,45.04980977406",97642627.0,R,27.0,123.0,40704.0,5004.0
2356,"1745 ST MARYS ST, FALCON HEIGHTS, MN, 55113",Match,Exact,"1745 ST MARY'S ST, FALCON HEIGHTS, MN, 55113","-93.168929931777,44.994173062049",97640907.0,L,27.0,123.0,41900.0,3006.0
2477,"7933 FAIRCHILD AVE, MOUNDS VIEW, MN, 55112",Match,Exact,"7933 FAIRCHILD AVE, MOUNDS VIEW, MN, 55112","-93.219123692786,45.112111143403",97633359.0,R,27.0,123.0,41001.0,2011.0
2113,"1616 SANDHURST AVE E, MAPLEWOOD, MN, 55109",Match,Exact,"1616 SANDHURST AVE E, MAPLEWOOD, MN, 55109","-93.032160393385,45.007278690461",97652156.0,R,27.0,123.0,42402.0,2015.0
2234,"317 WOODLAWN AVE, ST PAUL, MN, 55105",Match,Exact,"317 WOODLAWN AVE, SAINT PAUL, MN, 55105","-93.196558303481,44.931876833763",97639384.0,R,27.0,123.0,43001.0,5011.0
2355,"1437 CALIFORNIA AVE W, FALCON HEIGHTS, MN, 55108",Match,Non_Exact,"1437 CALIFORNIA AVE, FALCON HEIGHTS, MN, 55108","-93.160672481329,44.99094860441",97641060.0,R,27.0,123.0,41900.0,2012.0
2476,"3419 GLENARDEN RD, ARDEN HILLS, MN, 55112",Match,Exact,"3419 GLENARDEN RD, ARDEN HILLS, MN, 55112","-93.159003754571,45.044194285283",97662208.0,L,27.0,123.0,40804.0,1001.0
2112,"1776 ST MARYS ST, FALCON HEIGHTS, MN, 55113",Match,Exact,"1776 ST MARY'S ST, FALCON HEIGHTS, MN, 55113","-93.16875947943,44.994695785283",97640907.0,R,27.0,123.0,41900.0,3022.0
2233,"2008 NOKOMIS AVE, ST PAUL, MN, 55119",Match,Exact,"2008 NOKOMIS AVE, SAINT PAUL, MN, 55119","-93.016095787024,44.966010266174",97653583.0,R,27.0,123.0,31802.0,3014.0
2354,"7620 GROVELAND RD, MOUNDS VIEW, MN, 55112",Match,Exact,"7620 GROVELAND RD, MOUNDS VIEW, MN, 55112","-93.221138462095,45.106384867702",97633370.0,L,27.0,123.0,41002.0,1001.0
2475,"1553 ARDEN PL, ARDEN HILLS, MN, 55112",Match,Exact,"1553 ARDEN PL, ARDEN HILLS, MN, 55112","-93.165752460151,45.046765541563",97639840.0,R,27.0,123.0,40804.0,1006.0
2012,"2917 BRONSON DR, MOUNDS VIEW, MN, 55112",Match,Exact,"2917 BRONSON DR, MOUNDS VIEW, MN, 55112","-93.223424400848,45.104208402395",97633575.0,R,27.0,123.0,41002.0,1002.0
2133,"1480 ARONA ST, ST PAUL, MN, 55108",Tie,,,,,,,,,
2254,"1539 CHELSEA ST, ST PAUL, MN, 55108",Match,Non_Exact,"1539 N CHELSEA ST, SAINT PAUL, MN, 55108","-93.154101360987,44.987618135233",97641759.0,L,27.0,123.0,30201.0,2000.0
2375,"2000 KENWOOD DR W, MAPLEWOOD, MN, 55117",Match,Non_Exact,"2000 W KENWOOD DR, MAPLEWOOD, MN, 55117","-93.06982477212,45.000823285412",97649968.0,R,27.0,123.0,42202.0,1017.0
2496,"1890 BOHLAND AVE, ST PAUL, MN, 55116",Match,Exact,"1890 BOHLAND AVE, SAINT PAUL, MN, 55116","-93.180284649347,44.916098257392",97645966.0,L,27.0,123.0,37500.0,3000.0
2011,"467 MOUNT CURVE BLVD, ST PAUL, MN, 55105",Match,Exact,"467 MOUNT CURVE BLVD, SAINT PAUL, MN, 55105","-93.193690625267,44.92792300019",97639410.0,R,27.0,123.0,43001.0,5009.0
2132,"1824 ASBURY ST, FALCON HEIGHTS, MN, 55113",Match,Non_Exact,"1824 N ASBURY ST, FALCON HEIGHTS, MN, 55113","-93.1654034476,44.995906131735",97640917.0,R,27.0,123.0,41900.0,3018.0
2253,"976 MILLWOOD AVE, ROSEVILLE, MN, 55113",Match,Exact,"976 MILLWOOD AVE, ROSEVILLE, MN, 55113","-93.141307024211,45.029804132311",649686881.0,L,27.0,123.0,41500.0,2014.0
2374,"2027 COTTAGE AVE E, ST PAUL, MN, 55119",Match,Non_Exact,"2027 E COTTAGE AVE, SAINT PAUL, MN, 55119","-93.014817631251,44.982986195071",97653282.0,L,27.0,123.0,30702.0,1007.0
2495,"6945 KNOLLWOOD DR, MOUNDS VIEW, MN, 55112",Match,Exact,"6945 KNOLLWOOD DR, MOUNDS VIEW, MN, 55112","-93.222050377794,45.094098331573",97633654.0,R,27.0,123.0,41002.0,1012.0
2010,"1141 TRANSIT AVE, ROSEVILLE, MN, 55113",Match,Exact,"1141 TRANSIT AVE, ROSEVILLE, MN, 55113","-93.14799149785,45.015440860954",97640602.0,R,27.0,123.0,41400.0,2009.0
2131,"1695 HOLTON ST, FALCON HEIGHTS, MN, 55113",Match,Exact,"1695 HOLTON ST, FALCON HEIGHTS, MN, 55113","-93.160495293419,44.993531527157",97640966.0,L,27.0,123.0,41900.0,1011.0
2252,"1541 EDGCUMBE RD, ST PAUL, MN, 55116",Match,Exact,"1541 EDGCUMBE RD, SAINT PAUL, MN, 55116","-93.151363771422,44.918275612404",97647024.0,R,27.0,123.0,36600.0,1011.0
2373,"3564 SNELLING AVE N, ARDEN HILLS, MN, 55112",Match,Exact,"3564 SNELLING AVE N, ARDEN HILLS, MN, 55112","-93.162389299745,45.04763108167",97639859.0,R,27.0,123.0,40804.0,1003.0
2494,"7489 SPRING LAKE RD, MOUNDS VIEW, MN, 55112",Match,Exact,"7489 SPRING LAKE RD, MOUNDS VIEW, MN, 55112","-93.224958001708,45.10388800173",97633574.0,R,27.0,123.0,41002.0,1005.0
2130,"7869 GREENWOOD DR, MOUNDS VIEW, MN, 55112",Match,Exact,"7869 GREENWOOD DR, MOUNDS VIEW, MN, 55112","-93.2109980635,45.111055794168",97633398.0,R,27.0,123.0,41001.0,1013.0
2251,"10 MID OAKS LN, ROSEVILLE, MN, 55113",Match,Exact,"10 MID OAKS LN, ROSEVILLE, MN, 55113","-93.168310740544,44.999435616274",97662234.0,R,27.0,123.0,41301.0,1015.0
2372,"1539 HOYT AVE W, FALCON HEIGHTS, MN, 55108",Match,Exact,"1539 HOYT AVE W, FALCON HEIGHTS, MN, 55108","-93.165278935399,44.98821654559",97641001.0,R,27.0,123.0,41900.0,2018.0
2493,"1929 MINNEHAHA AVE E, ST PAUL, MN, 55119",Match,Exact,"1929 MINNEHAHA AVE E, SAINT PAUL, MN, 55119","-93.018863589436,44.963130388475",97653520.0,L,27.0,123.0,31802.0,3017.0
2250,"2507 COUNTY ROAD H W, NEW BRIGHTON, MN, 55112",Match,Non_Exact,"2507 W CO RD I, NEW BRIGHTON, MN, 55112","-93.207116463227,45.10811227934",97633432.0,R,27.0,123.0,40901.0,1007.0
2371,"1432 ALBERT ST N, ST PAUL, MN, 55108",Match,Exact,"1432 ALBERT ST N, SAINT PAUL, MN, 55108","-93.159165084715,44.984416863675",97641119.0,R,27.0,123.0,30201.0,4001.0
2492,"1676 SANDHURST AVE E, MAPLEWOOD, MN, 55109",Match,Exact,"1676 SANDHURST AVE E, MAPLEWOOD, MN, 55109","-93.029994487202,45.007278690311",97652158.0,R,27.0,123.0,42402.0,2016.0
2370,"1423 SIMPSON ST, ST PAUL, MN, 55108",Match,Exact,"1423 SIMPSON ST, SAINT PAUL, MN, 55108","-93.16317034584,44.984079034392",97641092.0,L,27.0,123.0,30201.0,4005.0
2491,"3450 SIEMS CT, ARDEN HILLS, MN, 55112",Match,Exact,"3450 SIEMS CT, ARDEN HILLS, MN, 55112","-93.166679464275,45.046043411812",97639839.0,R,27.0,123.0,40804.0,1007.0
2490,"1490 LARPENTEUR AVE W, FALCON HEIGHTS, MN, 55113",Match,Exact,"1490 LARPENTEUR AVE W, FALCON HEIGHTS, MN, 55113","-93.163008793703,44.991735392742",97641043.0,L,27.0,123.0,41900.0,2002.0
2009,"1593 JUNO AVE, ST PAUL, MN, 55116",Match,Non_Exact,"1593 W JUNO AVE, SAINT PAUL, MN, 55116","-93.168695405352,44.926147207152",97646154.0,R,27.0,123.0,36400.0,2000.0
2008,"7006 PLEASANT VIEW DR, MOUNDS VIEW, MN, 55112",Match,Exact,"7006 PLEASANT VIEW DR, MOUNDS VIEW, MN, 55112","-93.226517056973,45.095190159528",97633581.0,L,27.0,123.0,41002.0,1009.0
2129,"2915 BRONSON DR, MOUNDS VIEW, MN, 55112",Match,Exact,"2915 BRONSON DR, MOUNDS VIEW, MN, 55112","-93.223386845745,45.10420907754",97633575.0,R,27.0,123.0,41002.0,1002.0
2007,"1459 SIMPSON ST, ST PAUL, MN, 55108",Match,Exact,"1459 SIMPSON ST, SAINT PAUL, MN, 55108","-93.163170500691,44.985146617017",97641056.0,L,27.0,123.0,30201.0,2010.0
2128,"1466 SKILES LN, ARDEN HILLS, MN, 55112",Match,Exact,"1466 SKILES LN, ARDEN HILLS, MN, 55112","-93.162910617268,45.04624954128",97639866.0,L,27.0,123.0,40804.0,1007.0
2249,"7946 EASTWOOD RD, MOUNDS VIEW, MN, 55112",Match,Exact,"7946 EASTWOOD RD, MOUNDS VIEW, MN, 55112","-93.21322629348,45.112475869992",97633385.0,L,27.0,123.0,41001.0,1006.0
2006,"1710 FLANDRAU ST N, MAPLEWOOD, MN, 55109",Match,Exact,"1710 FLANDRAU ST N, MAPLEWOOD, MN, 55109","-93.027751254467,44.994374184586",97652965.0,R,27.0,123.0,42402.0,1014.0
2127,"3033 BRONSON DR, MOUNDS VIEW, MN, 55112",Match,Exact,"3033 BRONSON DR, MOUNDS VIEW, MN, 55112","-93.225979146432,45.104158040352",97633572.0,R,27.0,123.0,41002.0,1003.0
2248,"7405 SPRING LAKE RD, MOUNDS VIEW, MN, 55112",Match,Exact,"7405 SPRING LAKE RD, MOUNDS VIEW, MN, 55112","-93.224932119008,45.102397885551",97633574.0,R,27.0,123.0,41002.0,1005.0
2369,"327 WOODLAWN AVE, ST PAUL, MN, 55105",Match,Exact,"327 WOODLAWN AVE, SAINT PAUL, MN, 55105","-93.196426469514,44.931609045895",97639384.0,R,27.0,123.0,43001.0,5011.0
2005,"6951 KNOLLWOOD DR, MOUNDS VIEW, MN, 55112",Match,Exact,"6951 KNOLLWOOD DR, MOUNDS VIEW, MN, 55112","-93.222051490996,45.094200005379",97633654.0,R,27.0,123.0,41002.0,1012.0
2126,"937 GLENDON ST N, MAPLEWOOD, MN, 55119",Match,Exact,"937 GLENDON ST N, MAPLEWOOD, MN, 55119","-92.991234080601,44.970024164216",97654046.0,L,27.0,123.0,42501.0,4007.0
2247,"1963 STILLWATER AVE, ST PAUL, MN, 55119",Match,Exact,"1963 STILLWATER AVE, SAINT PAUL, MN, 55119","-93.017564654552,44.968695865704",97653569.0,L,27.0,123.0,31802.0,1013.0
2368,"1706 PASCAL ST N, FALCON HEIGHTS, MN, 55113",Match,Non_Exact,"1706 N PASCAL ST, FALCON HEIGHTS, MN, 55113","-93.161618010066,44.99233282563",97640970.0,R,27.0,123.0,41900.0,1011.0
2489,"1594 FERNWOOD ST, ST PAUL, MN, 55108",Tie,,,,,,,,,
2004,"1408 IOWA AVE W, FALCON HEIGHTS, MN, 55108",Match,Non_Exact,"1408 W IOWA AVE, FALCON HEIGHTS, MN, 55108","-93.159588066191,44.989058478699",97641064.0,L,27.0,123.0,41900.0,2016.0
2125,"1503 LARPENTEUR AVE W, FALCON HEIGHTS, MN, 55113",Match,Exact,"1503 LARPENTEUR AVE W, FALCON HEIGHTS, MN, 55113","-93.163415500344,44.991847095226",97641043.0,R,27.0,123.0,41900.0,1010.0
2246,"8059 RED OAK DR, MOUNDS VIEW, MN, 55112",Match,Exact,"8059 RED OAK DR, MOUNDS VIEW, MN, 55112","-93.217183984779,45.114635806344",97633360.0,R,27.0,123.0,41001.0,1007.0
2367,"7939 PLEASANT VIEW DR, SPRING LAKE PARK, MN, 55432",Match,Exact,"7939 PLEASANT VIEW DR, SPRING LAKE PARK, MN, 55432","-93.22775671922,45.112116751878",616654679.0,R,27.0,123.0,41001.0,2015.0
2488,"207 ST MARIE ST, SHOREVIEW, MN, 55126",Match,Exact,"207 ST MARIE ST, SHOREVIEW, MN, 55126","-93.108767683957,45.050377280889",97642626.0,R,27.0,123.0,40704.0,5003.0
2003,"496 MONTROSE LN, ST PAUL, MN, 55116",Match,Exact,"496 MONTROSE LN, SAINT PAUL, MN, 55116","-93.193508826044,44.925855249836",97639528.0,L,27.0,123.0,43001.0,3000.0
2124,"2017 BEACON ST, ROSEVILLE, MN, 55113",Match,Exact,"2017 BEACON ST, ROSEVILLE, MN, 55113","-93.175682093435,45.001518795793",97640803.0,L,27.0,123.0,41301.0,1020.0
2245,"1847 MONTREAL AVE, ST PAUL, MN, 55116",Match,Non_Exact,"1847 W MONTREAL AVE, SAINT PAUL, MN, 55116","-93.178497590079,44.912584385297",97646044.0,R,27.0,123.0,37500.0,3010.0
2366,"7090 SILVER LAKE RD, MOUNDS VIEW, MN, 55112",No_Match,,,,,,,,,
2487,"1373 MCKINLEY ST, ST PAUL, MN, 55108",Match,Non_Exact,"1373 W MCKINLEY ST, SAINT PAUL, MN, 55108","-93.160496305727,44.983419529926",97641118.0,L,27.0,123.0,30201.0,4003.0
2002,"1609 COUNTY ROAD B E, MAPLEWOOD, MN, 55109",Match,Exact,"1609 CO RD B E, MAPLEWOOD, MN, 55109","-93.032476001024,45.006482230497",97649927.0,L,27.0,123.0,42402.0,2015.0
2123,"505 HILLTOP AVE, ROSEVILLE, MN, 55113",Match,Non_Exact,"505 W HILLTOP AVE, ROSEVILLE, MN, 55113","-93.120504626367,44.997209573817",97643552.0,R,27.0,123.0,41602.0,3000.0
2244,"1797 FLANDRAU ST N, MAPLEWOOD, MN, 55109",Match,Exact,"1797 FLANDRAU ST N, MAPLEWOOD, MN, 55109","-93.027910933012,44.996246565394",97652965.0,L,27.0,123.0,42402.0,1013.0
2365,"2096 5TH ST E, ST PAUL, MN, 55119",Match,Non_Exact,"2096 E 5TH ST, SAINT PAUL, MN, 55119","-93.012000246725,44.959405506795",97653729.0,R,27.0,123.0,34702.0,4007.0
2486,"1460 SHELDON ST, ST PAUL, MN, 55108",Tie,,,,,,,,,
2023,"1331 ARLINGTON AVE W, ST PAUL, MN, 55108",Match,Exact,"1331 ARLINGTON AVE W, SAINT PAUL, MN, 55108","-93.156215062548,44.984680476011",97641769.0,R,27.0,123.0,30201.0,2016.0
2144,"913 JORDAN AVE, ST PAUL, MN, 55119",Match,Non_Exact,"913 N JORDAN AVE, SAINT PAUL, MN, 55119","-93.018257785892,44.968966083218",97653408.0,L,27.0,123.0,31802.0,1011.0
2265,"1420 PASCAL ST N, ST PAUL, MN, 55108",Match,Exact,"1420 PASCAL ST N, SAINT PAUL, MN, 55108","-93.1617316347,44.984013966942",97641094.0,R,27.0,123.0,30201.0,4003.0
2386,"1491 CHELSEA ST, ST PAUL, MN, 55108",Match,Non_Exact,"1491 N CHELSEA ST, SAINT PAUL, MN, 55108","-93.154121432945,44.986300748998",97641764.0,L,27.0,123.0,30201.0,2017.0
2022,"2833 BRONSON DR, MOUNDS VIEW, MN, 55112",Match,Exact,"2833 BRONSON DR, MOUNDS VIEW, MN, 55112","-93.221335131718,45.104246995875",97633635.0,R,27.0,123.0,41002.0,1001.0
2143,"1483 PASCAL ST N, ST PAUL, MN, 55108",Match,Exact,"1483 PASCAL ST N, SAINT PAUL, MN, 55108","-93.161865141374,44.985855159173",97641110.0,L,27.0,123.0,30201.0,2011.0
2264,"1288 SHRYER AVE W, ROSEVILLE, MN, 55113",Match,Exact,"1288 SHRYER AVE W, ROSEVILLE, MN, 55113","-93.154449940735,45.001755681243",97641637.0,L,27.0,123.0,41800.0,3022.0
2385,"1523 HOLTON ST, ST PAUL, MN, 55108",Match,Non_Exact,"1523 N HOLTON ST, SAINT PAUL, MN, 55108","-93.160596608678,44.98683087261",97641075.0,L,27.0,123.0,30201.0,2004.0
2021,"3580 SNELLING AVE N, ARDEN HILLS, MN, 55112",Match,Exact,"3580 SNELLING AVE N, ARDEN HILLS, MN, 55112","-93.162413149427,45.047680949211",97639859.0,R,27.0,123.0,40804.0,1003.0
2142,"3205 WOODBRIDGE ST, SHOREVIEW, MN, 55126",Match,Exact,"3205 WOODBRIDGE ST, SHOREVIEW, MN, 55126","-93.108771327147,45.038272346941",619830508.0,L,27.0,123.0,40704.0,3001.0
2263,"1598 SOUTH RIDGEWOOD LN W, ROSEVILLE, MN, 55113",Match,Non_Exact,"1598 RIDGEWOOD LN S, ROSEVILLE, MN, 55113","-93.168764007686,45.001146591278",97640888.0,L,27.0,123.0,41301.0,1015.0
2384,"1998 NORTONIA AVE, ST PAUL, MN, 55119",Match,Exact,"1998 NORTONIA AVE, SAINT PAUL, MN, 55119","-93.016228482651,44.965238250232",97653657.0,R,27.0,123.0,31802.0,3015.0
2020,"1422 IDAHO AVE W, FALCON HEIGHTS, MN, 55108",Match,Non_Exact,"1422 W IDAHO AVE, FALCON HEIGHTS, MN, 55108","-93.16012821656,44.989952579709",97641063.0,L,27.0,123.0,41900.0,2008.0
2141,"2002 NORTONIA AVE, ST PAUL, MN, 55119",Match,Exact,"2002 NORTONIA AVE, SAINT PAUL, MN, 55119","-93.016042018611,44.965283148199",97653657.0,R,27.0,123.0,31802.0,3015.0
2262,"755 PARKVIEW AVE, ST PAUL, MN, 55117",Match,Non_Exact,"755 W PARKVIEW AVE, SAINT PAUL, MN, 55117","-93.131919936044,44.983753241969",97641984.0,R,27.0,123.0,30300.0,2002.0
2383,"2139 4TH ST E, ST PAUL, MN, 55119",Match,Non_Exact,"2139 E 4TH ST, SAINT PAUL, MN, 55119","-93.010308378761,44.958604287461",97653731.0,L,27.0,123.0,34702.0,4007.0
2140,"1576 FERNWOOD ST, ST PAUL, MN, 55108",Tie,,,,,,,,,
2261,"8051 EASTWOOD RD, MOUNDS VIEW, MN, 55112",Match,Exact,"8051 EASTWOOD RD, MOUNDS VIEW, MN, 55112","-93.213092171656,45.114326973735",97633385.0,R,27.0,123.0,41001.0,1011.0
2382,"744 COTTAGE AVE W, ST PAUL, MN, 55117",Match,Exact,"744 COTTAGE AVE W, SAINT PAUL, MN, 55117","-93.13056839884,44.982676418647",97643453.0,L,27.0,123.0,30300.0,2010.0
2260,"2057 GIESMANN ST, ROSEVILLE, MN, 55113",Match,Exact,"2057 GIESMANN ST, ROSEVILLE, MN, 55113","-93.112823531385,45.003322445683",97662289.0,L,27.0,123.0,41602.0,2014.0
2381,"7860 GREENWOOD DR, MOUNDS VIEW, MN, 55112",Match,Exact,"7860 GREENWOOD DR, MOUNDS VIEW, MN, 55112","-93.211158126953,45.110912213636",97633398.0,L,27.0,123.0,41001.0,1010.0
2380,"781 IVY AVE W, ST PAUL, MN, 55117",Match,Exact,"781 IVY AVE W, SAINT PAUL, MN, 55117","-93.133122183274,44.981062682933",97641996.0,R,27.0,123.0,30300.0,2008.0
2019,"883 RUTH ST N, ST PAUL, MN, 55119",Match,Exact,"883 RUTH ST N, SAINT PAUL, MN, 55119","-93.015973864217,44.966369727684",97653581.0,L,27.0,123.0,31802.0,3008.0
2018,"1373 SKILES LN, ARDEN HILLS, MN, 55112",Match,Exact,"1373 SKILES LN, ARDEN HILLS, MN, 55112","-93.159754029965,45.04656128499",97639864.0,R,27.0,123.0,40804.0,1004.0
2139,"1791 FLANDRAU ST N, MAPLEWOOD, MN, 55109",Match,Exact,"1791 FLANDRAU ST N, MAPLEWOOD, MN, 55109","-93.027911096073,44.996116946088",97652965.0,L,27.0,123.0,42402.0,1013.0
2017,"1347 SUMNER ST, ST PAUL, MN, 55116",Match,Exact,"1347 SUMNER ST, SAINT PAUL, MN, 55116","-93.183643323271,44.900839663879",97647309.0,R,27.0,123.0,37601.0,2007.0
2138,"1871 FLANDRAU ST N, MAPLEWOOD, MN, 55109",Match,Exact,"1871 FLANDRAU ST N, MAPLEWOOD, MN, 55109","-93.027908921927,44.997845203498",97652965.0,L,27.0,123.0,42402.0,1013.0
2259,"888 IROQUOIS AVE, ST PAUL, MN, 55119",Match,Exact,"888 IROQUOIS AVE, SAINT PAUL, MN, 55119","-93.016299888654,44.968383635769",97653570.0,R,27.0,123.0,31802.0,3004.0
2016,"405 WOODRUFF AVE, ROSEVILLE, MN, 55113",Match,Exact,"405 WOODRUFF AVE, ROSEVILLE, MN, 55113","-93.118790155134,44.997134073383",97643553.0,R,27.0,123.0,41602.0,3003.0
2137,"2106 SHERWOOD AVE, ST PAUL, MN, 55119",Match,Exact,"2106 SHERWOOD AVE, SAINT PAUL, MN, 55119","-93.013524129762,44.983776372684",97653280.0,R,27.0,123.0,30702.0,1007.0
2258,"1949 MINNEHAHA AVE E, ST PAUL, MN, 55119",Match,Exact,"1949 MINNEHAHA AVE E, SAINT PAUL, MN, 55119","-93.018046079585,44.963128587735",97653520.0,L,27.0,123.0,31802.0,3017.0
2379,"1375 SIMPSON ST, ST PAUL, MN, 55108",Match,Exact,"1375 SIMPSON ST, SAINT PAUL, MN, 55108","-93.163189908579,44.982787905235",97641092.0,L,27.0,123.0,30201.0,4005.0
2015,"7565 KNOLLWOOD DR, MOUNDS VIEW, MN, 55112",Match,Exact,"7565 KNOLLWOOD DR, MOUNDS VIEW, MN, 55112","-93.222975848106,45.10534824807",97633327.0,R,27.0,123.0,41002.0,1001.0
2136,"7501 GROVELAND RD, MOUNDS VIEW, MN, 55112",Match,Exact,"7501 GROVELAND RD, MOUNDS VIEW, MN, 55112","-93.220942055619,45.104137777865",97633637.0,R,27.0,123.0,41002.0,1000.0
2257,"1730 KENNARD ST N, MAPLEWOOD, MN, 55109",Match,Non_Exact,"1730 N KENNARD ST, MAPLEWOOD, MN, 55109","-93.030257166648,44.993822616729",97652975.0,R,27.0,123.0,42402.0,1013.0
2378,"2577 COUNTY ROAD H W, NEW BRIGHTON, MN, 55112",Match,Non_Exact,"2577 W CO RD I, NEW BRIGHTON, MN, 55112","-93.210375592978,45.108081695313",97633402.0,R,27.0,123.0,41001.0,1013.0
2499,"1372 ASBURY ST, ST PAUL, MN, 55108",Tie,,,,,,,,,
2014,"2211 GARDENETTE DR N, WHITE BEAR LAKE, MN, 55110",Match,Exact,"2211 GARDENETTE DR N, WHITE BEAR LAKE, MN, 55110","-93.00856227609,45.06775830423",97637241.0,L,27.0,123.0,40301.0,2014.0
2135,"1700 PASCAL ST N, FALCON HEIGHTS, MN, 55113",Match,Non_Exact,"1700 N PASCAL ST, FALCON HEIGHTS, MN, 55113","-93.161620017354,44.991859121141",97640970.0,R,27.0,123.0,41900.0,1011.0
2256,"780 HOYT AVE W, ST PAUL, MN, 55117",Match,Exact,"780 HOYT AVE W, SAINT PAUL, MN, 55117","-93.132948427729,44.988185971883",97641965.0,L,27.0,123.0,30300.0,1020.0
2377,"940 JORDAN AVE, ST PAUL, MN, 55119",Match,Non_Exact,"940 N JORDAN AVE, SAINT PAUL, MN, 55119","-93.017835885422,44.9694605383",97653558.0,R,27.0,123.0,31802.0,1010.0
2498,"1418 IOWA AVE W, FALCON HEIGHTS, MN, 55108",Match,Non_Exact,"1418 W IOWA AVE, FALCON HEIGHTS, MN, 55108","-93.15998556479,44.98905426496",97641064.0,L,27.0,123.0,41900.0,2016.0
2013,"1560 HOLTON ST, ST PAUL, MN, 55108",Match,Non_Exact,"1560 N HOLTON ST, SAINT PAUL, MN, 55108","-93.160433989317,44.986951498598",97641075.0,R,27.0,123.0,30201.0,2003.0
2134,"1575 MERRILL ST, ST PAUL, MN, 55108",Tie,,,,,,,,,
2255,"1421 HAMLINE AVE N, ST PAUL, MN, 55108",Match,Exact,"1421 HAMLINE AVE N, SAINT PAUL, MN, 55108","-93.156770588799,44.984048790927",97641768.0,L,27.0,123.0,30201.0,4000.0
2376,"1582 SNELLING DR, FALCON HEIGHTS, MN, 55108",Match,Non_Exact,"1582 N SNELLING DR, FALCON HEIGHTS, MN, 55108","-93.166262334601,44.990253573379",652844815.0,R,27.0,123.0,41900.0,2003.0
2497,"1987 STILLWATER AVE, ST PAUL, MN, 55119",Match,Exact,"1987 STILLWATER AVE, SAINT PAUL, MN, 55119","-93.016551027181,44.968937650721",97653569.0,L,27.0,123.0,31802.0,1013.0
2034,"2948 SPRINGVIEW LN, MOUNDS VIEW, MN, 55112",Match,Non_Exact,"2948 SPRINGVIEW LN NE, MOUNDS VIEW, MN, 55112","-93.223067557515,45.094464243219",97633584.0,L,27.0,123.0,41002.0,1010.0
2155,"7515 KNOLLWOOD DR, MOUNDS VIEW, MN, 55112",Match,Exact,"7515 KNOLLWOOD DR, MOUNDS VIEW, MN, 55112","-93.222963744121,45.104463547706",97633327.0,R,27.0,123.0,41002.0,1001.0
2276,"0 STERLING ST N, MAPLEWOOD, MN, 55119",No_Match,,,,,,,,,
2397,"1360 IOWA AVE W, FALCON HEIGHTS, MN, 55108",Match,Non_Exact,"1360 W IOWA AVE, FALCON HEIGHTS, MN, 55108","-93.158167979059,44.989069810743",97641742.0,L,27.0,123.0,41900.0,2017.0
2033,"1790 SIMPSON ST, FALCON HEIGHTS, MN, 55113",Match,Exact,"1790 SIMPSON ST, FALCON HEIGHTS, MN, 55113","-93.162881074817,44.994937728592",97640956.0,R,27.0,123.0,41900.0,1008.0
2154,"1555 IOWA AVE W, FALCON HEIGHTS, MN, 55108",Match,Non_Exact,"1555 W IOWA AVE, FALCON HEIGHTS, MN, 55108","-93.164921875557,44.989124801014",97640992.0,R,27.0,123.0,41900.0,2006.0
2275,"6926 KNOLLWOOD DR, MOUNDS VIEW, MN, 55112",Match,Exact,"6926 KNOLLWOOD DR, MOUNDS VIEW, MN, 55112","-93.222207779401,45.093648559491",97633654.0,L,27.0,123.0,41002.0,1010.0
2396,"2037 ALAMEDA ST, ROSEVILLE, MN, 55113",Match,Exact,"2037 ALAMEDA ST, ROSEVILLE, MN, 55113","-93.130250815022,45.002495358841",97643364.0,L,27.0,123.0,41700.0,4000.0
2032,"4151 MCKNIGHT RD N, WHITE BEAR LAKE, MN, 55110",Match,Exact,"4151 MCKNIGHT RD N, WHITE BEAR LAKE, MN, 55110","-93.005280905067,45.066693007784",97637244.0,L,27.0,123.0,40301.0,2015.0
2153,"940 BURKE AVE W, ROSEVILLE, MN, 55113",Match,Non_Exact,"940 W BURKE AVE, ROSEVILLE, MN, 55113","-93.141582868858,45.005392435163",97640650.0,L,27.0,123.0,41700.0,3000.0
2274,"1357 HOYT AVE W, FALCON HEIGHTS, MN, 55108",Match,Exact,"1357 HOYT AVE W, FALCON HEIGHTS, MN, 55108","-93.157605268904,44.988279428101",97641747.0,R,27.0,123.0,41900.0,2017.0
2395,"1733 FLANDRAU ST N, MAPLEWOOD, MN, 55109",Match,Exact,"1733 FLANDRAU ST N, MAPLEWOOD, MN, 55109","-93.027912672329,44.994863959466",97652965.0,L,27.0,123.0,42402.0,1013.0
2031,"311 MOUNT CURVE BLVD, ST PAUL, MN, 55105",Match,Exact,"311 MOUNT CURVE BLVD, SAINT PAUL, MN, 55105","-93.193687208661,44.932169909765",97639402.0,R,27.0,123.0,43001.0,5001.0
2152,"1500 HOLTON ST, ST PAUL, MN, 55108",Match,Non_Exact,"1500 N HOLTON ST, SAINT PAUL, MN, 55108","-93.160437199771,44.986335400795",97641080.0,R,27.0,123.0,30201.0,2013.0
2273,"1412 IOWA AVE W, FALCON HEIGHTS, MN, 55108",Match,Non_Exact,"1412 W IOWA AVE, FALCON HEIGHTS, MN, 55108","-93.15974706563,44.989056793203",97641064.0,L,27.0,123.0,41900.0,2016.0
2394,"1464 HOLTON ST, ST PAUL, MN, 55108",Match,Non_Exact,"1464 N HOLTON ST, SAINT PAUL, MN, 55108","-93.160441752001,44.985725413212",97641080.0,R,27.0,123.0,30201.0,2013.0
2030,"7790 EASTWOOD RD, MOUNDS VIEW, MN, 55112",Match,Exact,"7790 EASTWOOD RD, MOUNDS VIEW, MN, 55112","-93.213182083171,45.109621510053",97633392.0,L,27.0,123.0,41001.0,1009.0
2151,"1376 LARPENTEUR AVE W, FALCON HEIGHTS, MN, 55113",Match,Exact,"1376 LARPENTEUR AVE W, FALCON HEIGHTS, MN, 55113","-93.158244473557,44.991768892785",97641067.0,L,27.0,123.0,41900.0,2000.0
2272,"2195 4TH ST E, ST PAUL, MN, 55119",Match,Non_Exact,"2195 E 4TH ST, SAINT PAUL, MN, 55119","-93.007909038128,44.958596210525",97653732.0,L,27.0,123.0,34702.0,4006.0
2393,"765 IVY AVE W, ST PAUL, MN, 55117",Match,Exact,"765 IVY AVE W, SAINT PAUL, MN, 55117","-93.132534166771,44.981058281006",97643457.0,R,27.0,123.0,30300.0,2008.0
2150,"1506 CRAWFORD AVE, FALCON HEIGHTS, MN, 55113",Match,Exact,"1506 CRAWFORD AVE, FALCON HEIGHTS, MN, 55113","-93.163666114959,44.992783714184",97640959.0,L,27.0,123.0,41900.0,1010.0
2271,"1185 BROOKS AVE W, ROSEVILLE, MN, 55113",Match,Non_Exact,"1185 W BROOKS AVE, ROSEVILLE, MN, 55113","-93.149827191129,45.016319327651",97640592.0,R,27.0,123.0,41400.0,2004.0
2392,"1520 ARONA ST, ST PAUL, MN, 55108",Match,Non_Exact,"1520 N ARONA ST, SAINT PAUL, MN, 55108","-93.16426375456,44.986759383537",97641050.0,R,27.0,123.0,30201.0,2006.0
2270,"2445 DUNLAP ST N, ROSEVILLE, MN, 55113",Match,Non_Exact,"2445 N DUNLAP ST, ROSEVILLE, MN, 55113","-93.150216720989,45.015178048829",97640594.0,L,27.0,123.0,41400.0,2005.0
2391,"8054 SPRING LAKE RD NE, SPRING LAKE PARK, MN, 55432",Match,Exact,"8054 SPRING LAKE RD NE, SPRING LAKE PARK, MN, 55432","-93.224989735321,45.113511908106",616655056.0,R,27.0,123.0,41001.0,2015.0
2390,"1763 SHRYER AVE W, ROSEVILLE, MN, 55113",Match,Exact,"1763 SHRYER AVE W, ROSEVILLE, MN, 55113","-93.174587290428,45.002129556546",97640804.0,R,27.0,123.0,41301.0,1021.0
2029,"1343 SIMPSON ST, ST PAUL, MN, 55108",Match,Exact,"1343 SIMPSON ST, SAINT PAUL, MN, 55108","-93.163200288715,44.982076039183",619253152.0,L,27.0,123.0,30201.0,4015.0
2028,"1465 SKILES LN, ARDEN HILLS, MN, 55112",Match,Exact,"1465 SKILES LN, ARDEN HILLS, MN, 55112","-93.162665508652,45.045699023108",97639866.0,R,27.0,123.0,40804.0,1008.0
2149,"750 MONTANA AVE W, ST PAUL, MN, 55117",Match,Non_Exact,"750 W MONTANA AVE, SAINT PAUL, MN, 55117","-93.132346627642,44.987271874196",97641967.0,L,27.0,123.0,30300.0,1031.0
2027,"399 WOODRUFF AVE, ROSEVILLE, MN, 55113",Match,Exact,"399 WOODRUFF AVE, ROSEVILLE, MN, 55113","-93.118754877364,44.99710055949",97643553.0,R,27.0,123.0,41602.0,3003.0
2148,"1390 BELMONT LN W, ROSEVILLE, MN, 55113",Match,Exact,"1390 BELMONT LN W, ROSEVILLE, MN, 55113","-93.158888164714,45.003505980423",97641631.0,L,27.0,123.0,41800.0,2006.0
2269,"1536 ARONA ST, ST PAUL, MN, 55108",Match,Non_Exact,"1536 N ARONA ST, SAINT PAUL, MN, 55108","-93.164258937416,44.987036023054",97641050.0,R,27.0,123.0,30201.0,2006.0
2026,"7820 EASTWOOD RD, MOUNDS VIEW, MN, 55112",Match,Exact,"7820 EASTWOOD RD, MOUNDS VIEW, MN, 55112","-93.213190401499,45.110155274254",97633392.0,L,27.0,123.0,41001.0,1009.0
2147,"44 MID OAKS LN, ROSEVILLE, MN, 55113",Match,Exact,"44 MID OAKS LN, ROSEVILLE, MN, 55113","-93.168477626302,44.999023765324",97662234.0,L,27.0,123.0,41301.0,1017.0
2268,"1988 WHEELER ST N, ROSEVILLE, MN, 55113",Match,Exact,"1988 WHEELER ST N, ROSEVILLE, MN, 55113","-93.174344220752,45.001342225264",97640812.0,R,27.0,123.0,41301.0,1022.0
2389,"2954 MILDRED DR, ROSEVILLE, MN, 55113",Match,Exact,"2954 MILDRED DR, ROSEVILLE, MN, 55113","-93.179149279565,45.03057128478",635777383.0,R,27.0,123.0,41302.0,4004.0
2025,"1510 EDGCUMBE RD, ST PAUL, MN, 55116",Match,Exact,"1510 EDGCUMBE RD, SAINT PAUL, MN, 55116","-93.15080350827,44.919242043097",97647024.0,L,27.0,123.0,36600.0,5002.0
2146,"7448 SPRING LAKE RD, MOUNDS VIEW, MN, 55112",Match,Exact,"7448 SPRING LAKE RD, MOUNDS VIEW, MN, 55112","-93.225108006089,45.103177017745",97633574.0,L,27.0,123.0,41002.0,1004.0
2267,"1436 CALIFORNIA AVE W, FALCON HEIGHTS, MN, 55108",Match,Non_Exact,"1436 CALIFORNIA AVE, FALCON HEIGHTS, MN, 55108","-93.160624532948,44.990834345028",97641060.0,L,27.0,123.0,41900.0,2013.0
2388,"1939 STILLWATER AVE, ST PAUL, MN, 55119",Match,Exact,"1939 STILLWATER AVE, SAINT PAUL, MN, 55119","-93.018557036546,44.968370891857",97653416.0,L,27.0,123.0,31802.0,1011.0
2024,"1395 ASBURY ST, ST PAUL, MN, 55108",Tie,,,,,,,,,
2145,"1756 FLANDRAU ST N, MAPLEWOOD, MN, 55109",Match,Exact,"1756 FLANDRAU ST N, MAPLEWOOD, MN, 55109","-93.027750011909,44.995361909881",97652965.0,R,27.0,123.0,42402.0,1014.0
2266,"906 ALGONQUIN AVE, ST PAUL, MN, 55119",Match,Non_Exact,"906 N ALGONQUIN AVE, SAINT PAUL, MN, 55119","-93.018977799429,44.968302612797",647899419.0,R,27.0,123.0,31802.0,1011.0
2387,"2069 NORTONIA AVE, ST PAUL, MN, 55119",Match,Exact,"2069 NORTONIA AVE, SAINT PAUL, MN, 55119","-93.012961245511,44.965979784636",97653665.0,L,27.0,123.0,31802.0,3011.0
2045,"4890 WHITE BEAR PKWY, WHITE BEAR LAKE, MN, 55110",Match,Exact,"4890 WHITE BEAR PKWY, WHITE BEAR LAKE, MN, 55110","-93.036167098978,45.090069678663",97663696.0,L,27.0,123.0,40504.0,4010.0
2166,"7830 EASTWOOD RD, MOUNDS VIEW, MN, 55112",Match,Exact,"7830 EASTWOOD RD, MOUNDS VIEW, MN, 55112","-93.213193174274,45.110333195654",97633392.0,L,27.0,123.0,41001.0,1009.0
2287,"1604 HAMLINE AVE N, ST PAUL, MN, 55108",Match,Exact,"1604 HAMLINE AVE N, SAINT PAUL, MN, 55108","-93.15651458593,44.989496561635",97641740.0,R,27.0,123.0,30201.0,1005.0
2044,"2096 4TH ST E, ST PAUL, MN, 55119",Match,Non_Exact,"2096 E 4TH ST, SAINT PAUL, MN, 55119","-93.011979890055,44.958489696196",97653731.0,R,27.0,123.0,34702.0,4010.0
2165,"787 COTTAGE AVE W, ST PAUL, MN, 55117",Match,Exact,"787 COTTAGE AVE W, SAINT PAUL, MN, 55117","-93.131083374432,44.982794668143",97643453.0,R,27.0,123.0,30300.0,2005.0
2286,"2617 COUNTY ROAD I, MOUNDS VIEW, MN, 55112",Match,Non_Exact,"2617 W CO RD I, MOUNDS VIEW, MN, 55112","-93.211752782441,45.108051667274",97633401.0,R,27.0,123.0,41001.0,1010.0
2043,"2932 COUNTY ROAD J, MOUNDS VIEW, MN, 55112",Match,Exact,"2932 CO RD J, MOUNDS VIEW, MN, 55112","-93.223866795388,45.12447076296",97519320.0,R,27.0,123.0,41001.0,2003.0
2164,"420 SOUTH MCCARRONS BLVD, ROSEVILLE, MN, 55113",Match,Non_Exact,"420 MCCARRONS BLVD S, ROSEVILLE, MN, 55113","-93.117890613007,44.997657692922",97643554.0,L,27.0,123.0,41602.0,3003.0
2285,"3470 SIEMS CT, ARDEN HILLS, MN, 55112",Match,Exact,"3470 SIEMS CT, ARDEN HILLS, MN, 55112","-93.166621051781,45.046347156598",97639839.0,R,27.0,123.0,40804.0,1007.0
2042,"1387 BELMONT LN W, ROSEVILLE, MN, 55113",Match,Exact,"1387 BELMONT LN W, ROSEVILLE, MN, 55113","-93.158792391342,45.003621785707",97641631.0,R,27.0,123.0,41800.0,2009.0
2163,"1926 FLANDRAU ST N, MAPLEWOOD, MN, 55109",Match,Exact,"1926 FLANDRAU ST N, MAPLEWOOD, MN, 55109","-93.027745419849,44.999012199016",97652965.0,R,27.0,123.0,42402.0,1014.0
2284,"2085 GIESMANN ST, ROSEVILLE, MN, 55113",Match,Exact,"2085 GIESMANN ST, ROSEVILLE, MN, 55113","-93.112828381847,45.003865705857",97662289.0,L,27.0,123.0,41602.0,2014.0
2041,"1534 IOWA AVE W, FALCON HEIGHTS, MN, 55108",Match,Non_Exact,"1534 W IOWA AVE, FALCON HEIGHTS, MN, 55108","-93.164563947576,44.989014557568",97640992.0,L,27.0,123.0,41900.0,2018.0
2162,"7415 PLEASANT VIEW DR, MOUNDS VIEW, MN, 55112",Tie,,,,,,,,,
2283,"259 WOODLAWN AVE, ST PAUL, MN, 55105",Match,Exact,"259 WOODLAWN AVE, SAINT PAUL, MN, 55105","-93.19615264791,44.933689018443",639711128.0,R,27.0,123.0,43001.0,5004.0
2040,"597 MONTROSE LN, ST PAUL, MN, 55116",Match,Exact,"597 MONTROSE LN, SAINT PAUL, MN, 55116","-93.19367358722,44.923503925262",97639528.0,R,27.0,123.0,43001.0,3001.0
2161,"1475 ALBERT ST N, ST PAUL, MN, 55108",Match,Exact,"1475 ALBERT ST N, SAINT PAUL, MN, 55108","-93.159334691647,44.983678571533",97641119.0,L,27.0,123.0,30201.0,4002.0
2282,"1025 ST ANTHONY AVE, ST PAUL, MN, 55104",Match,Exact,"1025 ST ANTHONY AVE, SAINT PAUL, MN, 55104","-93.14249481113,44.952187297555",97646598.0,R,27.0,123.0,33500.0,3012.0
2160,"2073 MANITOU AVE, ST PAUL, MN, 55119",Match,Exact,"2073 MANITOU AVE, SAINT PAUL, MN, 55119","-93.014105642112,44.968449909902",97653597.0,L,27.0,123.0,31802.0,3003.0
2281,"1440 SNELLING AVE N, ST PAUL, MN, 55108",Match,Exact,"1440 SNELLING AVE N, SAINT PAUL, MN, 55108","-93.16685636448,44.983711809093",97641027.0,R,27.0,123.0,30201.0,4007.0
2280,"1591 HURON ST, ST PAUL, MN, 55108",Tie,,,,,,,,,
2039,"2075 FLORAL DR, WHITE BEAR LAKE, MN, 55110",Match,Exact,"2075 FLORAL DR, WHITE BEAR LAKE, MN, 55110","-93.012758427652,45.065793532681",97637190.0,L,27.0,123.0,40301.0,2007.0
2038,"1354 CALIFORNIA AVE W, FALCON HEIGHTS, MN, 55108",Match,Non_Exact,"1354 CALIFORNIA AVE, FALCON HEIGHTS, MN, 55108","-93.157985498691,44.990852843618",97641069.0,L,27.0,123.0,41900.0,2010.0
2159,"8060 RED OAK DR, MOUNDS VIEW, MN, 55112",Match,Exact,"8060 RED OAK DR, MOUNDS VIEW, MN, 55112","-93.217346709251,45.114658206747",97633360.0,L,27.0,123.0,41001.0,2011.0
2037,"7970 SPRING LAKE PARK RD, SPRING LAKE PARK, MN, 55432",Match,Exact,"7970 SPRING LAKE PARK RD, SPRING LAKE PARK, MN, 55432","-93.224974536399,45.112322036509",616655056.0,R,27.0,123.0,41001.0,2015.0
2158,"771 IOWA AVE W, ST PAUL, MN, 55117",Match,Exact,"771 IOWA AVE W, SAINT PAUL, MN, 55117","-93.132731902873,44.98919885657",97641961.0,R,27.0,123.0,30300.0,1012.0
2279,"1486 LARPENTEUR AVE W, FALCON HEIGHTS, MN, 55113",Match,Exact,"1486 LARPENTEUR AVE W, FALCON HEIGHTS, MN, 55113","-93.162833462295,44.99173664064",97641043.0,L,27.0,123.0,41900.0,2002.0
2036,"1485 HAMLINE AVE N, ST PAUL, MN, 55108",Match,Exact,"1485 HAMLINE AVE N, SAINT PAUL, MN, 55108","-93.156736901204,44.985956590854",97641750.0,L,27.0,123.0,30201.0,2015.0
2157,"1496 CHELSEA ST, ST PAUL, MN, 55108",Match,Non_Exact,"1496 N CHELSEA ST, SAINT PAUL, MN, 55108","-93.153957752343,44.986398016958",97641764.0,R,27.0,123.0,30202.0,3000.0
2278,"2134 NORTONIA AVE, ST PAUL, MN, 55119",Match,Exact,"2134 NORTONIA AVE, SAINT PAUL, MN, 55119","-93.011373285983,44.967020664228",97653637.0,R,27.0,123.0,31802.0,2006.0
2399,"1439 ASBURY ST, ST PAUL, MN, 55108",Tie,,,,,,,,,
2035,"1803 SHRYER AVE W, ROSEVILLE, MN, 55113",Match,Exact,"1803 SHRYER AVE W, ROSEVILLE, MN, 55113","-93.175851970935,45.002135624878",97640802.0,R,27.0,123.0,41301.0,1021.0
2156,"1608 MERRILL ST, ST PAUL, MN, 55108",Tie,,,,,,,,,
2277,"2114 4TH ST E, ST PAUL, MN, 55119",Match,Non_Exact,"2114 E 4TH ST, SAINT PAUL, MN, 55119","-93.011265722143,44.958489696147",97653731.0,R,27.0,123.0,34702.0,4010.0
2398,"934 EDITH ST N, MAPLEWOOD, MN, 55119",Match,Non_Exact,"934 EDITH ST, MAPLEWOOD, MN, 55119","-92.992313568181,44.96976513166",97653943.0,R,27.0,123.0,42501.0,4007.0
2290,"1236 HOYT AVE W, ST PAUL, MN, 55108",Match,Exact,"1236 HOYT AVE W, SAINT PAUL, MN, 55108","-93.152147631549,44.98822064125",97641765.0,L,27.0,123.0,30202.0,3000.0
2056,"2189 WAUKON AVE, ST PAUL, MN, 55119",Match,Exact,"2189 WAUKON AVE, SAINT PAUL, MN, 55119","-93.009864727479,44.967632982827",97653640.0,L,27.0,123.0,31802.0,2003.0
2177,"2048 FLORAL DR, WHITE BEAR LAKE, MN, 55110",Match,Exact,"2048 FLORAL DR, WHITE BEAR LAKE, MN, 55110","-93.013666340017,45.065685329454",97637190.0,R,27.0,123.0,40301.0,2011.0
2298,"864 KENNETH ST, ST PAUL, MN, 55116",Match,Non_Exact,"864 S KENNETH ST, SAINT PAUL, MN, 55116","-93.183860768483,44.915234611482",97645951.0,L,27.0,123.0,37500.0,3002.0
2055,"2199 4TH ST E, ST PAUL, MN, 55119",Match,Non_Exact,"2199 E 4TH ST, SAINT PAUL, MN, 55119","-93.007742366868,44.958595588606",97653732.0,L,27.0,123.0,34702.0,4006.0
2176,"2108 4TH ST E, ST PAUL, MN, 55119",Match,Non_Exact,"2108 E 4TH ST, SAINT PAUL, MN, 55119","-93.011503778114,44.958489696163",97653731.0,R,27.0,123.0,34702.0,4010.0
2297,"1405 ARONA ST, ST PAUL, MN, 55108",Tie,,,,,,,,,
2054,"180 JERROLD AVE, SHOREVIEW, MN, 55126",Match,Exact,"180 JERROLD AVE, SHOREVIEW, MN, 55126","-93.108722547435,45.040092690987",97642682.0,L,27.0,123.0,40704.0,3004.0
2175,"3032 COUNTY ROAD H2, MOUNDS VIEW, MN, 55112",Match,Exact,"3032 CO RD H2, MOUNDS VIEW, MN, 55112","-93.226066717121,45.100401898053",617573939.0,L,27.0,123.0,41002.0,1008.0
2296,"1640 NORTH RIDGEWOOD LN W, ROSEVILLE, MN, 55113",Match,Non_Exact,"1640 RIDGEWOOD LN N, ROSEVILLE, MN, 55113","-93.169167658409,45.00206176043",97640879.0,L,27.0,123.0,41301.0,1018.0
2053,"8430 SPRING LAKE RD, MOUNDS VIEW, MN, 55112",Match,Exact,"8430 SPRING LAKE RD, MOUNDS VIEW, MN, 55112","-93.225136001286,45.122632139585",97633295.0,L,27.0,123.0,41001.0,2005.0
2174,"481 WAGNER ST, ROSEVILLE, MN, 55113",Match,Non_Exact,"481 WAGNER AVE, ROSEVILLE, MN, 55113","-93.119587139821,44.995455543407",647909581.0,R,27.0,123.0,41602.0,3000.0
2295,"7545 PLEASANT VIEW DR, MOUNDS VIEW, MN, 55112",Tie,,,,,,,,,
2052,"1567 OSCEOLA AVE, ST PAUL, MN, 55105",Match,Exact,"1567 OSCEOLA AVE, SAINT PAUL, MN, 55105","-93.165952059434,44.936159810823",97645812.0,R,27.0,123.0,35200.0,3004.0
2173,"1489 HURON ST, ST PAUL, MN, 55108",Match,Non_Exact,"1489 N HURON ST, SAINT PAUL, MN, 55108","-93.155422713592,44.986216489222",97641763.0,L,27.0,123.0,30201.0,2016.0
2294,"1889 FLANDRAU ST N, MAPLEWOOD, MN, 55109",Match,Exact,"1889 FLANDRAU ST N, MAPLEWOOD, MN, 55109","-93.027908432744,44.998234061415",97652965.0,L,27.0,123.0,42402.0,1013.0
2051,"1432 IDAHO AVE W, FALCON HEIGHTS, MN, 55108",Match,Non_Exact,"1432 W IDAHO AVE, FALCON HEIGHTS, MN, 55108","-93.160526464724,44.98994836547",97641063.0,L,27.0,123.0,41900.0,2008.0
2172,"7860 SPRING LAKE RD, MOUNDS VIEW, MN, 55112",Match,Exact,"7860 SPRING LAKE RD, MOUNDS VIEW, MN, 55112","-93.224941202122,45.110544949056",649428313.0,L,27.0,123.0,41001.0,2020.0
2293,"7338 SILVER LAKE RD, MOUNDS VIEW, MN, 55112",No_Match,,,,,,,,,
2050,"1894 FLANDRAU ST N, MAPLEWOOD, MN, 55109",Match,Exact,"1894 FLANDRAU ST N, MAPLEWOOD, MN, 55109","-93.027746284237,44.998325085767",97652965.0,R,27.0,123.0,42402.0,1014.0
2171,"7381 SPRING LAKE RD, MOUNDS VIEW, MN, 55112",Match,Exact,"7381 SPRING LAKE RD, MOUNDS VIEW, MN, 55112","-93.224924723951,45.101972138071",97633574.0,R,27.0,123.0,41002.0,1005.0
2292,"7846 LONG LAKE RD, MOUNDS VIEW, MN, 55112",Match,Exact,"7846 LONG LAKE RD, MOUNDS VIEW, MN, 55112","-93.209109905309,45.110708174758",97633431.0,L,27.0,123.0,41001.0,1013.0
2170,"449 WAGNER ST, ROSEVILLE, MN, 55113",Match,Non_Exact,"449 WAGNER AVE, ROSEVILLE, MN, 55113","-93.118966255607,44.995457676987",647909581.0,R,27.0,123.0,41602.0,3000.0
2291,"2001 WHEELER ST N, ROSEVILLE, MN, 55113",Match,Exact,"2001 WHEELER ST N, ROSEVILLE, MN, 55113","-93.174506029968,45.001415737772",97640812.0,L,27.0,123.0,41301.0,1024.0
2049,"815 PEDERSEN ST, ST PAUL, MN, 55119",Match,Exact,"815 PEDERSEN ST, SAINT PAUL, MN, 55119","-93.012877835855,44.96602389962",97653600.0,L,27.0,123.0,31802.0,3011.0
2048,"1722 KENNARD ST N, MAPLEWOOD, MN, 55109",Match,Non_Exact,"1722 N KENNARD ST, MAPLEWOOD, MN, 55109","-93.030257383179,44.993711760608",97652975.0,R,27.0,123.0,42402.0,1013.0
2169,"917 ALGONQUIN AVE, ST PAUL, MN, 55119",Match,Non_Exact,"917 N ALGONQUIN AVE, SAINT PAUL, MN, 55119","-93.019303528255,44.968512765424",647899419.0,L,27.0,123.0,31802.0,1012.0
2047,"8418 SPRING LAKE RD, MOUNDS VIEW, MN, 55112",Match,Exact,"8418 SPRING LAKE RD, MOUNDS VIEW, MN, 55112","-93.225130476398,45.122282226911",97633295.0,L,27.0,123.0,41001.0,2005.0
2168,"1472 ARONA ST, ST PAUL, MN, 55108",Tie,,,,,,,,,
2289,"756 HOYT AVE W, ST PAUL, MN, 55117",Match,Exact,"756 HOYT AVE W, SAINT PAUL, MN, 55117","-93.132458022712,44.988181893636",97641965.0,L,27.0,123.0,30300.0,1020.0
2046,"1386 CALIFORNIA AVE W, FALCON HEIGHTS, MN, 55108",Match,Non_Exact,"1386 CALIFORNIA AVE, FALCON HEIGHTS, MN, 55108","-93.158776021515,44.990847334802",97641069.0,L,27.0,123.0,41900.0,2010.0
2167,"1690 FROST AVE E, MAPLEWOOD, MN, 55109",Match,Exact,"1690 FROST AVE E, MAPLEWOOD, MN, 55109","-93.028224390233,44.999100596158",97652964.0,R,27.0,123.0,42402.0,1013.0
2288,"1808 ASBURY ST, FALCON HEIGHTS, MN, 55113",Match,Non_Exact,"1808 N ASBURY ST, FALCON HEIGHTS, MN, 55113","-93.165404610015,44.995441191449",97640917.0,R,27.0,123.0,41900.0,3018.0
2180,"7989 EASTWOOD RD, MOUNDS VIEW, MN, 55112",Match,Exact,"7989 EASTWOOD RD, MOUNDS VIEW, MN, 55112","-93.21307533507,45.113224167118",97633385.0,R,27.0,123.0,41001.0,1011.0
2067,"937 JORDAN AVE, ST PAUL, MN, 55119",Match,Non_Exact,"937 N JORDAN AVE, SAINT PAUL, MN, 55119","-93.017969727637,44.969531053564",97653558.0,L,27.0,123.0,31802.0,1011.0
2188,"1810 SIMPSON ST, FALCON HEIGHTS, MN, 55113",Match,Exact,"1810 SIMPSON ST, FALCON HEIGHTS, MN, 55113","-93.16288011142,44.995459191776",97640954.0,R,27.0,123.0,41900.0,1007.0
2066,"2964 COUNTY ROAD J, MOUNDS VIEW, MN, 55112",Match,Exact,"2964 CO RD J, MOUNDS VIEW, MN, 55112","-93.224422091132,45.124473445587",97519320.0,R,27.0,123.0,41001.0,2003.0
2187,"1429 MCKINLEY ST, ST PAUL, MN, 55108",Match,Non_Exact,"1429 W MCKINLEY ST, SAINT PAUL, MN, 55108","-93.160636771394,44.984358974189",97641118.0,L,27.0,123.0,30201.0,4003.0
2065,"3049 COUNTY ROAD H, MOUNDS VIEW, MN, 55112",Match,Exact,"3049 CO RD H, MOUNDS VIEW, MN, 55112","-93.22684002806,45.093265243503",97633591.0,R,27.0,123.0,41002.0,1009.0
2186,"1163 BROOKS AVE W, ROSEVILLE, MN, 55113",Match,Non_Exact,"1163 W BROOKS AVE, ROSEVILLE, MN, 55113","-93.149483495517,45.016320627044",97640592.0,R,27.0,123.0,41400.0,2004.0
2064,"7614 SPRING LAKE RD, MOUNDS VIEW, MN, 55112",Match,Exact,"7614 SPRING LAKE RD, MOUNDS VIEW, MN, 55112","-93.225175969848,45.105910231569",97633321.0,L,27.0,123.0,41002.0,1003.0
2185,"1411 BELMONT LN W, ROSEVILLE, MN, 55113",Match,Exact,"1411 BELMONT LN W, ROSEVILLE, MN, 55113","-93.159384204322,45.003614394684",97641631.0,R,27.0,123.0,41800.0,2009.0
2063,"1872 FLANDRAU ST N, MAPLEWOOD, MN, 55109",Match,Exact,"1872 FLANDRAU ST N, MAPLEWOOD, MN, 55109","-93.027746878503,44.997852695408",97652965.0,R,27.0,123.0,42402.0,1014.0
2184,"1919 WHITE BEAR AVE N, MAPLEWOOD, MN, 55109",Match,Exact,"1919 WHITE BEAR AVE N, MAPLEWOOD, MN, 55109","-93.025292841041,44.998911466959",636241388.0,L,27.0,123.0,42402.0,1014.0
2062,"797 LAKEVIEW AVE, ST PAUL, MN, 55117",Match,Non_Exact,"797 W LAKEVIEW AVE, SAINT PAUL, MN, 55117","-93.133582404587,44.981965382399",97641994.0,R,27.0,123.0,30300.0,2009.0
2183,"3069 WOODBRIDGE ST, ROSEVILLE, MN, 55113",Match,Exact,"3069 WOODBRIDGE ST, ROSEVILLE, MN, 55113","-93.108358893771,45.033639695531",97642698.0,L,27.0,123.0,41601.0,1000.0
2061,"8019 SPRING LAKE RD NE, SPRING LAKE PARK, MN, 55432",Match,Exact,"8019 SPRING LAKE RD NE, SPRING LAKE PARK, MN, 55432","-93.224823186877,45.113186141271",616655056.0,L,27.0,123.0,41001.0,2016.0
2182,"303 MOUNT CURVE BLVD, ST PAUL, MN, 55105",Match,Exact,"303 MOUNT CURVE BLVD, SAINT PAUL, MN, 55105","-93.193687208632,44.932381752028",97639402.0,R,27.0,123.0,43001.0,5001.0
2060,"22 MID OAKS RD, ROSEVILLE, MN, 55113",Match,Exact,"22 MID OAKS RD, ROSEVILLE, MN, 55113","-93.169647190557,44.999263650587",97640870.0,R,27.0,123.0,41301.0,1017.0
2181,"1485 HOLTON ST, ST PAUL, MN, 55108",Match,Non_Exact,"1485 N HOLTON ST, SAINT PAUL, MN, 55108","-93.160601017054,44.986093947085",97641080.0,L,27.0,123.0,30201.0,2012.0
2059,"1839 FLANDRAU ST N, MAPLEWOOD, MN, 55109",Match,Exact,"1839 FLANDRAU ST N, MAPLEWOOD, MN, 55109","-93.027909791585,44.997153900534",97652965.0,L,27.0,123.0,42402.0,1013.0
2058,"1131 TRANSIT AVE, ROSEVILLE, MN, 55113",Match,Exact,"1131 TRANSIT AVE, ROSEVILLE, MN, 55113","-93.147662732195,45.015442609685",97640602.0,R,27.0,123.0,41400.0,2009.0
2179,"3458 SIEMS CT, ARDEN HILLS, MN, 55112",Match,Exact,"3458 SIEMS CT, ARDEN HILLS, MN, 55112","-93.166656099278,45.046164909727",97639839.0,R,27.0,123.0,40804.0,1007.0
2057,"1700 SOUTH RIDGEWOOD LN W, ROSEVILLE, MN, 55113",Match,Non_Exact,"1700 RIDGEWOOD LN S, ROSEVILLE, MN, 55113","-93.170372405351,45.001194429369",97640888.0,L,27.0,123.0,41301.0,1015.0
2178,"2084 5TH ST E, ST PAUL, MN, 55119",Match,Non_Exact,"2084 E 5TH ST, SAINT PAUL, MN, 55119","-93.012459258177,44.959407137419",97653729.0,R,27.0,123.0,34702.0,4007.0
2299,"2008 WHEELER ST N, ROSEVILLE, MN, 55113",Match,Exact,"2008 WHEELER ST N, ROSEVILLE, MN, 55113","-93.17434380556,45.001464286754",97640812.0,R,27.0,123.0,41301.0,1022.0
2070,"1546 CHELSEA ST, ST PAUL, MN, 55108",Match,Non_Exact,"1546 N CHELSEA ST, SAINT PAUL, MN, 55108","-93.153936342687,44.98781751956",97641759.0,R,27.0,123.0,30202.0,3000.0
2191,"720 PARKVIEW AVE, ST PAUL, MN, 55117",Match,Non_Exact,"720 W PARKVIEW AVE, SAINT PAUL, MN, 55117","-93.130877330221,44.983634211661",97643449.0,L,27.0,123.0,30300.0,2005.0
2190,"2112 NORTONIA AVE, ST PAUL, MN, 55119",Match,Exact,"2112 NORTONIA AVE, SAINT PAUL, MN, 55119","-93.012125255079,44.966298731644",97653637.0,R,27.0,123.0,31802.0,2006.0
2078,"941 EVAR ST N, MAPLEWOOD, MN, 55119",Match,Non_Exact,"941 EVAR ST, MAPLEWOOD, MN, 55119","-92.993727543188,44.96964264674",97653941.0,L,27.0,123.0,42501.0,4005.0
2199,"784 PEDERSEN ST, ST PAUL, MN, 55119",Match,Exact,"784 PEDERSEN ST, SAINT PAUL, MN, 55119","-93.012617115894,44.965749568837",97653666.0,R,27.0,123.0,31802.0,2006.0
2077,"1484 CALIFORNIA AVE W, FALCON HEIGHTS, MN, 55108",Match,Non_Exact,"1484 CALIFORNIA AVE, FALCON HEIGHTS, MN, 55108","-93.162148732091,44.990822080228",97641045.0,L,27.0,123.0,41900.0,2014.0
2198,"1983 BUSH AVE, ST PAUL, MN, 55119",Match,Exact,"1983 BUSH AVE, SAINT PAUL, MN, 55119","-93.016083488654,44.964773042174",97653655.0,L,27.0,123.0,31802.0,3015.0
2076,"1659 SOUTH RIDGEWOOD LN W, ROSEVILLE, MN, 55113",Match,Non_Exact,"1659 RIDGEWOOD LN S, ROSEVILLE, MN, 55113","-93.169706301384,45.001300073824",97640888.0,R,27.0,123.0,41301.0,1018.0
2197,"1446 IOWA AVE W, FALCON HEIGHTS, MN, 55108",Match,Non_Exact,"1446 W IOWA AVE, FALCON HEIGHTS, MN, 55108","-93.161098560865,44.98904246649",97641064.0,L,27.0,123.0,41900.0,2016.0
2075,"1717 HOLTON ST, FALCON HEIGHTS, MN, 55113",Match,Exact,"1717 HOLTON ST, FALCON HEIGHTS, MN, 55113","-93.160495293365,44.993920794723",97640966.0,L,27.0,123.0,41900.0,1011.0
2196,"1415 ARONA ST, ST PAUL, MN, 55108",Tie,,,,,,,,,
2074,"3530 GLENARDEN RD, ARDEN HILLS, MN, 55112",Match,Exact,"3530 GLENARDEN RD, ARDEN HILLS, MN, 55112","-93.158157085505,45.047815342167",97640246.0,R,27.0,123.0,40804.0,1000.0
2195,"1381 PASCAL ST N, ST PAUL, MN, 55108",Match,Exact,"1381 PASCAL ST N, SAINT PAUL, MN, 55108","-93.161907036703,44.983059079113",97641094.0,L,27.0,123.0,30201.0,4004.0
2073,"3620 RUSTIC PL, SHOREVIEW, MN, 55126",Match,Exact,"3620 RUSTIC PL, SHOREVIEW, MN, 55126","-93.107610753657,45.050971223667",97642986.0,R,27.0,123.0,40704.0,5005.0
2194,"878 KENNETH ST, ST PAUL, MN, 55116",Match,Non_Exact,"878 S KENNETH ST, SAINT PAUL, MN, 55116","-93.183631320918,44.914893574531",97645951.0,L,27.0,123.0,37500.0,3002.0
2072,"1987 BEACON ST, ROSEVILLE, MN, 55113",Match,Exact,"1987 BEACON ST, ROSEVILLE, MN, 55113","-93.175683339785,45.001334339773",97640803.0,L,27.0,123.0,41301.0,1020.0
2193,"794 IOWA AVE W, ST PAUL, MN, 55117",Match,Exact,"794 IOWA AVE W, SAINT PAUL, MN, 55117","-93.133225310392,44.989088351986",97641961.0,L,27.0,123.0,30300.0,1017.0
2071,"1804 WESTERN AVE N, ROSEVILLE, MN, 55113",Match,Non_Exact,"1804 N WESTERN AVE, ROSEVILLE, MN, 55113","-93.115914772525,44.995611808817",647898722.0,R,27.0,123.0,41602.0,3000.0
2192,"1545 HOYT AVE W, FALCON HEIGHTS, MN, 55108",Match,Exact,"1545 HOYT AVE W, FALCON HEIGHTS, MN, 55108","-93.165518074926,44.988214861526",97641001.0,R,27.0,123.0,41900.0,2018.0
2069,"1348 ARONA ST, ST PAUL, MN, 55108",Tie,,,,,,,,,
2068,"1457 IDAHO AVE W, FALCON HEIGHTS, MN, 55108",Match,Non_Exact,"1457 W IDAHO AVE, FALCON HEIGHTS, MN, 55108","-93.161484684399,44.990052829824",97641063.0,R,27.0,123.0,41900.0,2013.0
2189,"1888 FLANDRAU ST N, MAPLEWOOD, MN, 55109",Match,Exact,"1888 FLANDRAU ST N, MAPLEWOOD, MN, 55109","-93.02774644631,44.998196252033",97652965.0,R,27.0,123.0,42402.0,1014.0
2081,"1646 RANDOLPH AVE, ST PAUL, MN, 55105",Match,Exact,"1646 RANDOLPH AVE, SAINT PAUL, MN, 55105","-93.169899851115,44.926945870279",97645988.0,L,27.0,123.0,36400.0,2001.0
2080,"1599 FERNWOOD ST, ST PAUL, MN, 55108",Tie,,,,,,,,,
2089,"1753 WHITE BEAR AVE N, MAPLEWOOD, MN, 55109",Match,Exact,"1753 WHITE BEAR AVE N, MAPLEWOOD, MN, 55109","-93.025299487991,44.994166972461",97652980.0,L,27.0,123.0,42402.0,1014.0
2088,"883 KENNETH ST, ST PAUL, MN, 55116",Match,Non_Exact,"883 S KENNETH ST, SAINT PAUL, MN, 55116","-93.18404861214,44.915247391436",97645951.0,R,27.0,123.0,37500.0,3006.0
2087,"1370 SNELLING AVE N, ST PAUL, MN, 55108",Match,Exact,"1370 SNELLING AVE N, SAINT PAUL, MN, 55108","-93.166867411209,44.982599961938",619253137.0,R,27.0,123.0,30201.0,4008.0
2086,"1782 ELEANOR AVE, ST PAUL, MN, 55116",Match,Non_Exact,"1782 W ELEANOR AVE, SAINT PAUL, MN, 55116","-93.175631027075,44.920612196462",97646004.0,L,27.0,123.0,36400.0,3009.0
2085,"2065 3RD ST N, NORTH ST PAUL, MN, 55109",Match,Exact,"2065 3RD ST N, NORTH ST PAUL, MN, 55109","-93.00252285393,45.0037085247",635776183.0,L,27.0,123.0,42700.0,5004.0
2084,"1335 SIMPSON ST, ST PAUL, MN, 55108",Match,Exact,"1335 SIMPSON ST, SAINT PAUL, MN, 55108","-93.163202603682,44.981916770911",619253152.0,L,27.0,123.0,30201.0,4015.0
2083,"1755 PASCAL ST N, FALCON HEIGHTS, MN, 55113",Match,Non_Exact,"1755 N PASCAL ST, FALCON HEIGHTS, MN, 55113","-93.161777794447,44.994213803196",97640964.0,L,27.0,123.0,41900.0,1008.0
2082,"794 PEDERSEN ST, ST PAUL, MN, 55119",Match,Exact,"794 PEDERSEN ST, SAINT PAUL, MN, 55119","-93.012635789374,44.965827229639",97653666.0,R,27.0,123.0,31802.0,2006.0
2079,"1753 FLANDRAU ST N, MAPLEWOOD, MN, 55109",Match,Exact,"1753 FLANDRAU ST N, MAPLEWOOD, MN, 55109","-93.027912128792,44.995296023819",97652965.0,L,27.0,123.0,42402.0,1013.0
2092,"2060 STILLWATER AVE, ST PAUL, MN, 55119",Match,Exact,"2060 STILLWATER AVE, SAINT PAUL, MN, 55119","-93.013305127094,44.969082771642",97653601.0,R,27.0,123.0,31802.0,3002.0
2091,"7044 KNOLLWOOD DR, MOUNDS VIEW, MN, 55112",Match,Exact,"7044 KNOLLWOOD DR, MOUNDS VIEW, MN, 55112","-93.222236824963,45.096052149111",97633651.0,L,27.0,123.0,41002.0,1010.0
2090,"3050 WOODBRIDGE ST, ROSEVILLE, MN, 55113",Match,Exact,"3050 WOODBRIDGE ST, ROSEVILLE, MN, 55113","-93.108191979776,45.033106037061",97642698.0,R,27.0,123.0,41601.0,1007.0
2099,"7375 PLEASANT VIEW DR, MOUNDS VIEW, MN, 55112",Tie,,,,,,,,,
2098,"1615 EDGCUMBE RD, ST PAUL, MN, 55116",Match,Exact,"1615 EDGCUMBE RD, SAINT PAUL, MN, 55116","-93.152906223895,44.915375954611",617574546.0,R,27.0,123.0,36600.0,1017.0
2097,"7801 EASTWOOD RD, MOUNDS VIEW, MN, 55112",Match,Exact,"7801 EASTWOOD RD, MOUNDS VIEW, MN, 55112","-93.21302250236,45.10980069176",97633392.0,R,27.0,123.0,41001.0,1010.0
2096,"8050 GREENWOOD DR, MOUNDS VIEW, MN, 55112",Match,Exact,"8050 GREENWOOD DR, MOUNDS VIEW, MN, 55112","-93.211211426762,45.114363574788",97633388.0,L,27.0,123.0,41001.0,1011.0
2095,"2479 DUNLAP ST N, ROSEVILLE, MN, 55113",Match,Non_Exact,"2479 N DUNLAP ST, ROSEVILLE, MN, 55113","-93.149715081947,45.015845402203",97640593.0,L,27.0,123.0,41400.0,2005.0
2094,"2160 NOKOMIS AVE, ST PAUL, MN, 55119",Match,Exact,"2160 NOKOMIS AVE, SAINT PAUL, MN, 55119","-93.011382715054,44.968683820757",97653631.0,R,27.0,123.0,31802.0,3000.0
2093,"7750 LONG LAKE RD, MOUNDS VIEW, MN, 55112",Match,Exact,"7750 LONG LAKE RD, MOUNDS VIEW, MN, 55112","-93.209080322692,45.109000821224",97633431.0,L,27.0,123.0,41001.0,1013.0
2405,"1999 BUSH AVE, ST PAUL, MN, 55119",Match,Exact,"1999 BUSH AVE, SAINT PAUL, MN, 55119","-93.015735490255,44.964836426484",97653655.0,L,27.0,123.0,31802.0,3015.0
2404,"2104 NORTONIA AVE, ST PAUL, MN, 55119",Match,Exact,"2104 NORTONIA AVE, SAINT PAUL, MN, 55119","-93.01246796656,44.966071721721",97653637.0,R,27.0,123.0,31802.0,2006.0
2403,"634 SHRYER AVE W, ROSEVILLE, MN, 55113",Match,Exact,"634 SHRYER AVE W, ROSEVILLE, MN, 55113","-93.126500078728,45.001731726232",97643365.0,L,27.0,123.0,41700.0,4000.0
2402,"1488 ALBERT ST N, ST PAUL, MN, 55108",Match,Exact,"1488 ALBERT ST N, SAINT PAUL, MN, 55108","-93.15916767374,44.984165213728",97641119.0,R,27.0,123.0,30201.0,4001.0
2401,"1149 RIPLEY AVE E, MAPLEWOOD, MN, 55109",Match,Non_Exact,"1149 RIPLEY AVE, MAPLEWOOD, MN, 55109","-93.051946284865,44.99590928489",97651072.0,L,27.0,123.0,42302.0,1000.0
2400,"2126 STILLWATER AVE, ST PAUL, MN, 55119",Match,Exact,"2126 STILLWATER AVE, SAINT PAUL, MN, 55119","-93.010749712255,44.969177216076",97653633.0,R,27.0,123.0,31802.0,3000.0
2409,"1670 SOUTH RIDGEWOOD LN W, ROSEVILLE, MN, 55113",Match,Non_Exact,"1670 RIDGEWOOD LN S, ROSEVILLE, MN, 55113","-93.16990603604,45.001193491913",97640888.0,L,27.0,123.0,41301.0,1015.0
2408,"1408 MCKINLEY ST, ST PAUL, MN, 55108",Match,Non_Exact,"1408 W MCKINLEY ST, SAINT PAUL, MN, 55108","-93.160463601817,44.984002794083",97641118.0,R,27.0,123.0,30201.0,4002.0
2407,"2609 COUNTY ROAD I, MOUNDS VIEW, MN, 55112",Match,Non_Exact,"2609 W CO RD I, MOUNDS VIEW, MN, 55112","-93.21143333032,45.108058581801",97633401.0,R,27.0,123.0,41001.0,1010.0
2406,"2052 MOHAWK AVE, ST PAUL, MN, 55119",Match,Exact,"2052 MOHAWK AVE, SAINT PAUL, MN, 55119","-93.014606182209,44.967115922639",97653580.0,R,27.0,123.0,31802.0,3009.0
2416,"2482 HARVESTER AVE E, MAPLEWOOD, MN, 55119",Match,Non_Exact,"2482 HARVESTER AVE, MAPLEWOOD, MN, 55119","-92.995398598067,44.970315437549",97684833.0,R,27.0,123.0,42501.0,4004.0
2415,"1405 HOYT AVE W, FALCON HEIGHTS, MN, 55108",Match,Exact,"1405 HOYT AVE W, FALCON HEIGHTS, MN, 55108","-93.159452718751,44.98826660457",97641076.0,R,27.0,123.0,41900.0,2016.0
2414,"1140 BROOKS AVE W, ROSEVILLE, MN, 55113",Match,Non_Exact,"1140 W BROOKS AVE, ROSEVILLE, MN, 55113","-93.14872016376,45.016208660263",97640599.0,L,27.0,123.0,41400.0,2009.0
2413,"2001 REANEY AVE, ST PAUL, MN, 55119",Match,Exact,"2001 REANEY AVE, SAINT PAUL, MN, 55119","-93.01573483919,44.964043808169",97653516.0,L,27.0,123.0,31802.0,3016.0
2412,"1458 FRANKSON AVE, ST PAUL, MN, 55108",Match,Exact,"1458 FRANKSON AVE, SAINT PAUL, MN, 55108","-93.161698636464,44.982556321072",647902758.0,L,27.0,123.0,30201.0,4012.0
2411,"1406 ASBURY ST, ST PAUL, MN, 55108",Tie,,,,,,,,,
2410,"1364 ARONA ST, ST PAUL, MN, 55108",Tie,,,,,,,,,
2419,"3574 RUSTIC PL, SHOREVIEW, MN, 55126",Match,Exact,"3574 RUSTIC PL, SHOREVIEW, MN, 55126","-93.108767688738,45.049486263025",97642627.0,R,27.0,123.0,40704.0,5004.0
2418,"1239 IDAHO AVE W, ST PAUL, MN, 55108",Match,Exact,"1239 IDAHO AVE W, SAINT PAUL, MN, 55108","-93.152203032605,44.990156028541",97641787.0,R,27.0,123.0,30201.0,1002.0
2417,"8280 KNOLLWOOD DR, MOUNDS VIEW, MN, 55112",Match,Exact,"8280 KNOLLWOOD DR, MOUNDS VIEW, MN, 55112","-93.223230644166,45.119712126186",97633294.0,L,27.0,123.0,41001.0,2003.0
2551,"1535 HOLTON ST, ST PAUL, MN, 55108",Match,Non_Exact,"1535 N HOLTON ST, SAINT PAUL, MN, 55108","-93.160595576417,44.987038351271",97641075.0,L,27.0,123.0,30201.0,2004.0
2672,"2088 FLORAL DR, WHITE BEAR LAKE, MN, 55110",Match,Exact,"2088 FLORAL DR, WHITE BEAR LAKE, MN, 55110","-93.012272040395,45.065675510344",97637190.0,R,27.0,123.0,40301.0,2011.0
2793,"2758 VALLEY VIEW LN, NEW BRIGHTON, MN, 55112",Match,Exact,"2758 VALLEY VIEW LN, NEW BRIGHTON, MN, 55112","-93.22292289691,45.091142901092",619696098.0,R,27.0,123.0,41105.0,5012.0
2550,"1885 ROME AVE, ST PAUL, MN, 55116",Match,Non_Exact,"1885 W ROME AVE, SAINT PAUL, MN, 55116","-93.180175950033,44.913492528369",97646057.0,R,27.0,123.0,37500.0,3008.0
2671,"1621 FERNWOOD ST, ST PAUL, MN, 55108",Tie,,,,,,,,,
2792,"6946 KNOLLWOOD DR, MOUNDS VIEW, MN, 55112",Match,Exact,"6946 KNOLLWOOD DR, MOUNDS VIEW, MN, 55112","-93.222210278428,45.09387680681",97633654.0,L,27.0,123.0,41002.0,1010.0
2670,"1497 PASCAL ST N, ST PAUL, MN, 55108",Match,Exact,"1497 PASCAL ST N, SAINT PAUL, MN, 55108","-93.161859948554,44.986277242687",97641078.0,L,27.0,123.0,30201.0,2011.0
2791,"1469 PASCAL ST N, ST PAUL, MN, 55108",Match,Exact,"1469 PASCAL ST N, SAINT PAUL, MN, 55108","-93.161871712479,44.985447754123",97641110.0,L,27.0,123.0,30201.0,2011.0
2790,"1520 EDGCUMBE RD, ST PAUL, MN, 55116",Match,Exact,"1520 EDGCUMBE RD, SAINT PAUL, MN, 55116","-93.151023536882,44.918846301664",97647024.0,L,27.0,123.0,36600.0,5002.0
2548,"1985 REANEY AVE, ST PAUL, MN, 55119",Match,Exact,"1985 REANEY AVE, SAINT PAUL, MN, 55119","-93.016146347021,44.964066014124",97653516.0,L,27.0,123.0,31802.0,3016.0
2669,"1407 PASCAL ST N, ST PAUL, MN, 55108",Match,Exact,"1407 PASCAL ST N, SAINT PAUL, MN, 55108","-93.161897866684,44.983713200825",97641094.0,L,27.0,123.0,30201.0,4004.0
2547,"0 WAGNER ST, ROSEVILLE, MN, 55113",No_Match,,,,,,,,,
2668,"1373 BELMONT LN W, ROSEVILLE, MN, 55113",Match,Exact,"1373 BELMONT LN W, ROSEVILLE, MN, 55113","-93.158447167104,45.003626097137",97641631.0,R,27.0,123.0,41800.0,2009.0
2789,"1940 STILLWATER AVE, ST PAUL, MN, 55119",Match,Exact,"1940 STILLWATER AVE, SAINT PAUL, MN, 55119","-93.018425104927,44.968289089955",97653416.0,R,27.0,123.0,31802.0,3006.0
2546,"1437 HOYT AVE W, FALCON HEIGHTS, MN, 55108",Match,Exact,"1437 HOYT AVE W, FALCON HEIGHTS, MN, 55108","-93.160822040069,44.988257026544",97641073.0,R,27.0,123.0,41900.0,2016.0
2667,"1803 FLANDRAU ST N, MAPLEWOOD, MN, 55109",Match,Exact,"1803 FLANDRAU ST N, MAPLEWOOD, MN, 55109","-93.027910769951,44.9963761847",97652965.0,L,27.0,123.0,42402.0,1013.0
2788,"1385 ARONA ST, ST PAUL, MN, 55108",Tie,,,,,,,,,
2545,"769 IVY AVE W, ST PAUL, MN, 55117",Match,Exact,"769 IVY AVE W, SAINT PAUL, MN, 55117","-93.132603519944,44.981058746469",97643457.0,R,27.0,123.0,30300.0,2008.0
2666,"2114 MOHAWK AVE, ST PAUL, MN, 55119",Match,Exact,"2114 MOHAWK AVE, SAINT PAUL, MN, 55119","-93.013153326516,44.968068863345",97653602.0,R,27.0,123.0,31802.0,3001.0
2787,"7944 WOODLAWN DR, MOUNDS VIEW, MN, 55112",Match,Exact,"7944 WOODLAWN DR, MOUNDS VIEW, MN, 55112","-93.206584786631,45.112519361425",97633425.0,L,27.0,123.0,40901.0,1006.0
2544,"1497 HOYT AVE W, FALCON HEIGHTS, MN, 55108",Match,Exact,"1497 HOYT AVE W, FALCON HEIGHTS, MN, 55108","-93.1634768254,44.988229299858",97641051.0,R,27.0,123.0,41900.0,2015.0
2665,"7380 SPRING LAKE RD, MOUNDS VIEW, MN, 55112",Match,Exact,"7380 SPRING LAKE RD, MOUNDS VIEW, MN, 55112","-93.225087053427,45.101970733219",97633574.0,L,27.0,123.0,41002.0,1004.0
2786,"1802 ELEANOR AVE, ST PAUL, MN, 55116",Match,Non_Exact,"1802 W ELEANOR AVE, SAINT PAUL, MN, 55116","-93.176455050698,44.920615103129",97646004.0,L,27.0,123.0,36400.0,3009.0
2543,"2141 3RD ST E, ST PAUL, MN, 55119",Match,Exact,"2141 3RD ST E, SAINT PAUL, MN, 55119","-93.010304468177,44.956795287726",97653738.0,L,27.0,123.0,34702.0,4013.0
2664,"1817 SIMPSON ST, FALCON HEIGHTS, MN, 55113",Match,Exact,"1817 SIMPSON ST, FALCON HEIGHTS, MN, 55113","-93.163041686497,44.995647660981",97640954.0,L,27.0,123.0,41900.0,1006.0
2785,"1446 IDAHO AVE W, FALCON HEIGHTS, MN, 55108",Match,Non_Exact,"1446 W IDAHO AVE, FALCON HEIGHTS, MN, 55108","-93.161084012153,44.989942465535",97641063.0,L,27.0,123.0,41900.0,2008.0
2542,"806 HAZEL ST N, ST PAUL, MN, 55119",Match,Non_Exact,"806 N HAZEL ST, SAINT PAUL, MN, 55119","-93.020165144809,44.965322105701",647910030.0,R,27.0,123.0,31802.0,3007.0
2663,"1911 ASBURY ST, FALCON HEIGHTS, MN, 55113",Match,Exact,"1911 ASBURY ST, FALCON HEIGHTS, MN, 55113","-93.164967947649,45.000935514851",97640928.0,L,27.0,123.0,41800.0,2012.0
2784,"2656 HILLVIEW RD, MOUNDS VIEW, MN, 55112",Match,Exact,"2656 HILLVIEW RD, MOUNDS VIEW, MN, 55112","-93.21372968743,45.111533133639",97633390.0,L,27.0,123.0,41001.0,1009.0
2541,"2139 WAUKON AVE, ST PAUL, MN, 55119",Match,Exact,"2139 WAUKON AVE, SAINT PAUL, MN, 55119","-93.010441632875,44.966782943618",97653639.0,L,27.0,123.0,31802.0,2006.0
2662,"1325 ARLINGTON AVE W, ST PAUL, MN, 55108",Match,Exact,"1325 ARLINGTON AVE W, SAINT PAUL, MN, 55108","-93.155984663747,44.984682054069",97641769.0,R,27.0,123.0,30201.0,2016.0
2783,"330 SOUTH MCCARRONS BLVD, ROSEVILLE, MN, 55113",Match,Non_Exact,"330 MCCARRONS BLVD S, ROSEVILLE, MN, 55113","-93.114323695684,44.996587021197",97643562.0,L,27.0,123.0,41602.0,3000.0
2549,"1632 SOUTH RIDGEWOOD LN W, ROSEVILLE, MN, 55113",Match,Non_Exact,"1632 RIDGEWOOD LN S, ROSEVILLE, MN, 55113","-93.169303298853,45.0011687388",97640888.0,L,27.0,123.0,41301.0,1015.0
2562,"924 ALGONQUIN AVE, ST PAUL, MN, 55119",Match,Non_Exact,"924 N ALGONQUIN AVE, SAINT PAUL, MN, 55119","-93.019105052392,44.968466140887",647899419.0,R,27.0,123.0,31802.0,1011.0
2683,"2816 WOODALE DR, MOUNDS VIEW, MN, 55112",Match,Exact,"2816 WOODALE DR, MOUNDS VIEW, MN, 55112","-93.219582751966,45.097423577666",97633652.0,L,27.0,123.0,41002.0,1011.0
2561,"1640 SANDHURST AVE E, MAPLEWOOD, MN, 55109",Match,Exact,"1640 SANDHURST AVE E, MAPLEWOOD, MN, 55109","-93.031202824653,45.007278690395",97652156.0,R,27.0,123.0,42402.0,2015.0
2682,"1649 JUNO AVE, ST PAUL, MN, 55116",Match,Non_Exact,"1649 W JUNO AVE, SAINT PAUL, MN, 55116","-93.169980667713,44.926151751365",97645990.0,R,27.0,123.0,36400.0,2002.0
2560,"1420 FRANKSON AVE, ST PAUL, MN, 55108",Match,Exact,"1420 FRANKSON AVE, SAINT PAUL, MN, 55108","-93.160065545301,44.982317239373",647902758.0,L,27.0,123.0,30201.0,4012.0
2681,"2008 FAIRVIEW AVE N, ROSEVILLE, MN, 55113",Match,Exact,"2008 FAIRVIEW AVE N, ROSEVILLE, MN, 55113","-93.176884241412,45.001581701338",97640801.0,R,27.0,123.0,41301.0,1020.0
2680,"1543 PASCAL ST N, ST PAUL, MN, 55108",Match,Exact,"1543 PASCAL ST N, SAINT PAUL, MN, 55108","-93.161847088139,44.98716807325",97641074.0,L,27.0,123.0,30201.0,2005.0
2559,"776 IOWA AVE W, ST PAUL, MN, 55117",Match,Exact,"776 IOWA AVE W, SAINT PAUL, MN, 55117","-93.132856680575,44.989085292791",97641961.0,L,27.0,123.0,30300.0,1017.0
2558,"1383 MIDWAY PKWY, ST PAUL, MN, 55108",No_Match,,,,,,,,,
2679,"165 EDGEWATER AVE, SHOREVIEW, MN, 55126",Match,Exact,"165 EDGEWATER AVE, SHOREVIEW, MN, 55126","-93.108173226555,45.038947282513",97643026.0,R,27.0,123.0,40704.0,3004.0
2557,"1402 ARONA ST, ST PAUL, MN, 55108",Tie,,,,,,,,,
2678,"2164 5TH ST E, ST PAUL, MN, 55119",Match,Non_Exact,"2164 E 5TH ST, SAINT PAUL, MN, 55119","-93.009186011745,44.959395492242",97653734.0,R,27.0,123.0,34702.0,4006.0
2799,"1523 HOYT AVE W, FALCON HEIGHTS, MN, 55108",Match,Exact,"1523 HOYT AVE W, FALCON HEIGHTS, MN, 55108","-93.164641229995,44.98822103643",97641001.0,R,27.0,123.0,41900.0,2018.0
2556,"3033 COUNTY ROAD H2, MOUNDS VIEW, MN, 55112",Match,Exact,"3033 CO RD H2, MOUNDS VIEW, MN, 55112","-93.226329475118,45.100508170708",617573939.0,R,27.0,123.0,41002.0,1004.0
2677,"1912 SIMPSON ST, FALCON HEIGHTS, MN, 55113",Match,Exact,"1912 SIMPSON ST, FALCON HEIGHTS, MN, 55113","-93.162871899255,44.998759271024",97640939.0,R,27.0,123.0,41900.0,1004.0
2798,"8030 GROVELAND RD, MOUNDS VIEW, MN, 55112",Match,Exact,"8030 GROVELAND RD, MOUNDS VIEW, MN, 55112","-93.221244769603,45.113301975906",97633349.0,L,27.0,123.0,41001.0,2009.0
2555,"2476 HARVESTER AVE E, MAPLEWOOD, MN, 55119",Match,Non_Exact,"2476 HARVESTER AVE, MAPLEWOOD, MN, 55119","-92.995537599212,44.97031258137",97684833.0,R,27.0,123.0,42501.0,4004.0
2676,"3525 RUSTIC PL, SHOREVIEW, MN, 55126",Match,Exact,"3525 RUSTIC PL, SHOREVIEW, MN, 55126","-93.108929878845,45.047868707862",97642627.0,L,27.0,123.0,40704.0,5003.0
2797,"194 JERROLD AVE, SHOREVIEW, MN, 55126",Match,Exact,"194 JERROLD AVE, SHOREVIEW, MN, 55126","-93.108957165881,45.040092691004",97642682.0,L,27.0,123.0,40704.0,3004.0
2554,"957 GLENDON ST N, MAPLEWOOD, MN, 55119",Match,Exact,"957 GLENDON ST N, MAPLEWOOD, MN, 55119","-92.991232702141,44.970338443189",97654046.0,L,27.0,123.0,42501.0,4007.0
2675,"7945 SUNNYSIDE RD, MOUNDS VIEW, MN, 55112",Match,Exact,"7945 SUNNYSIDE RD, MOUNDS VIEW, MN, 55112","-93.215106365843,45.112404210277",97633382.0,R,27.0,123.0,41001.0,1006.0
2796,"1445 LARPENTEUR AVE W, FALCON HEIGHTS, MN, 55113",Match,Exact,"1445 LARPENTEUR AVE W, FALCON HEIGHTS, MN, 55113","-93.160978222483,44.991864352166",97641058.0,R,27.0,123.0,41900.0,1011.0
2553,"1844 KENNARD ST N, MAPLEWOOD, MN, 55109",Match,Non_Exact,"1844 N KENNARD ST, MAPLEWOOD, MN, 55109","-93.030256293224,44.996569370771",97652974.0,R,27.0,123.0,42402.0,1013.0
2674,"1367 CALIFORNIA AVE W, FALCON HEIGHTS, MN, 55108",Match,Non_Exact,"1367 CALIFORNIA AVE, FALCON HEIGHTS, MN, 55108","-93.158283541243,44.990965363612",97641069.0,R,27.0,123.0,41900.0,2011.0
2795,"2240 DESOTO ST N, MAPLEWOOD, MN, 55117",Match,Non_Exact,"2240 DESOTO ST, MAPLEWOOD, MN, 55117","-93.081331889882,45.008276165771",97649441.0,R,27.0,123.0,42202.0,5008.0
2552,"1692 SANDHURST AVE E, MAPLEWOOD, MN, 55109",Match,Exact,"1692 SANDHURST AVE E, MAPLEWOOD, MN, 55109","-93.029710731693,45.007278690291",97652158.0,R,27.0,123.0,42402.0,2016.0
2673,"1424 MCKINLEY ST, ST PAUL, MN, 55108",Match,Non_Exact,"1424 W MCKINLEY ST, SAINT PAUL, MN, 55108","-93.160471796977,44.984265425745",97641118.0,R,27.0,123.0,30201.0,4002.0
2794,"2064 STILLWATER AVE, ST PAUL, MN, 55119",Match,Exact,"2064 STILLWATER AVE, SAINT PAUL, MN, 55119","-93.013188091708,44.969087066511",97653601.0,R,27.0,123.0,31802.0,3002.0
2573,"774 ARLINGTON AVE W, ST PAUL, MN, 55117",Match,Exact,"774 ARLINGTON AVE W, SAINT PAUL, MN, 55117","-93.132718342135,44.984559699985",97641988.0,L,27.0,123.0,30300.0,2002.0
2694,"1424 SNELLING AVE N, ST PAUL, MN, 55108",Match,Exact,"1424 SNELLING AVE N, SAINT PAUL, MN, 55108","-93.166858183629,44.983502003923",97641027.0,R,27.0,123.0,30201.0,4007.0
2572,"1610 FERNWOOD ST, ST PAUL, MN, 55108",Tie,,,,,,,,,
2693,"2956 SPRINGVIEW LN, MOUNDS VIEW, MN, 55112",Match,Non_Exact,"2956 SPRINGVIEW LN NE, MOUNDS VIEW, MN, 55112","-93.223209382456,45.094463261741",97633584.0,L,27.0,123.0,41002.0,1010.0
2571,"1716 PASCAL ST N, FALCON HEIGHTS, MN, 55113",Match,Non_Exact,"1716 N PASCAL ST, FALCON HEIGHTS, MN, 55113","-93.161615758113,44.992979421704",97640964.0,R,27.0,123.0,41900.0,1011.0
2692,"1681 COUNTY ROAD B E, MAPLEWOOD, MN, 55109",Match,Exact,"1681 CO RD B E, MAPLEWOOD, MN, 55109","-93.029928503016,45.006475281821",97652160.0,L,27.0,123.0,42402.0,2016.0
2570,"2022 SHERWOOD AVE, ST PAUL, MN, 55119",Match,Exact,"2022 SHERWOOD AVE, SAINT PAUL, MN, 55119","-93.014988536713,44.983771109866",97653280.0,R,27.0,123.0,30702.0,1007.0
2691,"2890 ARTHUR PL, ROSEVILLE, MN, 55113",Match,Exact,"2890 ARTHUR PL, ROSEVILLE, MN, 55113","-93.180425417125,45.028530821079",97684762.0,R,27.0,123.0,41302.0,4000.0
2690,"1709 WHITE BEAR AVE N, MAPLEWOOD, MN, 55109",Match,Exact,"1709 WHITE BEAR AVE N, MAPLEWOOD, MN, 55109","-93.025301235694,44.993048541037",97652980.0,L,27.0,123.0,42402.0,1014.0
2569,"2841 BRONSON DR, MOUNDS VIEW, MN, 55112",Match,Exact,"2841 BRONSON DR, MOUNDS VIEW, MN, 55112","-93.221790403185,45.10424069457",97633635.0,R,27.0,123.0,41002.0,1001.0
2568,"1605 EDGCUMBE RD, ST PAUL, MN, 55116",Match,Exact,"1605 EDGCUMBE RD, SAINT PAUL, MN, 55116","-93.15255059218,44.916385106228",97647026.0,R,27.0,123.0,36600.0,1012.0
2689,"1596 MERRILL ST, ST PAUL, MN, 55108",Tie,,,,,,,,,
2567,"1507 CALIFORNIA AVE W, FALCON HEIGHTS, MN, 55108",Match,Non_Exact,"1507 CALIFORNIA AVE, FALCON HEIGHTS, MN, 55108","-93.162569925571,44.990932250687",97641045.0,R,27.0,123.0,41900.0,2002.0
2688,"1579 MERRILL ST, ST PAUL, MN, 55108",Tie,,,,,,,,,
2566,"1950 NOKOMIS AVE, ST PAUL, MN, 55119",Match,Exact,"1950 NOKOMIS AVE, SAINT PAUL, MN, 55119","-93.017818940127,44.965582668909",97653652.0,R,27.0,123.0,31802.0,3013.0
2687,"1869 ROME AVE, ST PAUL, MN, 55116",Match,Non_Exact,"1869 W ROME AVE, SAINT PAUL, MN, 55116","-93.179452217692,44.913497823922",97646057.0,R,27.0,123.0,37500.0,3008.0
2565,"1725 LARPENTEUR AVE E, MAPLEWOOD, MN, 55109",Match,Exact,"1725 LARPENTEUR AVE E, MAPLEWOOD, MN, 55109","-93.027690894786,44.992011997291",97652978.0,L,27.0,123.0,42402.0,1014.0
2686,"1698 SANDHURST AVE E, MAPLEWOOD, MN, 55109",Match,Exact,"1698 SANDHURST AVE E, MAPLEWOOD, MN, 55109","-93.029604323377,45.007278690284",97652158.0,R,27.0,123.0,42402.0,2016.0
2564,"2001 STILLWATER AVE, ST PAUL, MN, 55119",Match,Exact,"2001 STILLWATER AVE, SAINT PAUL, MN, 55119","-93.015878109697,44.969060967794",97653576.0,L,27.0,123.0,31802.0,1014.0
2685,"3500 GLENARDEN RD, ARDEN HILLS, MN, 55112",Match,Exact,"3500 GLENARDEN RD, ARDEN HILLS, MN, 55112","-93.158147754354,45.047014836981",97640247.0,R,27.0,123.0,40804.0,1000.0
2563,"1477 IOWA AVE W, FALCON HEIGHTS, MN, 55108",Match,Non_Exact,"1477 W IOWA AVE, FALCON HEIGHTS, MN, 55108","-93.162380833873,44.98914578806",97641049.0,R,27.0,123.0,41900.0,2007.0
2684,"1735 ASBURY ST, FALCON HEIGHTS, MN, 55113",Match,Non_Exact,"1735 N ASBURY ST, FALCON HEIGHTS, MN, 55113","-93.165572834262,44.993662415331",97640921.0,L,27.0,123.0,41900.0,3016.0
2584,"2203 WAUKON AVE, ST PAUL, MN, 55119",Match,Exact,"2203 WAUKON AVE, SAINT PAUL, MN, 55119","-93.009772476938,44.967817483878",97653640.0,L,27.0,123.0,31802.0,2003.0
2583,"910 ALGONQUIN AVE, ST PAUL, MN, 55119",Match,Non_Exact,"910 N ALGONQUIN AVE, SAINT PAUL, MN, 55119","-93.019009844521,44.968339874544",647899419.0,R,27.0,123.0,31802.0,1011.0
2582,"396 WOODRUFF AVE, ROSEVILLE, MN, 55113",Match,Exact,"396 WOODRUFF AVE, ROSEVILLE, MN, 55113","-93.119717918941,44.997796522802",619585834.0,L,27.0,123.0,41602.0,3000.0
2581,"7991 SPRING LAKE PARK RD, SPRING LAKE PARK, MN, 55432",Match,Exact,"7991 SPRING LAKE PARK RD, SPRING LAKE PARK, MN, 55432","-93.224818939367,45.112853618231",616655056.0,L,27.0,123.0,41001.0,2016.0
2580,"1443 IDAHO AVE W, FALCON HEIGHTS, MN, 55108",Match,Non_Exact,"1443 W IDAHO AVE, FALCON HEIGHTS, MN, 55108","-93.16092713697,44.990058729759",97641063.0,R,27.0,123.0,41900.0,2013.0
2579,"2135 WAUKON AVE, ST PAUL, MN, 55119",Match,Exact,"2135 WAUKON AVE, SAINT PAUL, MN, 55119","-93.010545384247,44.966665804982",97653639.0,L,27.0,123.0,31802.0,2006.0
2578,"1684 FROST AVE E, MAPLEWOOD, MN, 55109",Match,Exact,"1684 FROST AVE E, MAPLEWOOD, MN, 55109","-93.028468316429,44.999102338506",97652964.0,R,27.0,123.0,42402.0,1013.0
2699,"1853 SIMPSON ST, FALCON HEIGHTS, MN, 55113",Match,Exact,"1853 SIMPSON ST, FALCON HEIGHTS, MN, 55113","-93.163038876377,44.996777266669",97640954.0,L,27.0,123.0,41900.0,1006.0
2577,"1471 IOWA AVE W, FALCON HEIGHTS, MN, 55108",Match,Non_Exact,"1471 W IOWA AVE, FALCON HEIGHTS, MN, 55108","-93.162140085733,44.989147474546",97641049.0,R,27.0,123.0,41900.0,2007.0
2698,"1828 SIMPSON ST, FALCON HEIGHTS, MN, 55113",Match,Exact,"1828 SIMPSON ST, FALCON HEIGHTS, MN, 55113","-93.162878756541,44.99600382309",97640954.0,R,27.0,123.0,41900.0,1007.0
2576,"782 LAKEVIEW AVE, ST PAUL, MN, 55117",Match,Non_Exact,"782 W LAKEVIEW AVE, SAINT PAUL, MN, 55117","-93.133265773316,44.981849935548",97641994.0,L,27.0,123.0,30300.0,2008.0
2697,"1825 ELM ST, WHITE BEAR LAKE, MN, 55110",Match,Exact,"1825 ELM ST, WHITE BEAR LAKE, MN, 55110","-93.023961552518,45.046696275536",97651928.0,L,27.0,123.0,40402.0,1005.0
2575,"1825 SIMPSON ST, FALCON HEIGHTS, MN, 55113",Match,Exact,"1825 SIMPSON ST, FALCON HEIGHTS, MN, 55113","-93.163041062026,44.995898684467",97640954.0,L,27.0,123.0,41900.0,1006.0
2696,"1417 SIMPSON ST, ST PAUL, MN, 55108",Match,Exact,"1417 SIMPSON ST, SAINT PAUL, MN, 55108","-93.163172791183,44.983917643248",97641092.0,L,27.0,123.0,30201.0,4005.0
2574,"1484 CHELSEA ST, ST PAUL, MN, 55108",Match,Non_Exact,"1484 N CHELSEA ST, SAINT PAUL, MN, 55108","-93.153960321277,44.986246964869",97641764.0,R,27.0,123.0,30202.0,3000.0
2695,"744 ARLINGTON AVE W, ST PAUL, MN, 55117",Match,Exact,"744 ARLINGTON AVE W, SAINT PAUL, MN, 55117","-93.131522248725,44.984554705775",97641988.0,L,27.0,123.0,30300.0,2002.0
2595,"812 PEDERSEN ST, ST PAUL, MN, 55119",Match,Exact,"812 PEDERSEN ST, SAINT PAUL, MN, 55119","-93.012725896896,44.966063582908",97653600.0,R,27.0,123.0,31802.0,3012.0
2594,"2494 HARVESTER AVE E, MAPLEWOOD, MN, 55119",Match,Non_Exact,"2494 HARVESTER AVE, MAPLEWOOD, MN, 55119","-92.995120595775,44.970321149906",97684833.0,R,27.0,123.0,42501.0,4004.0
2593,"1337 HAMLINE AVE N, ST PAUL, MN, 55108",Match,Exact,"1337 HAMLINE AVE N, SAINT PAUL, MN, 55108","-93.156814804744,44.981518611185",619253273.0,L,27.0,123.0,30201.0,4012.0
2592,"1488 HOLTON ST, ST PAUL, MN, 55108",Match,Non_Exact,"1488 N HOLTON ST, SAINT PAUL, MN, 55108","-93.160438717181,44.986132071601",97641080.0,R,27.0,123.0,30201.0,2013.0
2591,"1536 IDAHO AVE W, FALCON HEIGHTS, MN, 55108",Match,Non_Exact,"1536 W IDAHO AVE, FALCON HEIGHTS, MN, 55108","-93.164721434079,44.989913942023",97640991.0,L,27.0,123.0,41900.0,2006.0
2590,"1493 HURON ST, ST PAUL, MN, 55108",Match,Non_Exact,"1493 N HURON ST, SAINT PAUL, MN, 55108","-93.155421681001,44.986286016352",97641763.0,L,27.0,123.0,30201.0,2016.0
2589,"2809 SHERWOOD RD, MOUNDS VIEW, MN, 55112",Match,Exact,"2809 SHERWOOD RD, MOUNDS VIEW, MN, 55112","-93.219488191499,45.115171984034",97633348.0,R,27.0,123.0,41001.0,2008.0
2588,"2953 VICTORIA ST N, ROSEVILLE, MN, 55113",Match,Exact,"2953 VICTORIA ST N, ROSEVILLE, MN, 55113","-93.136746538066,45.029957393576",97640446.0,L,27.0,123.0,41500.0,2007.0
2587,"1369 SHELDON ST, ST PAUL, MN, 55108",Tie,,,,,,,,,
2586,"1764 PASCAL ST N, FALCON HEIGHTS, MN, 55113",Match,Non_Exact,"1764 N PASCAL ST, FALCON HEIGHTS, MN, 55113","-93.16161575792,44.994374512131",97640964.0,R,27.0,123.0,41900.0,1011.0
2585,"1363 SIMPSON ST, ST PAUL, MN, 55108",Match,Exact,"1363 SIMPSON ST, SAINT PAUL, MN, 55108","-93.163194501296,44.982474209863",619253152.0,L,27.0,123.0,30201.0,4015.0
2599,"1292 HILLCREST AVE, ST PAUL, MN, 55116",Match,Non_Exact,"1292 W HILLCREST AVE, SAINT PAUL, MN, 55116","-93.155103771116,44.916927382244",97646954.0,L,27.0,123.0,36600.0,1019.0
2598,"1358 IOWA AVE W, FALCON HEIGHTS, MN, 55108",Match,Non_Exact,"1358 W IOWA AVE, FALCON HEIGHTS, MN, 55108","-93.158118479443,44.989070155085",97641742.0,L,27.0,123.0,41900.0,2017.0
2597,"7530 SILVER LAKE RD, MOUNDS VIEW, MN, 55112",Match,Exact,"7530 SILVER LAKE RD, MOUNDS VIEW, MN, 55112","-93.219229267111,45.104230662476",97633378.0,L,27.0,123.0,41002.0,1000.0
2596,"2010 NORTONIA AVE, ST PAUL, MN, 55119",Match,Exact,"2010 NORTONIA AVE, SAINT PAUL, MN, 55119","-93.015669090531,44.965372944133",97653657.0,R,27.0,123.0,31802.0,3015.0
2909,"1925 WHITE BEAR AVE N, MAPLEWOOD, MN, 55109",Match,Exact,"1925 WHITE BEAR AVE N, MAPLEWOOD, MN, 55109","-93.025292841017,44.999088691182",636241388.0,L,27.0,123.0,42402.0,1014.0
2900,"3544 SNELLING AVE N, ARDEN HILLS, MN, 55112",Match,Exact,"3544 SNELLING AVE N, ARDEN HILLS, MN, 55112","-93.162359487642,45.047568747245",97639859.0,R,27.0,123.0,40804.0,1003.0
2908,"249 ELMER ST, ROSEVILLE, MN, 55113",Match,Exact,"249 ELMER ST, ROSEVILLE, MN, 55113","-93.111058991287,45.002254801838",97643575.0,R,27.0,123.0,41602.0,2016.0
2907,"2061 IVY ST, NORTH ST PAUL, MN, 55109",Match,Non_Exact,"2061 N IVY ST, NORTH ST PAUL, MN, 55109","-93.003768185371,45.003683083248",97652727.0,L,27.0,123.0,42700.0,5003.0
2906,"7320 KNOLLWOOD DR, MOUNDS VIEW, MN, 55112",Match,Exact,"7320 KNOLLWOOD DR, MOUNDS VIEW, MN, 55112","-93.222334605181,45.100952072782",97633636.0,L,27.0,123.0,41002.0,1005.0
2905,"20 MID OAKS LN, ROSEVILLE, MN, 55113",Match,Exact,"20 MID OAKS LN, ROSEVILLE, MN, 55113","-93.168304693591,44.999951616895",97662234.0,R,27.0,123.0,41301.0,1015.0
2904,"791 NEBRASKA AVE W, ST PAUL, MN, 55117",Match,Non_Exact,"791 W NEBRASKA AVE, SAINT PAUL, MN, 55117","-93.133070428438,44.986483392904",97641969.0,R,27.0,123.0,30300.0,1031.0
2903,"1734 PASCAL ST N, FALCON HEIGHTS, MN, 55113",Match,Non_Exact,"1734 N PASCAL ST, FALCON HEIGHTS, MN, 55113","-93.161615758041,44.993502580614",97640964.0,R,27.0,123.0,41900.0,1011.0
2902,"2055 NORTONIA AVE, ST PAUL, MN, 55119",Match,Exact,"2055 NORTONIA AVE, SAINT PAUL, MN, 55119","-93.013547897145,44.965815614487",97653665.0,L,27.0,123.0,31802.0,3011.0
2901,"1630 FERNWOOD ST, ST PAUL, MN, 55108",Tie,,,,,,,,,
2911,"2042 MANITOU AVE, ST PAUL, MN, 55119",Match,Exact,"2042 MANITOU AVE, SAINT PAUL, MN, 55119","-93.014765436258,44.967835974513",97653594.0,R,27.0,123.0,31802.0,3010.0
2910,"1698 KENNARD ST N, MAPLEWOOD, MN, 55109",Match,Non_Exact,"1698 N KENNARD ST, MAPLEWOOD, MN, 55109","-93.030258032772,44.993379192244",97652975.0,R,27.0,123.0,42402.0,1013.0
2919,"2095 MOHAWK AVE, ST PAUL, MN, 55119",Match,Exact,"2095 MOHAWK AVE, SAINT PAUL, MN, 55119","-93.013714901187,44.9677155069",97653602.0,L,27.0,123.0,31802.0,3002.0
2918,"2483 KNOLLWOOD DR, NEW BRIGHTON, MN, 55112",Match,Exact,"2483 KNOLLWOOD DR, NEW BRIGHTON, MN, 55112","-93.222180104319,45.09125328335",619696101.0,R,27.0,123.0,41105.0,5012.0
2917,"1754 ARONA ST, FALCON HEIGHTS, MN, 55113",Match,Non_Exact,"1754 N ARONA ST, FALCON HEIGHTS, MN, 55113","-93.164147007333,44.994114925903",97640953.0,R,27.0,123.0,41900.0,1009.0
2916,"963 MILLWOOD AVE, ROSEVILLE, MN, 55113",Match,Exact,"963 MILLWOOD AVE, ROSEVILLE, MN, 55113","-93.140370828688,45.029914950518",649686881.0,R,27.0,123.0,41500.0,2007.0
2915,"1415 HAMLINE AVE N, ST PAUL, MN, 55108",Match,Exact,"1415 HAMLINE AVE N, SAINT PAUL, MN, 55108","-93.156773682328,44.983877241958",97641768.0,L,27.0,123.0,30201.0,4000.0
2914,"1515 ARONA ST, ST PAUL, MN, 55108",Match,Non_Exact,"1515 N ARONA ST, SAINT PAUL, MN, 55108","-93.164427566813,44.986657054899",97641050.0,L,27.0,123.0,30201.0,2007.0
2913,"1513 IOWA AVE W, FALCON HEIGHTS, MN, 55108",Match,Non_Exact,"1513 W IOWA AVE, FALCON HEIGHTS, MN, 55108","-93.163825322711,44.989135669148",97641049.0,R,27.0,123.0,41900.0,2007.0
2912,"1685 SOUTH RIDGEWOOD LN W, ROSEVILLE, MN, 55113",Match,Non_Exact,"1685 RIDGEWOOD LN S, ROSEVILLE, MN, 55113","-93.170118700511,45.001317010164",97640888.0,R,27.0,123.0,41301.0,1018.0
2801,"2040 LEXINGTON AVE N, ROSEVILLE, MN, 55113",Match,Exact,"2040 LEXINGTON AVE N, ROSEVILLE, MN, 55113","-93.146314858222,45.002640069777",97641696.0,R,27.0,123.0,41700.0,3001.0
2922,"1904 SAUNDERS AVE, ST PAUL, MN, 55116",Match,Non_Exact,"1904 W SAUNDERS AVE, SAINT PAUL, MN, 55116","-93.180965689172,44.914272714366",97646039.0,L,27.0,123.0,37500.0,3007.0
2800,"1468 HOLTON ST, ST PAUL, MN, 55108",Match,Non_Exact,"1468 N HOLTON ST, SAINT PAUL, MN, 55108","-93.160441246198,44.98579318961",97641080.0,R,27.0,123.0,30201.0,2013.0
2921,"3505 RUSTIC PL, SHOREVIEW, MN, 55126",Match,Exact,"3505 RUSTIC PL, SHOREVIEW, MN, 55126","-93.108929878934,45.047221685793",97642627.0,L,27.0,123.0,40704.0,5003.0
2920,"1970 BUSH AVE, ST PAUL, MN, 55119",Match,Exact,"1970 BUSH AVE, SAINT PAUL, MN, 55119","-93.016353190404,44.964645695598",97653655.0,R,27.0,123.0,31802.0,3016.0
2809,"8045 GREENWOOD DR, MOUNDS VIEW, MN, 55112",Match,Exact,"8045 GREENWOOD DR, MOUNDS VIEW, MN, 55112","-93.211047437822,45.114258372714",97633388.0,R,27.0,123.0,41001.0,1012.0
2808,"2110 ARLINGTON AVE E, ST PAUL, MN, 55119",Match,Exact,"2110 ARLINGTON AVE E, SAINT PAUL, MN, 55119","-93.012326615176,44.984684676395",97653246.0,R,27.0,123.0,30702.0,1009.0
2929,"1737 SHRYER AVE W, ROSEVILLE, MN, 55113",Match,Exact,"1737 SHRYER AVE W, ROSEVILLE, MN, 55113","-93.173406715036,45.002142716082",97640813.0,R,27.0,123.0,41301.0,1021.0
2807,"1050 HOYT AVE W, ST PAUL, MN, 55117",Match,Exact,"1050 HOYT AVE W, SAINT PAUL, MN, 55117","-93.144678732992,44.988264754569",97641814.0,L,27.0,123.0,30300.0,4016.0
2928,"1220 HOYT AVE W, ST PAUL, MN, 55108",Match,Exact,"1220 HOYT AVE W, SAINT PAUL, MN, 55108","-93.151494497956,44.988225145574",97641765.0,L,27.0,123.0,30202.0,3000.0
2806,"1386 LARPENTEUR AVE W, FALCON HEIGHTS, MN, 55113",Match,Exact,"1386 LARPENTEUR AVE W, FALCON HEIGHTS, MN, 55113","-93.158610605918,44.991766336912",97641067.0,L,27.0,123.0,41900.0,2000.0
2927,"2808 BRONSON DR, MOUNDS VIEW, MN, 55112",Match,Exact,"2808 BRONSON DR, MOUNDS VIEW, MN, 55112","-93.221197225498,45.104134291209",97633635.0,L,27.0,123.0,41002.0,1006.0
2805,"418 GLENWOOD AVE, ROSEVILLE, MN, 55113",Match,Non_Exact,"418 W GLENWOOD AVE, ROSEVILLE, MN, 55113","-93.117461737758,44.996827750002",97643555.0,L,27.0,123.0,41602.0,3000.0
2926,"950 EDITH ST N, MAPLEWOOD, MN, 55119",Match,Non_Exact,"950 EDITH ST, MAPLEWOOD, MN, 55119","-92.992312262882,44.969913933403",97653943.0,R,27.0,123.0,42501.0,4007.0
2804,"505 WAGNER ST, ROSEVILLE, MN, 55113",Match,Non_Exact,"505 WAGNER AVE, ROSEVILLE, MN, 55113","-93.120052802982,44.995453943222",647909581.0,R,27.0,123.0,41602.0,3000.0
2925,"1664 FERNWOOD ST, ST PAUL, MN, 55108",Tie,,,,,,,,,
2803,"1269 IDAHO AVE W, ST PAUL, MN, 55108",Match,Exact,"1269 IDAHO AVE W, SAINT PAUL, MN, 55108","-93.153407693623,44.990139298169",97641754.0,R,27.0,123.0,30201.0,1002.0
2924,"979 SHERREN ST W, ROSEVILLE, MN, 55113",Match,Exact,"979 SHERREN ST W, ROSEVILLE, MN, 55113","-93.141273838487,45.009141170175",97640735.0,R,27.0,123.0,41700.0,1002.0
2802,"1900 ASBURY ST, FALCON HEIGHTS, MN, 55113",Match,Exact,"1900 ASBURY ST, FALCON HEIGHTS, MN, 55113","-93.16480610179,45.000850190629",97640928.0,R,27.0,123.0,41800.0,2006.0
2923,"1381 ALBERT ST N, ST PAUL, MN, 55108",Match,Exact,"1381 ALBERT ST N, SAINT PAUL, MN, 55108","-93.159334830167,44.983665107591",97641119.0,L,27.0,123.0,30201.0,4002.0
2812,"1469 HAMLINE AVE N, ST PAUL, MN, 55108",Match,Exact,"1469 HAMLINE AVE N, SAINT PAUL, MN, 55108","-93.156745037764,44.985491648197",97641750.0,L,27.0,123.0,30201.0,2015.0
2933,"7666 KNOLLWOOD DR, MOUNDS VIEW, MN, 55112",Match,Exact,"7666 KNOLLWOOD DR, MOUNDS VIEW, MN, 55112","-93.223162884758,45.107151930295",97633327.0,L,27.0,123.0,41002.0,1002.0
2811,"296 SOUTH MCCARRONS BLVD, ROSEVILLE, MN, 55113",Match,Non_Exact,"296 MCCARRONS BLVD S, ROSEVILLE, MN, 55113","-93.113140072976,44.996197476103",97643562.0,L,27.0,123.0,41602.0,3000.0
2932,"2616 HILLVIEW RD, MOUNDS VIEW, MN, 55112",Match,Exact,"2616 HILLVIEW RD, MOUNDS VIEW, MN, 55112","-93.211959236111,45.111569486101",97633391.0,L,27.0,123.0,41001.0,1010.0
2810,"1171 SEXTANT AVE W, ROSEVILLE, MN, 55113",Match,Exact,"1171 SEXTANT AVE W, ROSEVILLE, MN, 55113","-93.149474763768,45.01454667517",97640595.0,R,27.0,123.0,41400.0,2008.0
2931,"1722 PASCAL ST N, FALCON HEIGHTS, MN, 55113",Match,Non_Exact,"1722 N PASCAL ST, FALCON HEIGHTS, MN, 55113","-93.161615758089,44.993153808008",97640964.0,R,27.0,123.0,41900.0,1011.0
2930,"796 COTTAGE AVE W, ST PAUL, MN, 55117",Match,Exact,"796 COTTAGE AVE W, SAINT PAUL, MN, 55117","-93.131207998786,44.982680954862",97643453.0,L,27.0,123.0,30300.0,2010.0
2819,"1768 EAST SHORE DR N, MAPLEWOOD, MN, 55109",Match,Non_Exact,"1768 E SHORE DR, MAPLEWOOD, MN, 55109","-93.053995553167,44.994517225847",97662426.0,R,27.0,123.0,42302.0,1019.0
2818,"776 PARKVIEW AVE, ST PAUL, MN, 55117",Match,Non_Exact,"776 W PARKVIEW AVE, SAINT PAUL, MN, 55117","-93.132692724587,44.983642319245",97641984.0,L,27.0,123.0,30300.0,2004.0
2939,"1455 HAMLINE AVE N, ST PAUL, MN, 55108",Match,Exact,"1455 HAMLINE AVE N, SAINT PAUL, MN, 55108","-93.156752157253,44.985084823372",97641750.0,L,27.0,123.0,30201.0,2015.0
2817,"425 WAGNER ST, ROSEVILLE, MN, 55113",Match,Non_Exact,"425 WAGNER AVE, ROSEVILLE, MN, 55113","-93.118328989136,44.99546045354",616282192.0,R,27.0,123.0,41602.0,3000.0
2938,"2209 HARTFORD AVE, ST PAUL, MN, 55116",Match,Non_Exact,"2209 W HARTFORD AVE, SAINT PAUL, MN, 55116","-93.193778017966,44.923467142524",97639523.0,R,27.0,123.0,43001.0,3001.0
2816,"1707 FLANDRAU ST N, MAPLEWOOD, MN, 55109",Match,Exact,"1707 FLANDRAU ST N, MAPLEWOOD, MN, 55109","-93.027913378926,44.994302275808",97652965.0,L,27.0,123.0,42402.0,1013.0
2937,"251 MOUNT CURVE BLVD, ST PAUL, MN, 55105",Match,Exact,"251 MOUNT CURVE BLVD, SAINT PAUL, MN, 55105","-93.193684222068,44.93401084613",97639394.0,R,27.0,123.0,43001.0,5001.0
2815,"1419 HOYT AVE W, FALCON HEIGHTS, MN, 55108",Match,Exact,"1419 HOYT AVE W, FALCON HEIGHTS, MN, 55108","-93.160021960775,44.988262665218",97641076.0,R,27.0,123.0,41900.0,2016.0
2936,"1857 BEECHWOOD AVE, ST PAUL, MN, 55116",Match,Exact,"1857 BEECHWOOD AVE, SAINT PAUL, MN, 55116","-93.17882745242,44.915301329805",97645967.0,R,27.0,123.0,37500.0,3000.0
2814,"1364 CALIFORNIA AVE W, FALCON HEIGHTS, MN, 55108",Match,Non_Exact,"1364 CALIFORNIA AVE, FALCON HEIGHTS, MN, 55108","-93.158232537074,44.990851122113",97641069.0,L,27.0,123.0,41900.0,2010.0
2935,"1686 SOUTH RIDGEWOOD LN W, ROSEVILLE, MN, 55113",Match,Non_Exact,"1686 RIDGEWOOD LN S, ROSEVILLE, MN, 55113","-93.170150355106,45.001203681448",97640888.0,L,27.0,123.0,41301.0,1015.0
2813,"1485 ARDEN PL, ARDEN HILLS, MN, 55112",Match,Exact,"1485 ARDEN PL, ARDEN HILLS, MN, 55112","-93.163998566264,45.046084285355",97639858.0,R,27.0,123.0,40804.0,1005.0
2934,"3576 RIDGEWOOD CT, ARDEN HILLS, MN, 55112",Match,Exact,"3576 RIDGEWOOD CT, ARDEN HILLS, MN, 55112","-93.165021139578,45.049224848909",97688397.0,R,27.0,123.0,40804.0,1006.0
2702,"1408 SHELDON ST, ST PAUL, MN, 55108",Tie,,,,,,,,,
2823,"1436 LARPENTEUR AVE W, FALCON HEIGHTS, MN, 55113",Match,Exact,"1436 LARPENTEUR AVE W, FALCON HEIGHTS, MN, 55113","-93.160494488628,44.991753137914",97641058.0,L,27.0,123.0,41900.0,2001.0
2944,"1444 ARONA ST, ST PAUL, MN, 55108",Tie,,,,,,,,,
2701,"1483 HURON ST, ST PAUL, MN, 55108",Match,Non_Exact,"1483 N HURON ST, SAINT PAUL, MN, 55108","-93.155424262478,44.986112198528",97641763.0,L,27.0,123.0,30201.0,2016.0
2822,"3515 SNELLING AVE N, ARDEN HILLS, MN, 55112",Match,Exact,"3515 SNELLING AVE N, ARDEN HILLS, MN, 55112","-93.162804053704,45.048137859591",97639847.0,L,27.0,123.0,40804.0,1005.0
2943,"1347 SIMPSON ST, ST PAUL, MN, 55108",Match,Exact,"1347 SIMPSON ST, SAINT PAUL, MN, 55108","-93.163199131231,44.982155673319",619253152.0,L,27.0,123.0,30201.0,4015.0
2700,"7340 KNOLLWOOD DR, MOUNDS VIEW, MN, 55112",Match,Exact,"7340 KNOLLWOOD DR, MOUNDS VIEW, MN, 55112","-93.222342529123,45.101307772001",97633636.0,L,27.0,123.0,41002.0,1005.0
2821,"1277 IDAHO AVE W, ST PAUL, MN, 55108",Match,Exact,"1277 IDAHO AVE W, SAINT PAUL, MN, 55108","-93.15368894429,44.990135364612",97641754.0,R,27.0,123.0,30201.0,1002.0
2942,"1479 ARDEN PL, ARDEN HILLS, MN, 55112",Match,Exact,"1479 ARDEN PL, ARDEN HILLS, MN, 55112","-93.163714774924,45.046258043742",97639858.0,R,27.0,123.0,40804.0,1005.0
2820,"1417 CALIFORNIA AVE W, FALCON HEIGHTS, MN, 55108",Match,Non_Exact,"1417 CALIFORNIA AVE, FALCON HEIGHTS, MN, 55108","-93.159874489205,44.990954224018",97641060.0,R,27.0,123.0,41900.0,2012.0
2941,"1595 FERNWOOD ST, ST PAUL, MN, 55108",Tie,,,,,,,,,
2940,"1530 IOWA AVE W, FALCON HEIGHTS, MN, 55108",Match,Non_Exact,"1530 W IOWA AVE, FALCON HEIGHTS, MN, 55108","-93.164492920662,44.989015423745",97640992.0,L,27.0,123.0,41900.0,2018.0
2709,"1368 ALBERT ST N, ST PAUL, MN, 55108",Match,Exact,"1368 ALBERT ST N, SAINT PAUL, MN, 55108","-93.159174831634,44.983469475637",97641119.0,R,27.0,123.0,30201.0,4001.0
2708,"1363 PASCAL ST N, ST PAUL, MN, 55108",Match,Exact,"1363 PASCAL ST N, SAINT PAUL, MN, 55108","-93.161914304507,44.982548737173",97641114.0,L,27.0,123.0,30201.0,4010.0
2829,"1353 ASBURY ST, ST PAUL, MN, 55108",Tie,,,,,,,,,
2707,"1610 HAMLINE AVE N, ST PAUL, MN, 55108",Match,Exact,"1610 HAMLINE AVE N, SAINT PAUL, MN, 55108","-93.15651096089,44.989677812393",97641740.0,R,27.0,123.0,30201.0,1005.0
2828,"7850 SPRING LAKE RD, MOUNDS VIEW, MN, 55112",Match,Exact,"7850 SPRING LAKE RD, MOUNDS VIEW, MN, 55112","-93.224936001427,45.11033923151",649428313.0,L,27.0,123.0,41001.0,2020.0
2949,"1368 IDAHO AVE W, FALCON HEIGHTS, MN, 55108",Match,Exact,"1368 IDAHO AVE W, FALCON HEIGHTS, MN, 55108","-93.156112539914,44.989987204332",97641741.0,L,27.0,123.0,30201.0,1005.0
2706,"2046 1ST ST N, NORTH ST PAUL, MN, 55109",Match,Exact,"2046 1ST ST N, NORTH ST PAUL, MN, 55109","-92.997318588949,45.003268116268",97659676.0,R,27.0,123.0,42700.0,2005.0
2827,"0 WAGNER ST, ROSEVILLE, MN, 55113",No_Match,,,,,,,,,
2948,"1846 SIMPSON ST, FALCON HEIGHTS, MN, 55113",Match,Exact,"1846 SIMPSON ST, FALCON HEIGHTS, MN, 55113","-93.162877401661,44.996548454404",97640954.0,R,27.0,123.0,41900.0,1007.0
2705,"1605 MERRILL ST, ST PAUL, MN, 55108",Tie,,,,,,,,,
2826,"1375 CALIFORNIA AVE W, FALCON HEIGHTS, MN, 55108",Match,Non_Exact,"1375 CALIFORNIA AVE, FALCON HEIGHTS, MN, 55108","-93.158481171949,44.990963986408",97641069.0,R,27.0,123.0,41900.0,2011.0
2947,"2716 SHERWOOD RD, MOUNDS VIEW, MN, 55112",Match,Exact,"2716 SHERWOOD RD, MOUNDS VIEW, MN, 55112","-93.217076458317,45.115110604629",97657565.0,L,27.0,123.0,41001.0,1007.0
2704,"1362 SNELLING AVE N, ST PAUL, MN, 55108",Match,Exact,"1362 SNELLING AVE N, SAINT PAUL, MN, 55108","-93.166869371675,44.982442342144",619253137.0,R,27.0,123.0,30201.0,4008.0
2825,"1812 WOODRUFF AVE, ROSEVILLE, MN, 55113",Match,Exact,"1812 WOODRUFF AVE, ROSEVILLE, MN, 55113","-93.118567757525,44.996120047543",97643558.0,L,27.0,123.0,41602.0,3000.0
2946,"1512 PASCAL ST N, ST PAUL, MN, 55108",Match,Exact,"1512 PASCAL ST N, SAINT PAUL, MN, 55108","-93.161693283177,44.986617187431",97641074.0,R,27.0,123.0,30201.0,2004.0
2703,"1448 BELMONT LN W, ROSEVILLE, MN, 55113",Match,Exact,"1448 BELMONT LN W, ROSEVILLE, MN, 55113","-93.160318379416,45.003488118784",97641631.0,L,27.0,123.0,41800.0,2006.0
2824,"1602 JUNO AVE, ST PAUL, MN, 55116",Match,Non_Exact,"1602 W JUNO AVE, SAINT PAUL, MN, 55116","-93.168869050299,44.926033227934",97646154.0,L,27.0,123.0,36400.0,2004.0
2945,"7373 KNOLLWOOD DR, MOUNDS VIEW, MN, 55112",Match,Exact,"7373 KNOLLWOOD DR, MOUNDS VIEW, MN, 55112","-93.222192885692,45.101878692432",97633636.0,R,27.0,123.0,41002.0,1006.0
2713,"1460 HURON ST, ST PAUL, MN, 55108",Match,Non_Exact,"1460 N HURON ST, SAINT PAUL, MN, 55108","-93.155268247215,44.985707737518",97641763.0,R,27.0,123.0,30201.0,2017.0
2834,"1388 PASCAL ST N, ST PAUL, MN, 55108",Match,Exact,"1388 PASCAL ST N, SAINT PAUL, MN, 55108","-93.161742920878,44.983208894067",97641094.0,R,27.0,123.0,30201.0,4003.0
2955,"3016 WOODBRIDGE ST, ROSEVILLE, MN, 55113",Match,Exact,"3016 WOODBRIDGE ST, ROSEVILLE, MN, 55113","-93.10818296753,45.032096649758",97642698.0,R,27.0,123.0,41601.0,1007.0
2712,"1667 FERNWOOD ST, ST PAUL, MN, 55108",Tie,,,,,,,,,
2833,"2155 COUNTY ROAD F E, WHITE BEAR LAKE, MN, 55110",Match,Non_Exact,"2155 E CO RD F, WHITE BEAR LAKE, MN, 55110","-93.009633993169,45.064738917935",97637248.0,L,27.0,123.0,40301.0,2016.0
2954,"7886 SUNNYSIDE RD, MOUNDS VIEW, MN, 55112",Match,Exact,"7886 SUNNYSIDE RD, MOUNDS VIEW, MN, 55112","-93.215250632352,45.111234132318",97633394.0,L,27.0,123.0,41001.0,1008.0
2711,"2833 MOUNDS VIEW BLVD, MOUNDS VIEW, MN, 55112",No_Match,,,,,,,,,
2832,"2542 SILVER LAKE RD NW, NEW BRIGHTON, MN, 55112",Match,Non_Exact,"2542 SILVER LAKE RD, NEW BRIGHTON, MN, 55112","-93.219022405571,45.092610010999",97633721.0,L,27.0,123.0,41105.0,5010.0
2953,"1795 ARONA ST, FALCON HEIGHTS, MN, 55113",Match,Non_Exact,"1795 N ARONA ST, FALCON HEIGHTS, MN, 55113","-93.164307451565,44.995019293897",97640953.0,L,27.0,123.0,41900.0,3019.0
2710,"1758 SIMPSON ST, FALCON HEIGHTS, MN, 55113",Match,Exact,"1758 SIMPSON ST, FALCON HEIGHTS, MN, 55113","-93.162882348474,44.994214348345",97640956.0,R,27.0,123.0,41900.0,1008.0
2831,"1437 PASCAL ST N, ST PAUL, MN, 55108",Match,Exact,"1437 PASCAL ST N, SAINT PAUL, MN, 55108","-93.161887285892,44.984467956645",97641094.0,L,27.0,123.0,30201.0,4004.0
2952,"1665 COUNTY ROAD B E, MAPLEWOOD, MN, 55109",Match,Exact,"1665 CO RD B E, MAPLEWOOD, MN, 55109","-93.030176320349,45.006475281838",97652160.0,L,27.0,123.0,42402.0,2016.0
2830,"965 COUNTY ROAD C2 W, ROSEVILLE, MN, 55113",Match,Exact,"965 CO RD C2 W, ROSEVILLE, MN, 55113","-93.141266793079,45.027936858594",97671369.0,R,27.0,123.0,41500.0,2014.0
2951,"3511 SIEMS CT, ARDEN HILLS, MN, 55112",Match,Exact,"3511 SIEMS CT, ARDEN HILLS, MN, 55112","-93.166714435665,45.047399719657",97639837.0,L,27.0,123.0,40804.0,1007.0
2950,"1523 FRANKSON AVE, ST PAUL, MN, 55108",Match,Exact,"1523 FRANKSON AVE, SAINT PAUL, MN, 55108","-93.164831172125,44.982238979035",97641089.0,R,27.0,123.0,30201.0,4009.0
2719,"2018 MANITOU AVE, ST PAUL, MN, 55119",Match,Exact,"2018 MANITOU AVE, SAINT PAUL, MN, 55119","-93.015809379927,44.967425293602",97653578.0,R,27.0,123.0,31802.0,3010.0
2718,"741 HOYT AVE W, ST PAUL, MN, 55117",Match,Exact,"741 HOYT AVE W, SAINT PAUL, MN, 55117","-93.132146208999,44.988293899889",97641965.0,R,27.0,123.0,30300.0,1017.0
2839,"3550 RIDGEWOOD CT, ARDEN HILLS, MN, 55112",Match,Exact,"3550 RIDGEWOOD CT, ARDEN HILLS, MN, 55112","-93.165180395257,45.048767269342",97688397.0,R,27.0,123.0,40804.0,1006.0
2717,"449 GLENWOOD AVE, ROSEVILLE, MN, 55113",Match,Non_Exact,"449 W GLENWOOD AVE, ROSEVILLE, MN, 55113","-93.118644853655,44.996313214076",97643557.0,R,27.0,123.0,41602.0,3001.0
2838,"1388 SNELLING AVE N, ST PAUL, MN, 55108",Match,Exact,"1388 SNELLING AVE N, SAINT PAUL, MN, 55108","-93.166862276713,44.98302994229",97641027.0,R,27.0,123.0,30201.0,4007.0
2959,"2315 SKILLMAN AVE E, NORTH ST PAUL, MN, 55109",Match,Exact,"2315 SKILLMAN AVE E, NORTH ST PAUL, MN, 55109","-93.002816988213,45.00291492051",97653755.0,L,27.0,123.0,42700.0,5004.0
2716,"1495 LARPENTEUR AVE W, FALCON HEIGHTS, MN, 55113",Match,Exact,"1495 LARPENTEUR AVE W, FALCON HEIGHTS, MN, 55113","-93.16308902117,44.991849418899",97641043.0,R,27.0,123.0,41900.0,1010.0
2837,"7730 GREENWOOD DR, MOUNDS VIEW, MN, 55112",Match,Exact,"7730 GREENWOOD DR, MOUNDS VIEW, MN, 55112","-93.211120928609,45.108600173168",97633398.0,L,27.0,123.0,41001.0,1010.0
2958,"1618 FERNWOOD ST, ST PAUL, MN, 55108",Tie,,,,,,,,,
2715,"535 MONTROSE LN, ST PAUL, MN, 55116",Match,Exact,"535 MONTROSE LN, SAINT PAUL, MN, 55116","-93.193672222387,44.924606588415",97639528.0,R,27.0,123.0,43001.0,3001.0
2836,"8425 SPRING LAKE RD, MOUNDS VIEW, MN, 55112",Match,Exact,"8425 SPRING LAKE RD, MOUNDS VIEW, MN, 55112","-93.224966641343,45.122191421297",97633295.0,R,27.0,123.0,41001.0,2003.0
2957,"482 HILLTOP AVE, ROSEVILLE, MN, 55113",Match,Non_Exact,"482 W HILLTOP AVE, ROSEVILLE, MN, 55113","-93.12018495173,44.997095930004",97643552.0,L,27.0,123.0,41602.0,3001.0
2714,"3265 WOODBRIDGE ST, SHOREVIEW, MN, 55126",Match,Exact,"3265 WOODBRIDGE ST, SHOREVIEW, MN, 55126","-93.109206958807,45.040262592628",97642680.0,L,27.0,123.0,40704.0,3001.0
2835,"1473 IDAHO AVE W, FALCON HEIGHTS, MN, 55108",Match,Non_Exact,"1473 W IDAHO AVE, FALCON HEIGHTS, MN, 55108","-93.162220671952,44.990046815322",97641047.0,R,27.0,123.0,41900.0,2014.0
2956,"1780 HIGHWAY 10, SPRING LAKE PARK, MN, 55432",Match,Exact,"1780 CO RD 10, SPRING LAKE PARK, MN, 55432","-93.22557258979,45.114749497829",97676927.0,R,27.0,123.0,41001.0,2015.0
2603,"3530 RUSTIC PL, SHOREVIEW, MN, 55126",Match,Exact,"3530 RUSTIC PL, SHOREVIEW, MN, 55126","-93.108767688935,45.048062814472",97642627.0,R,27.0,123.0,40704.0,5004.0
2724,"1450 SHELDON ST, ST PAUL, MN, 55108",Tie,,,,,,,,,
2845,"1463 CALIFORNIA AVE W, FALCON HEIGHTS, MN, 55108",Match,Non_Exact,"1463 CALIFORNIA AVE, FALCON HEIGHTS, MN, 55108","-93.161792488812,44.990940434179",97641045.0,R,27.0,123.0,41900.0,2002.0
2966,"1987 HERSCHEL ST, ROSEVILLE, MN, 55113",Match,Exact,"1987 HERSCHEL ST, ROSEVILLE, MN, 55113","-93.173239840495,45.001343339602",97640814.0,L,27.0,123.0,41301.0,1022.0
2602,"1515 CHELSEA ST, ST PAUL, MN, 55108",Match,Non_Exact,"1515 N CHELSEA ST, SAINT PAUL, MN, 55108","-93.154111822277,44.986920722211",97641759.0,L,27.0,123.0,30201.0,2000.0
2723,"1443 CALIFORNIA AVE W, FALCON HEIGHTS, MN, 55108",Match,Non_Exact,"1443 CALIFORNIA AVE, FALCON HEIGHTS, MN, 55108","-93.160911878966,44.990946918528",97641060.0,R,27.0,123.0,41900.0,2012.0
2844,"1467 HOLTON ST, ST PAUL, MN, 55108",Match,Non_Exact,"1467 N HOLTON ST, SAINT PAUL, MN, 55108","-93.16060333962,44.98578272893",97641080.0,L,27.0,123.0,30201.0,2012.0
2965,"7546 SPRING LAKE RD, MOUNDS VIEW, MN, 55112",Match,Exact,"7546 SPRING LAKE RD, MOUNDS VIEW, MN, 55112","-93.225146194814,45.104877032745",97633321.0,L,27.0,123.0,41002.0,1003.0
2601,"1785 FLANDRAU ST N, MAPLEWOOD, MN, 55109",Match,Exact,"1785 FLANDRAU ST N, MAPLEWOOD, MN, 55109","-93.027911259134,44.995987326783",97652965.0,L,27.0,123.0,42402.0,1013.0
2722,"2064 IVY ST, NORTH ST PAUL, MN, 55109",Match,Non_Exact,"2064 N IVY ST, NORTH ST PAUL, MN, 55109","-93.003606026617,45.00373498616",97652727.0,R,27.0,123.0,42700.0,5004.0
2843,"1348 SIMPSON ST, ST PAUL, MN, 55108",Match,Exact,"1348 SIMPSON ST, SAINT PAUL, MN, 55108","-93.163036932965,44.982168485026",619253152.0,R,27.0,123.0,30201.0,4010.0
2964,"8308 KNOLLWOOD DR, MOUNDS VIEW, MN, 55112",Match,Exact,"8308 KNOLLWOOD DR, MOUNDS VIEW, MN, 55112","-93.223235459011,45.120322934547",97633294.0,L,27.0,123.0,41001.0,2003.0
2600,"860 SYNDICATE ST S, ST PAUL, MN, 55116",Match,Non_Exact,"860 S SYNDICATE ST, SAINT PAUL, MN, 55116","-93.154204379158,44.915924668587",97646970.0,L,27.0,123.0,36600.0,1017.0
2721,"7751 GREENWOOD DR, MOUNDS VIEW, MN, 55112",Match,Exact,"7751 GREENWOOD DR, MOUNDS VIEW, MN, 55112","-93.210964298849,45.10895717282",97633398.0,R,27.0,123.0,41001.0,1013.0
2842,"1575 HURON ST, ST PAUL, MN, 55108",Tie,,,,,,,,,
2963,"7546 KNOLLWOOD DR, MOUNDS VIEW, MN, 55112",Match,Exact,"7546 KNOLLWOOD DR, MOUNDS VIEW, MN, 55112","-93.223133835195,45.105028649422",97633327.0,L,27.0,123.0,41002.0,1002.0
2720,"7412 KNOLLWOOD DR, MOUNDS VIEW, MN, 55112",Match,Exact,"7412 KNOLLWOOD DR, MOUNDS VIEW, MN, 55112","-93.222371055314,45.102588289186",97633636.0,L,27.0,123.0,41002.0,1005.0
2841,"1041 DESOTO ST, ST PAUL, MN, 55130",Match,Exact,"1041 DESOTO ST, SAINT PAUL, MN, 55130","-93.081223290916,44.972683797482",97650355.0,L,27.0,123.0,30900.0,3019.0
2962,"3061 WOODBRIDGE ST, ROSEVILLE, MN, 55113",Match,Exact,"3061 WOODBRIDGE ST, ROSEVILLE, MN, 55113","-93.108356773243,45.033402192636",97642698.0,L,27.0,123.0,41601.0,1000.0
2840,"1552 HOLTON ST, ST PAUL, MN, 55108",Match,Non_Exact,"1552 N HOLTON ST, SAINT PAUL, MN, 55108","-93.160434333404,44.986882339044",97641075.0,R,27.0,123.0,30201.0,2003.0
2961,"1615 CHELSEA ST, ST PAUL, MN, 55108",Tie,,,,,,,,,
2960,"1438 SIMPSON ST, ST PAUL, MN, 55108",Match,Exact,"1438 SIMPSON ST, SAINT PAUL, MN, 55108","-93.163002641485,44.984454385717",97641092.0,R,27.0,123.0,30201.0,4004.0
2609,"3530 RIDGEWOOD RD, ARDEN HILLS, MN, 55112",Match,Exact,"3530 RIDGEWOOD RD, ARDEN HILLS, MN, 55112","-93.164122301181,45.049046642578",97688395.0,R,27.0,123.0,40804.0,1005.0
2608,"1362 BELMONT LN W, ROSEVILLE, MN, 55113",Match,Exact,"1362 BELMONT LN W, ROSEVILLE, MN, 55113","-93.158197716238,45.003514603283",97641631.0,L,27.0,123.0,41800.0,2006.0
2729,"331 MOUNT CURVE BLVD, ST PAUL, MN, 55105",Match,Exact,"331 MOUNT CURVE BLVD, SAINT PAUL, MN, 55105","-93.193687208734,44.931640304107",97639402.0,R,27.0,123.0,43001.0,5001.0
2607,"2217 GARDENETTE DR N, WHITE BEAR LAKE, MN, 55110",Match,Exact,"2217 GARDENETTE DR N, WHITE BEAR LAKE, MN, 55110","-93.008445920167,45.067757585976",97637241.0,L,27.0,123.0,40301.0,2014.0
2728,"1395 ALBERT ST N, ST PAUL, MN, 55108",Match,Exact,"1395 ALBERT ST N, SAINT PAUL, MN, 55108","-93.159332667128,44.983875352219",97641119.0,L,27.0,123.0,30201.0,4002.0
2849,"2658 VALLEY VIEW LN, NEW BRIGHTON, MN, 55112",Match,Exact,"2658 VALLEY VIEW LN, NEW BRIGHTON, MN, 55112","-93.221874050279,45.090643386151",639709912.0,R,27.0,123.0,41105.0,5012.0
2606,"1516 ASBURY ST, ST PAUL, MN, 55108",Match,Non_Exact,"1516 N ASBURY ST, SAINT PAUL, MN, 55108","-93.165537354605,44.98654171018",97641000.0,R,27.0,123.0,30201.0,2007.0
2727,"1729 SNELLING AVE N, FALCON HEIGHTS, MN, 55113",Match,Exact,"1729 SNELLING AVE N, FALCON HEIGHTS, MN, 55113","-93.166813116364,44.992652294521",624768568.0,L,27.0,123.0,41900.0,3022.0
2848,"1413 SHELDON ST, ST PAUL, MN, 55108",Tie,,,,,,,,,
2969,"0 SNELLING AVE N, FALCON HEIGHTS, MN, 55113",No_Match,,,,,,,,,
2605,"2034 GREENBRIER ST N, MAPLEWOOD, MN, 55117",Match,Non_Exact,"2034 GREENBRIER ST, MAPLEWOOD, MN, 55117","-93.07151054454,45.004102703133",97649491.0,R,27.0,123.0,42202.0,1013.0
2726,"1925 REANEY AVE, ST PAUL, MN, 55119",Match,Exact,"1925 REANEY AVE, SAINT PAUL, MN, 55119","-93.017532867237,44.964457137637",97653516.0,L,27.0,123.0,31802.0,3016.0
2847,"1841 ARONA ST, FALCON HEIGHTS, MN, 55113",Match,Non_Exact,"1841 N ARONA ST, FALCON HEIGHTS, MN, 55113","-93.16430431271,44.996391731529",97640950.0,L,27.0,123.0,41900.0,3018.0
2968,"1615 WATSON AVE, ST PAUL, MN, 55116",Match,Non_Exact,"1615 W WATSON AVE, SAINT PAUL, MN, 55116","-93.169078966078,44.924337797907",97646158.0,R,27.0,123.0,36400.0,2005.0
2604,"2185 WAUKON AVE, ST PAUL, MN, 55119",Match,Exact,"2185 WAUKON AVE, SAINT PAUL, MN, 55119","-93.009890630361,44.967582761271",97653640.0,L,27.0,123.0,31802.0,2003.0
2725,"2128 NOKOMIS AVE, ST PAUL, MN, 55119",Match,Exact,"2128 NOKOMIS AVE, SAINT PAUL, MN, 55119","-93.012103274815,44.967889974512",97653604.0,R,27.0,123.0,31802.0,3012.0
2846,"1054 HOYT AVE W, ST PAUL, MN, 55117",Match,Exact,"1054 HOYT AVE W, SAINT PAUL, MN, 55117","-93.144822732046,44.988265944654",97641814.0,L,27.0,123.0,30300.0,4016.0
2967,"1403 CALIFORNIA AVE W, FALCON HEIGHTS, MN, 55108",Match,Non_Exact,"1403 CALIFORNIA AVE, FALCON HEIGHTS, MN, 55108","-93.159315894718,44.990958157744",97641060.0,R,27.0,123.0,41900.0,2012.0
2980,"1993 NORTONIA AVE, ST PAUL, MN, 55119",Match,Exact,"1993 NORTONIA AVE, SAINT PAUL, MN, 55119","-93.016467124976,44.965301834192",97653657.0,L,27.0,123.0,31802.0,3014.0
2614,"1667 LARPENTEUR AVE E, MAPLEWOOD, MN, 55109",Match,Exact,"1667 LARPENTEUR AVE E, MAPLEWOOD, MN, 55109","-93.029891831218,44.99202128393",652845860.0,L,27.0,123.0,42402.0,1013.0
2735,"3461 SIEMS CT, ARDEN HILLS, MN, 55112",Match,Exact,"3461 SIEMS CT, ARDEN HILLS, MN, 55112","-93.166795389471,45.046291711127",97639839.0,L,27.0,123.0,40804.0,1007.0
2856,"2109 WAUKON AVE, ST PAUL, MN, 55119",Match,Exact,"2109 WAUKON AVE, SAINT PAUL, MN, 55119","-93.011132673843,44.96606888065",97653702.0,L,27.0,123.0,31802.0,2006.0
2977,"2077 NOKOMIS AVE, ST PAUL, MN, 55119",Match,Exact,"2077 NOKOMIS AVE, SAINT PAUL, MN, 55119","-93.013571131981,44.966892764352",97653599.0,L,27.0,123.0,31802.0,3009.0
2613,"1835 ARONA ST, FALCON HEIGHTS, MN, 55113",Match,Non_Exact,"1835 N ARONA ST, FALCON HEIGHTS, MN, 55113","-93.164304781064,44.996203463914",97640950.0,L,27.0,123.0,41900.0,3018.0
2734,"2143 4TH ST E, ST PAUL, MN, 55119",Match,Non_Exact,"2143 E 4TH ST, SAINT PAUL, MN, 55119","-93.010154794264,44.95860428745",97653731.0,L,27.0,123.0,34702.0,4007.0
2855,"1508 IDAHO AVE W, FALCON HEIGHTS, MN, 55108",Match,Non_Exact,"1508 W IDAHO AVE, FALCON HEIGHTS, MN, 55108","-93.163713364343,44.989921761751",97641047.0,L,27.0,123.0,41900.0,2007.0
2976,"1855 MONTREAL AVE, ST PAUL, MN, 55116",Match,Non_Exact,"1855 W MONTREAL AVE, SAINT PAUL, MN, 55116","-93.178872096405,44.912583542788",97646044.0,R,27.0,123.0,37500.0,3010.0
2612,"1412 PASCAL ST N, ST PAUL, MN, 55108",Match,Exact,"1412 PASCAL ST N, SAINT PAUL, MN, 55108","-93.161734456244,44.983812698724",97641094.0,R,27.0,123.0,30201.0,4003.0
2733,"2036 MANITOU AVE, ST PAUL, MN, 55119",Match,Exact,"2036 MANITOU AVE, SAINT PAUL, MN, 55119","-93.014945990523,44.967763145908",97653594.0,R,27.0,123.0,31802.0,3010.0
2854,"453 CRETIN AVE S, ST PAUL, MN, 55105",Match,Non_Exact,"453 S CRETIN AVE, SAINT PAUL, MN, 55105","-93.192566703196,44.927850326857",97639529.0,R,27.0,123.0,43001.0,5008.0
2975,"7897 SPRING LAKE RD, MOUNDS VIEW, MN, 55112",Match,Exact,"7897 SPRING LAKE RD, MOUNDS VIEW, MN, 55112","-93.22377507854,45.108963802239",649428313.0,R,27.0,123.0,41001.0,2017.0
2611,"7891 SUNNYSIDE RD, MOUNDS VIEW, MN, 55112",Match,Exact,"7891 SUNNYSIDE RD, MOUNDS VIEW, MN, 55112","-93.215089731416,45.111326398719",97633394.0,R,27.0,123.0,41001.0,1009.0
2732,"1855 ROME AVE, ST PAUL, MN, 55116",Match,Non_Exact,"1855 W ROME AVE, SAINT PAUL, MN, 55116","-93.178818951892,44.913502457531",97646057.0,R,27.0,123.0,37500.0,3008.0
2853,"1293 ARLINGTON AVE W, ST PAUL, MN, 55108",Match,Exact,"1293 ARLINGTON AVE W, SAINT PAUL, MN, 55108","-93.155053022546,44.984679532556",97641781.0,R,27.0,123.0,30201.0,2017.0
2974,"1568 HURON ST, ST PAUL, MN, 55108",Tie,,,,,,,,,
2610,"581 MONTROSE LN, ST PAUL, MN, 55116",Match,Exact,"581 MONTROSE LN, SAINT PAUL, MN, 55116","-93.193673235005,44.923788483495",97639528.0,R,27.0,123.0,43001.0,3001.0
2731,"7675 SPRING LAKE RD NE, MOUNDS VIEW, MN, 55112",Match,Exact,"7675 SPRING LAKE RD NE, MOUNDS VIEW, MN, 55112","-93.225039923521,45.10682420796",97633321.0,R,27.0,123.0,41002.0,1002.0
2852,"2077 GIESMANN ST, ROSEVILLE, MN, 55113",Match,Exact,"2077 GIESMANN ST, ROSEVILLE, MN, 55113","-93.112826996,45.003710488665",97662289.0,L,27.0,123.0,41602.0,2014.0
2973,"1523 ARONA ST, ST PAUL, MN, 55108",Match,Non_Exact,"1523 N ARONA ST, SAINT PAUL, MN, 55108","-93.164425158241,44.986795374658",97641050.0,L,27.0,123.0,30201.0,2007.0
2730,"1401 ARONA ST, ST PAUL, MN, 55108",Tie,,,,,,,,,
2851,"1434 PASCAL ST N, ST PAUL, MN, 55108",Match,Exact,"1434 PASCAL ST N, SAINT PAUL, MN, 55108","-93.161726696997,44.984366186325",97641094.0,R,27.0,123.0,30201.0,4003.0
2972,"796 PARKVIEW AVE, ST PAUL, MN, 55117",Match,Non_Exact,"796 W PARKVIEW AVE, SAINT PAUL, MN, 55117","-93.133464425005,44.983645985334",97641984.0,L,27.0,123.0,30300.0,2004.0
2850,"1852 FLANDRAU ST N, MAPLEWOOD, MN, 55109",Match,Exact,"1852 FLANDRAU ST N, MAPLEWOOD, MN, 55109","-93.027747418746,44.997423249628",97652965.0,R,27.0,123.0,42402.0,1014.0
2971,"736 HAZEL ST N, ST PAUL, MN, 55119",Match,Exact,"736 HAZEL ST N, SAINT PAUL, MN, 55119","-93.020161108263,44.961649404879",97653512.0,R,27.0,123.0,34702.0,3000.0
2970,"2469 DUNLAP ST N, ROSEVILLE, MN, 55113",Match,Non_Exact,"2469 N DUNLAP ST, ROSEVILLE, MN, 55113","-93.14986367419,45.015647944073",97640593.0,L,27.0,123.0,41400.0,2005.0
2619,"1825 PASCAL ST N, FALCON HEIGHTS, MN, 55113",Match,Non_Exact,"1825 N PASCAL ST, FALCON HEIGHTS, MN, 55113","-93.161777797813,44.996006795186",97640961.0,L,27.0,123.0,41900.0,1007.0
2618,"2032 NORFOLK AVE, ST PAUL, MN, 55116",Match,Exact,"2032 NORFOLK AVE, SAINT PAUL, MN, 55116","-93.186177604596,44.899557441291",97639724.0,L,27.0,123.0,37601.0,2010.0
2739,"1395 CALIFORNIA AVE W, FALCON HEIGHTS, MN, 55108",Match,Non_Exact,"1395 CALIFORNIA AVE, FALCON HEIGHTS, MN, 55108","-93.158975248713,44.990960543398",97641069.0,R,27.0,123.0,41900.0,2011.0
2617,"1595 JUNO AVE, ST PAUL, MN, 55116",Match,Non_Exact,"1595 W JUNO AVE, SAINT PAUL, MN, 55116","-93.16872997279,44.926147329301",97646154.0,R,27.0,123.0,36400.0,2000.0
2738,"1875 FLANDRAU ST N, MAPLEWOOD, MN, 55109",Match,Exact,"1875 FLANDRAU ST N, MAPLEWOOD, MN, 55109","-93.027908813219,44.997931616369",97652965.0,L,27.0,123.0,42402.0,1013.0
2859,"302 SOUTH MCCARRONS BLVD, ROSEVILLE, MN, 55113",Match,Non_Exact,"302 MCCARRONS BLVD S, ROSEVILLE, MN, 55113","-93.113354556638,44.996251612629",97643562.0,L,27.0,123.0,41602.0,3000.0
2616,"3024 COUNTY ROAD I, MOUNDS VIEW, MN, 55112",Match,Exact,"3024 CO RD I, MOUNDS VIEW, MN, 55112","-93.225790292202,45.107040544015",97633320.0,L,27.0,123.0,41002.0,1003.0
2737,"2971 VICTORIA ST N, ROSEVILLE, MN, 55113",Match,Exact,"2971 VICTORIA ST N, ROSEVILLE, MN, 55113","-93.136757028997,45.03054095617",97640446.0,L,27.0,123.0,41500.0,2007.0
2858,"1464 ARONA ST, ST PAUL, MN, 55108",Tie,,,,,,,,,
2979,"1507 ARONA ST, ST PAUL, MN, 55108",Match,Non_Exact,"1507 N ARONA ST, SAINT PAUL, MN, 55108","-93.164429975384,44.986518735141",97641050.0,L,27.0,123.0,30201.0,2007.0
2615,"7965 SUNNYSIDE RD, MOUNDS VIEW, MN, 55112",Match,Exact,"7965 SUNNYSIDE RD, MOUNDS VIEW, MN, 55112","-93.215111787839,45.112759354331",97633382.0,R,27.0,123.0,41001.0,1006.0
2736,"2148 5TH ST E, ST PAUL, MN, 55119",Match,Non_Exact,"2148 E 5TH ST, SAINT PAUL, MN, 55119","-93.009911568429,44.959398083566",97653734.0,R,27.0,123.0,34702.0,4006.0
2857,"2071 WILLIAM ST, ROSEVILLE, MN, 55113",Match,Non_Exact,"2071 WILLIAM ST N, ROSEVILLE, MN, 55113","-93.111230605356,45.003348676785",97643567.0,L,27.0,123.0,41602.0,2015.0
2978,"1362 LARPENTEUR AVE W, FALCON HEIGHTS, MN, 55113",Match,Exact,"1362 LARPENTEUR AVE W, FALCON HEIGHTS, MN, 55113","-93.157731888253,44.991772471007",97641067.0,L,27.0,123.0,41900.0,2000.0
2870,"1868 FLANDRAU ST N, MAPLEWOOD, MN, 55109",Match,Exact,"1868 FLANDRAU ST N, MAPLEWOOD, MN, 55109","-93.027746986552,44.997766806252",97652965.0,R,27.0,123.0,42402.0,1014.0
2991,"2091 4TH ST E, ST PAUL, MN, 55119",Match,Non_Exact,"2091 E 4TH ST, SAINT PAUL, MN, 55119","-93.012151392728,44.958604287589",97653731.0,L,27.0,123.0,34702.0,4007.0
2990,"1411 MCKINLEY ST, ST PAUL, MN, 55108",Match,Non_Exact,"1411 W MCKINLEY ST, SAINT PAUL, MN, 55108","-93.16062740714,44.984059316695",97641118.0,L,27.0,123.0,30201.0,4003.0
2504,"3520 RUSTIC PL, SHOREVIEW, MN, 55126",Match,Exact,"3520 RUSTIC PL, SHOREVIEW, MN, 55126","-93.108767688979,45.047739303437",97642627.0,R,27.0,123.0,40704.0,5004.0
2625,"1426 ARONA ST, ST PAUL, MN, 55108",Tie,,,,,,,,,
2746,"1484 HOLTON ST, ST PAUL, MN, 55108",Match,Non_Exact,"1484 N HOLTON ST, SAINT PAUL, MN, 55108","-93.160439222984,44.986064295202",97641080.0,R,27.0,123.0,30201.0,2013.0
2867,"7805 GLORIA CIR, MOUNDS VIEW, MN, 55112",Match,Exact,"7805 GLORIA CIR, MOUNDS VIEW, MN, 55112","-93.226281491931,45.110608199649",97633311.0,R,27.0,123.0,41001.0,2020.0
2988,"2589 SWAN AVE E, NORTH ST PAUL, MN, 55109",Match,Non_Exact,"2589 E SWAN AVE, NORTH ST PAUL, MN, 55109","-92.99140935034,45.025437700933",97652813.0,L,27.0,123.0,42602.0,1004.0
2503,"2809 WOODCREST DR, MOUNDS VIEW, MN, 55112",Match,Exact,"2809 WOODCREST DR, MOUNDS VIEW, MN, 55112","-93.219324293154,45.095968149858",97633663.0,R,27.0,123.0,41002.0,1011.0
2624,"1390 MCKINLEY ST, ST PAUL, MN, 55108",Match,Non_Exact,"1390 W MCKINLEY ST, SAINT PAUL, MN, 55108","-93.160432768468,44.983714835297",97641118.0,R,27.0,123.0,30201.0,4002.0
2745,"1734 FLANDRAU ST N, MAPLEWOOD, MN, 55109",Match,Exact,"1734 FLANDRAU ST N, MAPLEWOOD, MN, 55109","-93.027750606176,44.994889519522",97652965.0,R,27.0,123.0,42402.0,1014.0
2866,"1616 HURON ST, ST PAUL, MN, 55108",Match,Non_Exact,"1616 HURON ST N, SAINT PAUL, MN, 55108","-93.15520215551,44.989828658459",97641752.0,R,27.0,123.0,30201.0,1006.0
2987,"1731 SHRYER AVE W, ROSEVILLE, MN, 55113",Match,Exact,"1731 SHRYER AVE W, ROSEVILLE, MN, 55113","-93.173072740527,45.002146292388",97640817.0,R,27.0,123.0,41301.0,1021.0
2502,"7959 SUNNYSIDE RD, MOUNDS VIEW, MN, 55112",Match,Exact,"7959 SUNNYSIDE RD, MOUNDS VIEW, MN, 55112","-93.215110161241,45.112652811115",97633382.0,R,27.0,123.0,41001.0,1006.0
2623,"2120 3RD ST N, NORTH ST PAUL, MN, 55109",Match,Exact,"2120 3RD ST N, NORTH ST PAUL, MN, 55109","-93.002357252858,45.005374557376",97656749.0,R,27.0,123.0,42700.0,5005.0
2744,"2631 MOUNDS VIEW BLVD, MOUNDS VIEW, MN, 55112",No_Match,,,,,,,,,
2865,"1751 LARPENTEUR AVE E, MAPLEWOOD, MN, 55109",Match,Exact,"1751 LARPENTEUR AVE E, MAPLEWOOD, MN, 55109","-93.0268513522,44.992009035883",97652978.0,L,27.0,123.0,42402.0,1014.0
2986,"1539 CRAWFORD AVE, FALCON HEIGHTS, MN, 55113",Match,Exact,"1539 CRAWFORD AVE, FALCON HEIGHTS, MN, 55113","-93.164740406372,44.992887043106",97640927.0,R,27.0,123.0,41900.0,3019.0
2501,"162 ST MARIE ST, SHOREVIEW, MN, 55126",Match,Exact,"162 ST MARIE ST, SHOREVIEW, MN, 55126","-93.107606684305,45.050262689428",97642628.0,L,27.0,123.0,40704.0,5004.0
2622,"7815 EASTWOOD RD, MOUNDS VIEW, MN, 55112",Match,Exact,"7815 EASTWOOD RD, MOUNDS VIEW, MN, 55112","-93.213026384246,45.11004978172",97633392.0,R,27.0,123.0,41001.0,1010.0
2743,"1859 ARONA ST, FALCON HEIGHTS, MN, 55113",Match,Non_Exact,"1859 N ARONA ST, FALCON HEIGHTS, MN, 55113","-93.16430290765,44.996956534373",97640950.0,L,27.0,123.0,41900.0,3018.0
2864,"1469 IDAHO AVE W, FALCON HEIGHTS, MN, 55108",Match,Non_Exact,"1469 W IDAHO AVE, FALCON HEIGHTS, MN, 55108","-93.162054638927,44.990047978414",97641047.0,R,27.0,123.0,41900.0,2014.0
2985,"1622 FERNWOOD ST, ST PAUL, MN, 55108",Tie,,,,,,,,,
2500,"1610 SANDHURST AVE E, MAPLEWOOD, MN, 55109",Match,Exact,"1610 SANDHURST AVE E, MAPLEWOOD, MN, 55109","-93.032399785568,45.007278690478",97652156.0,R,27.0,123.0,42402.0,2015.0
2621,"1839 FRANK ST N, MAPLEWOOD, MN, 55109",Match,Non_Exact,"1839 FRANK ST, MAPLEWOOD, MN, 55109","-93.050890661017,44.996122822377",97651071.0,L,27.0,123.0,42302.0,1000.0
2742,"2114 5TH ST E, ST PAUL, MN, 55119",Match,Non_Exact,"2114 E 5TH ST, SAINT PAUL, MN, 55119","-93.011311729546,44.95940306086",97653729.0,R,27.0,123.0,34702.0,4007.0
2863,"1351 SKILLMAN AVE W, ROSEVILLE, MN, 55113",Match,Exact,"1351 SKILLMAN AVE W, ROSEVILLE, MN, 55113","-93.156861780356,45.002738214478",97641633.0,R,27.0,123.0,41800.0,2006.0
2984,"2848 COUNTY ROAD I, MOUNDS VIEW, MN, 55112",Match,Exact,"2848 CO RD I, MOUNDS VIEW, MN, 55112","-93.22225885579,45.107739044963",97633368.0,L,27.0,123.0,41002.0,1001.0
2620,"2221 BURR ST N, MAPLEWOOD, MN, 55117",Match,Non_Exact,"2221 BURR ST, MAPLEWOOD, MN, 55117","-93.080090304619,45.007923280912",97649445.0,L,27.0,123.0,42202.0,5008.0
2741,"1846 ARONA ST, FALCON HEIGHTS, MN, 55113",Match,Non_Exact,"1846 N ARONA ST, FALCON HEIGHTS, MN, 55113","-93.164141901314,44.996539454493",97640950.0,R,27.0,123.0,41900.0,1006.0
2862,"2091 MOHAWK AVE, ST PAUL, MN, 55119",Match,Exact,"2091 MOHAWK AVE, SAINT PAUL, MN, 55119","-93.013855248761,44.967583707958",97653580.0,L,27.0,123.0,31802.0,3010.0
2983,"2015 KENWOOD DR E, MAPLEWOOD, MN, 55117",Match,Non_Exact,"2015 E KENWOOD DR, MAPLEWOOD, MN, 55117","-93.068404931754,45.002095848312",647914966.0,L,27.0,123.0,42202.0,1017.0
2740,"1776 SIMPSON ST, FALCON HEIGHTS, MN, 55113",Match,Exact,"1776 SIMPSON ST, FALCON HEIGHTS, MN, 55113","-93.162881632042,44.994621249734",97640956.0,R,27.0,123.0,41900.0,1008.0
2861,"1433 BELMONT LN W, ROSEVILLE, MN, 55113",Match,Exact,"1433 BELMONT LN W, ROSEVILLE, MN, 55113","-93.159926699554,45.003607619579",97641631.0,R,27.0,123.0,41800.0,2009.0
2982,"941 SHERREN ST W, ROSEVILLE, MN, 55113",Match,Exact,"941 SHERREN ST W, ROSEVILLE, MN, 55113","-93.139568033076,45.00911720089",97640735.0,R,27.0,123.0,41700.0,1002.0
2860,"1865 FLANDRAU ST N, MAPLEWOOD, MN, 55109",Match,Exact,"1865 FLANDRAU ST N, MAPLEWOOD, MN, 55109","-93.027909084988,44.997715584192",97652965.0,L,27.0,123.0,42402.0,1013.0
2981,"706 SHRYER AVE W, ROSEVILLE, MN, 55113",Match,Exact,"706 SHRYER AVE W, ROSEVILLE, MN, 55113","-93.128076383644,45.001756192274",97643365.0,L,27.0,123.0,41700.0,4000.0
2509,"1619 EDGCUMBE RD, ST PAUL, MN, 55116",Match,Exact,"1619 EDGCUMBE RD, SAINT PAUL, MN, 55116","-93.152912905203,44.915355303302",617574546.0,R,27.0,123.0,36600.0,1017.0
2508,"1433 CALIFORNIA AVE W, FALCON HEIGHTS, MN, 55108",Match,Non_Exact,"1433 CALIFORNIA AVE, FALCON HEIGHTS, MN, 55108","-93.160512882904,44.990949728332",97641060.0,R,27.0,123.0,41900.0,2012.0
2629,"1592 HAMLINE AVE N, ST PAUL, MN, 55108",Match,Exact,"1592 HAMLINE AVE N, SAINT PAUL, MN, 55108","-93.156522622006,44.98908010312",97641743.0,R,27.0,123.0,30201.0,1005.0
2507,"0 7TH AVE E, NORTH ST PAUL, MN, 55109",No_Match,,,,,,,,,
2628,"519 MOUNT CURVE BLVD, ST PAUL, MN, 55116",Match,Non_Exact,"519 S MOUNT CURVE BLVD, SAINT PAUL, MN, 55116","-93.195053387209,44.924883498556",97639519.0,R,27.0,123.0,43001.0,3002.0
2749,"1861 ROME AVE, ST PAUL, MN, 55116",Match,Non_Exact,"1861 W ROME AVE, SAINT PAUL, MN, 55116","-93.179090351521,44.913500471699",97646057.0,R,27.0,123.0,37500.0,3008.0
2506,"8394 SPRING LAKE RD, MOUNDS VIEW, MN, 55112",Match,Exact,"8394 SPRING LAKE RD, MOUNDS VIEW, MN, 55112","-93.225119426624,45.121582401563",97633295.0,L,27.0,123.0,41001.0,2005.0
2627,"1402 ALBERT ST N, ST PAUL, MN, 55108",Match,Exact,"1402 ALBERT ST N, SAINT PAUL, MN, 55108","-93.159169653583,44.983972775532",97641119.0,R,27.0,123.0,30201.0,4001.0
2748,"1495 SIMPSON ST, ST PAUL, MN, 55108",Match,Exact,"1495 SIMPSON ST, SAINT PAUL, MN, 55108","-93.163157016668,44.986192966181",97641056.0,L,27.0,123.0,30201.0,2010.0
2869,"1954 ROME AVE, ST PAUL, MN, 55116",Match,Non_Exact,"1954 W ROME AVE, SAINT PAUL, MN, 55116","-93.181787946784,44.913376265693",97646042.0,L,27.0,123.0,37500.0,3011.0
2505,"2236 5TH ST E, ST PAUL, MN, 55119",Match,Non_Exact,"2236 E 5TH ST, SAINT PAUL, MN, 55119","-93.006614384113,44.959386313719",97653740.0,R,27.0,123.0,34702.0,4005.0
2626,"1883 BEECHWOOD AVE, ST PAUL, MN, 55116",Match,Exact,"1883 BEECHWOOD AVE, SAINT PAUL, MN, 55116","-93.179944717579,44.915298601517",97645967.0,R,27.0,123.0,37500.0,3000.0
2747,"1695 LARPENTEUR AVE E, MAPLEWOOD, MN, 55109",Match,Exact,"1695 LARPENTEUR AVE E, MAPLEWOOD, MN, 55109","-93.028856059961,44.99201749323",652845861.0,L,27.0,123.0,42402.0,1013.0
2868,"1526 ARONA ST, ST PAUL, MN, 55108",Match,Non_Exact,"1526 N ARONA ST, SAINT PAUL, MN, 55108","-93.164261948131,44.986863123356",97641050.0,R,27.0,123.0,30201.0,2006.0
2989,"1438 ASBURY ST, ST PAUL, MN, 55108",Tie,,,,,,,,,
2760,"1361 SIMPSON ST, ST PAUL, MN, 55108",Match,Exact,"1361 SIMPSON ST, SAINT PAUL, MN, 55108","-93.163195080038,44.982434392795",619253152.0,L,27.0,123.0,30201.0,4015.0
2881,"1930 NORTONIA AVE, ST PAUL, MN, 55119",Match,Exact,"1930 NORTONIA AVE, SAINT PAUL, MN, 55119","-93.018875739911,44.96421995626",97653515.0,R,27.0,123.0,31802.0,3017.0
2880,"588 MOUNT CURVE BLVD, ST PAUL, MN, 55116",Match,Non_Exact,"588 S MOUNT CURVE BLVD, SAINT PAUL, MN, 55116","-93.194934727345,44.923635733465",97639519.0,L,27.0,123.0,43001.0,3001.0
2515,"7809 EASTWOOD RD, MOUNDS VIEW, MN, 55112",Match,Exact,"7809 EASTWOOD RD, MOUNDS VIEW, MN, 55112","-93.213024720581,45.10994302888",97633392.0,R,27.0,123.0,41001.0,1010.0
2636,"1368 ASBURY ST, ST PAUL, MN, 55108",Tie,,,,,,,,,
2757,"2120 4TH ST E, ST PAUL, MN, 55119",Match,Non_Exact,"2120 E 4TH ST, SAINT PAUL, MN, 55119","-93.011027666172,44.95848969613",97653731.0,R,27.0,123.0,34702.0,4010.0
2878,"2102 SHERWOOD AVE, ST PAUL, MN, 55119",Match,Exact,"2102 SHERWOOD AVE, SAINT PAUL, MN, 55119","-93.013593863426,44.983776122073",97653280.0,R,27.0,123.0,30702.0,1007.0
2999,"1561 FERNWOOD ST, ST PAUL, MN, 55108",Tie,,,,,,,,,
2514,"1557 HOLTON ST, ST PAUL, MN, 55108",Match,Non_Exact,"1557 N HOLTON ST, SAINT PAUL, MN, 55108","-93.16059368394,44.987418728816",97641075.0,L,27.0,123.0,30201.0,2004.0
2635,"926 EVAR ST N, MAPLEWOOD, MN, 55119",Match,Non_Exact,"926 EVAR ST, MAPLEWOOD, MN, 55119","-92.993562075301,44.969475561135",97653941.0,R,27.0,123.0,42501.0,4008.0
2756,"1369 IOWA AVE W, FALCON HEIGHTS, MN, 55108",Match,Non_Exact,"1369 W IOWA AVE, FALCON HEIGHTS, MN, 55108","-93.158367571138,44.989183019196",97641742.0,R,27.0,123.0,41900.0,2009.0
2877,"6929 PLEASANT VIEW DR, MOUNDS VIEW, MN, 55112",Match,Exact,"6929 PLEASANT VIEW DR, MOUNDS VIEW, MN, 55112","-93.226330694725,45.093772396856",97633581.0,R,27.0,123.0,41002.0,1010.0
2998,"8001 GREENWOOD DR, MOUNDS VIEW, MN, 55112",Match,Exact,"8001 GREENWOOD DR, MOUNDS VIEW, MN, 55112","-93.21103552136,45.113477837264",97633388.0,R,27.0,123.0,41001.0,1012.0
2513,"1889 COUNTY ROAD C2 W, ROSEVILLE, MN, 55113",Match,Exact,"1889 CO RD C2 W, ROSEVILLE, MN, 55113","-93.18019285253,45.027880298767",97639949.0,R,27.0,123.0,41302.0,4000.0
2634,"8088 SUNNYSIDE RD, MOUNDS VIEW, MN, 55112",Match,Exact,"8088 SUNNYSIDE RD, MOUNDS VIEW, MN, 55112","-93.215307767955,45.114960012888",97633382.0,L,27.0,123.0,41001.0,1007.0
2755,"1478 HAMLINE AVE N, ST PAUL, MN, 55108",Match,Exact,"1478 HAMLINE AVE N, SAINT PAUL, MN, 55108","-93.156573800317,44.98601803472",97641750.0,R,27.0,123.0,30201.0,2016.0
2876,"3654 RUSTIC PL, SHOREVIEW, MN, 55126",Match,Exact,"3654 RUSTIC PL, SHOREVIEW, MN, 55126","-93.107617061477,45.051980497395",97642986.0,R,27.0,123.0,40704.0,5005.0
2997,"8042 SUNNYSIDE RD, MOUNDS VIEW, MN, 55112",Match,Exact,"8042 SUNNYSIDE RD, MOUNDS VIEW, MN, 55112","-93.215295297363,45.114143181563",97633382.0,L,27.0,123.0,41001.0,1007.0
2512,"1629 JUNO AVE, ST PAUL, MN, 55116",Match,Non_Exact,"1629 W JUNO AVE, SAINT PAUL, MN, 55116","-93.169317619243,44.926149405831",97646154.0,R,27.0,123.0,36400.0,2000.0
2633,"1453 CALIFORNIA AVE W, FALCON HEIGHTS, MN, 55108",Match,Non_Exact,"1453 CALIFORNIA AVE, FALCON HEIGHTS, MN, 55108","-93.161310875028,44.990944108724",97641060.0,R,27.0,123.0,41900.0,2012.0
2754,"3435 SIEMS CT, ARDEN HILLS, MN, 55112",Match,Exact,"3435 SIEMS CT, ARDEN HILLS, MN, 55112","-93.166878075601,45.045861743508",97639839.0,L,27.0,123.0,40804.0,1007.0
2875,"1510 LARPENTEUR AVE W, FALCON HEIGHTS, MN, 55113",Match,Exact,"1510 LARPENTEUR AVE W, FALCON HEIGHTS, MN, 55113","-93.163885450743,44.99172915325",97641043.0,L,27.0,123.0,41900.0,2002.0
2996,"2130 NORTONIA AVE, ST PAUL, MN, 55119",Match,Exact,"2130 NORTONIA AVE, SAINT PAUL, MN, 55119","-93.011503818141,44.966887572625",97653637.0,R,27.0,123.0,31802.0,2006.0
2511,"1350 SNELLING AVE N, ST PAUL, MN, 55108",Match,Exact,"1350 SNELLING AVE N, SAINT PAUL, MN, 55108","-93.166872312376,44.982205912453",619253137.0,R,27.0,123.0,30201.0,4008.0
2632,"1497 HURON ST, ST PAUL, MN, 55108",Match,Non_Exact,"1497 N HURON ST, SAINT PAUL, MN, 55108","-93.155420648411,44.986355543482",97641763.0,L,27.0,123.0,30201.0,2016.0
2753,"834 ALGONQUIN AVE, ST PAUL, MN, 55119",Match,Non_Exact,"834 N ALGONQUIN AVE, SAINT PAUL, MN, 55119","-93.016154129887,44.966674804187",97662788.0,R,27.0,123.0,31802.0,3009.0
2874,"1625 COUNTY ROAD B E, MAPLEWOOD, MN, 55109",Match,Exact,"1625 CO RD B E, MAPLEWOOD, MN, 55109","-93.031840629452,45.006478963761",97649927.0,L,27.0,123.0,42402.0,2015.0
2995,"2833 SHERWOOD RD, MOUNDS VIEW, MN, 55112",Match,Exact,"2833 SHERWOOD RD, MOUNDS VIEW, MN, 55112","-93.219919017358,45.115161894464",97633348.0,R,27.0,123.0,41001.0,2008.0
2510,"754 LAKEVIEW AVE, ST PAUL, MN, 55117",Match,Non_Exact,"754 W LAKEVIEW AVE, SAINT PAUL, MN, 55117","-93.132631274377,44.981848222956",97641994.0,L,27.0,123.0,30300.0,2008.0
2631,"1405 BELMONT LN W, ROSEVILLE, MN, 55113",Match,Exact,"1405 BELMONT LN W, ROSEVILLE, MN, 55113","-93.159236251077,45.003616242439",97641631.0,R,27.0,123.0,41800.0,2009.0
2752,"1377 EDGCUMBE RD, ST PAUL, MN, 55116",Match,Exact,"1377 EDGCUMBE RD, SAINT PAUL, MN, 55116","-93.14992708808,44.923987707265",97646997.0,R,27.0,123.0,36600.0,2012.0
2873,"1762 FLANDRAU ST N, MAPLEWOOD, MN, 55109",Match,Exact,"1762 FLANDRAU ST N, MAPLEWOOD, MN, 55109","-93.027749849837,44.995490743615",97652965.0,R,27.0,123.0,42402.0,1014.0
2994,"1428 FRANKSON AVE, ST PAUL, MN, 55108",Match,Exact,"1428 FRANKSON AVE, SAINT PAUL, MN, 55108","-93.160431551807,44.982285703009",647902758.0,L,27.0,123.0,30201.0,4012.0
2630,"1584 CHELSEA ST, ST PAUL, MN, 55108",Tie,,,,,,,,,
2751,"1860 FLANDRAU ST N, MAPLEWOOD, MN, 55109",Match,Exact,"1860 FLANDRAU ST N, MAPLEWOOD, MN, 55109","-93.027747202649,44.99759502794",97652965.0,R,27.0,123.0,42402.0,1014.0
2872,"749 NEBRASKA AVE W, ST PAUL, MN, 55117",Match,Non_Exact,"749 W NEBRASKA AVE, SAINT PAUL, MN, 55117","-93.131671833803,44.98647173785",97641969.0,R,27.0,123.0,30300.0,1031.0
2993,"2809 BRONSON DR, MOUNDS VIEW, MN, 55112",Match,Exact,"2809 BRONSON DR, MOUNDS VIEW, MN, 55112","-93.219743068497,45.103588436916",97633638.0,R,27.0,123.0,41002.0,1000.0
2750,"2126 5TH ST E, ST PAUL, MN, 55119",Match,Non_Exact,"2126 E 5TH ST, SAINT PAUL, MN, 55119","-93.010852718094,44.959401430237",97653729.0,R,27.0,123.0,34702.0,4007.0
2871,"1721 WHITE BEAR AVE N, MAPLEWOOD, MN, 55109",Match,Exact,"1721 WHITE BEAR AVE N, MAPLEWOOD, MN, 55109","-93.025300759047,44.993353567789",97652980.0,L,27.0,123.0,42402.0,1014.0
2992,"2916 BRONSON DR, MOUNDS VIEW, MN, 55112",Match,Exact,"2916 BRONSON DR, MOUNDS VIEW, MN, 55112","-93.223420267031,45.104093848202",97633575.0,L,27.0,123.0,41002.0,1005.0
2519,"3628 RUSTIC PL, SHOREVIEW, MN, 55126",Match,Exact,"3628 RUSTIC PL, SHOREVIEW, MN, 55126","-93.10761223785,45.051208699838",97642986.0,R,27.0,123.0,40704.0,5005.0
2518,"1507 HOLTON ST, ST PAUL, MN, 55108",Match,Non_Exact,"1507 N HOLTON ST, SAINT PAUL, MN, 55108","-93.160597985025,44.986554234395",97641075.0,L,27.0,123.0,30201.0,2004.0
2639,"7955 FAIRCHILD AVE, MOUNDS VIEW, MN, 55112",Match,Exact,"7955 FAIRCHILD AVE, MOUNDS VIEW, MN, 55112","-93.219130956381,45.112502412061",97633359.0,R,27.0,123.0,41001.0,2011.0
2517,"1873 PASCAL ST N, FALCON HEIGHTS, MN, 55113",Match,Non_Exact,"1873 N PASCAL ST, FALCON HEIGHTS, MN, 55113","-93.161777800191,44.997312626817",97640945.0,L,27.0,123.0,41900.0,1004.0
2638,"1482 SHELDON ST, ST PAUL, MN, 55108",Tie,,,,,,,,,
2759,"1218 HOYT AVE W, ST PAUL, MN, 55108",Match,Exact,"1218 HOYT AVE W, SAINT PAUL, MN, 55108","-93.151331654377,44.98822686608",97641792.0,L,27.0,123.0,30202.0,3000.0
2516,"796 LAKEVIEW AVE, ST PAUL, MN, 55117",Match,Non_Exact,"796 W LAKEVIEW AVE, SAINT PAUL, MN, 55117","-93.133583022785,44.981850791844",97641994.0,L,27.0,123.0,30300.0,2008.0
2637,"1984 UTICA AVE, ST PAUL, MN, 55119",Match,Non_Exact,"1984 E UTICA AVE, SAINT PAUL, MN, 55119","-93.017258078412,44.969417768856",97653561.0,R,27.0,123.0,31802.0,1013.0
2758,"2001 BEACON ST, ROSEVILLE, MN, 55113",Match,Exact,"2001 BEACON ST, ROSEVILLE, MN, 55113","-93.175682758155,45.001420419249",97640803.0,L,27.0,123.0,41301.0,1020.0
2879,"299 WOODLAWN AVE, ST PAUL, MN, 55105",Match,Exact,"299 WOODLAWN AVE, SAINT PAUL, MN, 55105","-93.196969981817,44.932670753091",639711128.0,R,27.0,123.0,43001.0,5004.0
2650,"1831 WHITE BEAR AVE N, MAPLEWOOD, MN, 55109",Match,Exact,"1831 WHITE BEAR AVE N, MAPLEWOOD, MN, 55109","-93.025296226542,44.9963122383",636241388.0,L,27.0,123.0,42402.0,1014.0
2771,"1334 NEBRASKA AVE W, ST PAUL, MN, 55108",Match,Non_Exact,"1334 W NEBRASKA AVE, SAINT PAUL, MN, 55108","-93.155815022894,44.986379847991",97641761.0,L,27.0,123.0,30201.0,2016.0
2892,"1407 ALBERT ST N, ST PAUL, MN, 55108",Match,Exact,"1407 ALBERT ST N, SAINT PAUL, MN, 55108","-93.159330813094,44.9840555619",97641119.0,L,27.0,123.0,30201.0,4002.0
2770,"2150 FREMONT AVE, ST PAUL, MN, 55119",Match,Exact,"2150 FREMONT AVE, SAINT PAUL, MN, 55119","-93.009969619956,44.95756634737",97653736.0,R,27.0,123.0,34702.0,4013.0
2891,"1451 SIMPSON ST, ST PAUL, MN, 55108",Match,Exact,"1451 SIMPSON ST, SAINT PAUL, MN, 55108","-93.163173497141,44.984914094981",97641056.0,L,27.0,123.0,30201.0,2010.0
2890,"975 MILLWOOD AVE, ROSEVILLE, MN, 55113",Match,Exact,"975 MILLWOOD AVE, ROSEVILLE, MN, 55113","-93.140784800848,45.029916619789",649686881.0,R,27.0,123.0,41500.0,2007.0
2526,"1663 FERNWOOD ST, ST PAUL, MN, 55108",Tie,,,,,,,,,
2647,"1481 HAMLINE AVE N, ST PAUL, MN, 55108",Match,Exact,"1481 HAMLINE AVE N, SAINT PAUL, MN, 55108","-93.156738935344,44.98584035519",97641750.0,L,27.0,123.0,30201.0,2015.0
2768,"0 HIGHWAY 10, SPRING LAKE PARK, MN, 55432",No_Match,,,,,,,,,
2889,"7663 GROVELAND RD, MOUNDS VIEW, MN, 55112",Match,Exact,"7663 GROVELAND RD, MOUNDS VIEW, MN, 55112","-93.22098711525,45.107126502278",97633370.0,R,27.0,123.0,41002.0,1000.0
2525,"8011 EASTWOOD RD, MOUNDS VIEW, MN, 55112",Match,Exact,"8011 EASTWOOD RD, MOUNDS VIEW, MN, 55112","-93.213081309342,45.113615485595",97633385.0,R,27.0,123.0,41001.0,1011.0
2646,"1260 IDAHO AVE W, ST PAUL, MN, 55108",Match,Exact,"1260 IDAHO AVE W, SAINT PAUL, MN, 55108","-93.153173462688,44.990027960343",97641754.0,L,27.0,123.0,30201.0,1007.0
2767,"1468 IOWA AVE W, FALCON HEIGHTS, MN, 55108",Match,Non_Exact,"1468 W IOWA AVE, FALCON HEIGHTS, MN, 55108","-93.162058231576,44.989033450966",97641049.0,L,27.0,123.0,41900.0,2015.0
2888,"8035 EASTWOOD RD, MOUNDS VIEW, MN, 55112",Match,Exact,"8035 EASTWOOD RD, MOUNDS VIEW, MN, 55112","-93.21308782673,45.114042378479",97633385.0,R,27.0,123.0,41001.0,1011.0
2524,"3459 GLENARDEN CT, ARDEN HILLS, MN, 55112",Match,Exact,"3459 GLENARDEN CT, ARDEN HILLS, MN, 55112","-93.160303868951,45.046007684592",97639870.0,L,27.0,123.0,40804.0,1002.0
2645,"2096 3RD ST N, NORTH ST PAUL, MN, 55109",Match,Exact,"2096 3RD ST N, NORTH ST PAUL, MN, 55109","-93.002360786501,45.004627560729",619690962.0,R,27.0,123.0,42700.0,5006.0
2766,"1652 RANDOLPH AVE, ST PAUL, MN, 55105",Match,Exact,"1652 RANDOLPH AVE, SAINT PAUL, MN, 55105","-93.170146590839,44.926946742168",97645988.0,L,27.0,123.0,36400.0,2001.0
2887,"2948 COUNTY ROAD I, MOUNDS VIEW, MN, 55112",Match,Exact,"2948 CO RD I, MOUNDS VIEW, MN, 55112","-93.224624403462,45.107353523344",97633323.0,L,27.0,123.0,41002.0,1002.0
2523,"1689 LARPENTEUR AVE E, MAPLEWOOD, MN, 55109",Match,Exact,"1689 LARPENTEUR AVE E, MAPLEWOOD, MN, 55109","-93.029057555981,44.992018521285",652845861.0,L,27.0,123.0,42402.0,1013.0
2644,"1457 CALIFORNIA AVE W, FALCON HEIGHTS, MN, 55108",Match,Non_Exact,"1457 CALIFORNIA AVE, FALCON HEIGHTS, MN, 55108","-93.161470473453,44.990942984802",97641060.0,R,27.0,123.0,41900.0,2012.0
2765,"3529 SNELLING AVE N, ARDEN HILLS, MN, 55112",Match,Exact,"3529 SNELLING AVE N, ARDEN HILLS, MN, 55112","-93.162962450644,45.048466932454",97639847.0,L,27.0,123.0,40804.0,1005.0
2886,"1988 BEACON ST, ROSEVILLE, MN, 55113",Match,Exact,"1988 BEACON ST, ROSEVILLE, MN, 55113","-93.175521199745,45.001346089354",97640803.0,R,27.0,123.0,41301.0,1024.0
2522,"1983 STILLWATER AVE, ST PAUL, MN, 55119",Match,Exact,"1983 STILLWATER AVE, SAINT PAUL, MN, 55119","-93.01672118908,44.968902292412",97653569.0,L,27.0,123.0,31802.0,1013.0
2643,"1493 HOYT AVE W, FALCON HEIGHTS, MN, 55108",Match,Exact,"1493 HOYT AVE W, FALCON HEIGHTS, MN, 55108","-93.163307212383,44.988230507056",97641051.0,R,27.0,123.0,41900.0,2015.0
2764,"2036 STILLWATER AVE, ST PAUL, MN, 55119",Match,Exact,"2036 STILLWATER AVE, SAINT PAUL, MN, 55119","-93.014325338219,44.969040817321",97653596.0,R,27.0,123.0,31802.0,3003.0
2885,"1489 ALBERT ST N, ST PAUL, MN, 55108",Match,Exact,"1489 ALBERT ST N, SAINT PAUL, MN, 55108","-93.159329545106,44.984178808751",97641119.0,L,27.0,123.0,30201.0,4002.0
2521,"1989 KENWOOD DR E, MAPLEWOOD, MN, 55117",Match,Non_Exact,"1989 E KENWOOD DR, MAPLEWOOD, MN, 55117","-93.068833853147,45.001375629786",647914966.0,L,27.0,123.0,42202.0,1017.0
2642,"1048 PARKER AVE, ROSEVILLE, MN, 55113",Match,Exact,"1048 PARKER AVE, ROSEVILLE, MN, 55113","-93.14423812171,45.004089196405",616281990.0,L,27.0,123.0,41700.0,3001.0
2763,"3413 SNELLING AVE N, ARDEN HILLS, MN, 55112",Match,Exact,"3413 SNELLING AVE N, ARDEN HILLS, MN, 55112","-93.162465444156,45.047432329127",97639859.0,L,27.0,123.0,40804.0,1005.0
2884,"8470 FAIRCHILD AVE, MOUNDS VIEW, MN, 55112",Match,Exact,"8470 FAIRCHILD AVE, MOUNDS VIEW, MN, 55112","-93.219414973442,45.123507317047",656768267.0,L,27.0,123.0,41001.0,2001.0
2520,"1401 ASBURY ST, ST PAUL, MN, 55108",Tie,,,,,,,,,
2641,"1763 LARPENTEUR AVE E, MAPLEWOOD, MN, 55109",Match,Exact,"1763 LARPENTEUR AVE E, MAPLEWOOD, MN, 55109","-93.026463871006,44.992007669079",97652978.0,L,27.0,123.0,42402.0,1014.0
2762,"801 PEDERSEN ST, ST PAUL, MN, 55119",Match,Exact,"801 PEDERSEN ST, SAINT PAUL, MN, 55119","-93.012750924117,44.965616548685",97653666.0,L,27.0,123.0,31802.0,2014.0
2883,"2123 SHERWOOD AVE, ST PAUL, MN, 55119",Match,Exact,"2123 SHERWOOD AVE, SAINT PAUL, MN, 55119","-93.012038005803,44.983896306426",97653280.0,L,27.0,123.0,30702.0,1009.0
2640,"780 COTTAGE AVE W, ST PAUL, MN, 55117",Match,Exact,"780 COTTAGE AVE W, SAINT PAUL, MN, 55117","-93.131011198803,44.982679559104",97643453.0,L,27.0,123.0,30300.0,2010.0
2761,"459 MOUNT CURVE BLVD, ST PAUL, MN, 55105",Match,Exact,"459 MOUNT CURVE BLVD, SAINT PAUL, MN, 55105","-93.193690372571,44.928127661531",97639410.0,R,27.0,123.0,43001.0,5009.0
2882,"8033 SUNNYSIDE RD, MOUNDS VIEW, MN, 55112",Match,Exact,"8033 SUNNYSIDE RD, MOUNDS VIEW, MN, 55112","-93.215130222627,45.113966844116",97633382.0,R,27.0,123.0,41001.0,1006.0
2529,"2704 HILLVIEW RD, MOUNDS VIEW, MN, 55112",Match,Exact,"2704 HILLVIEW RD, MOUNDS VIEW, MN, 55112","-93.215330641732,45.111504923098",97633376.0,L,27.0,123.0,41001.0,1008.0
2528,"2026 HAZELWOOD ST N, MAPLEWOOD, MN, 55109",Match,Non_Exact,"2026 HAZELWOOD ST, MAPLEWOOD, MN, 55109","-93.035386281431,45.002419547001",97671157.0,R,27.0,123.0,42402.0,1006.0
2649,"897 HOYT AVE W, ST PAUL, MN, 55117",Match,Exact,"897 HOYT AVE W, SAINT PAUL, MN, 55117","-93.13794356206,44.988340986066",97641944.0,R,27.0,123.0,30300.0,4012.0
2527,"1471 CALIFORNIA AVE W, FALCON HEIGHTS, MN, 55108",Match,Non_Exact,"1471 CALIFORNIA AVE, FALCON HEIGHTS, MN, 55108","-93.16193384095,44.990938946271",97641045.0,R,27.0,123.0,41900.0,2002.0
2648,"1786 ELEANOR AVE, ST PAUL, MN, 55116",Match,Non_Exact,"1786 W ELEANOR AVE, SAINT PAUL, MN, 55116","-93.1757958318,44.920612777795",97646004.0,L,27.0,123.0,36400.0,3009.0
2769,"8415 KNOLLWOOD DR, MOUNDS VIEW, MN, 55112",Match,Exact,"8415 KNOLLWOOD DR, MOUNDS VIEW, MN, 55112","-93.223103099858,45.122636477746",97633294.0,R,27.0,123.0,41001.0,2002.0
2540,"6950 KNOLLWOOD DR, MOUNDS VIEW, MN, 55112",Match,Exact,"6950 KNOLLWOOD DR, MOUNDS VIEW, MN, 55112","-93.222210778233,45.093922456274",97633654.0,L,27.0,123.0,41002.0,1010.0
2661,"1770 SIMPSON ST, FALCON HEIGHTS, MN, 55113",Match,Exact,"1770 SIMPSON ST, FALCON HEIGHTS, MN, 55113","-93.162881870853,44.994485615938",97640956.0,R,27.0,123.0,41900.0,1008.0
2782,"7340 SPRING LAKE RD, MOUNDS VIEW, MN, 55112",Match,Exact,"7340 SPRING LAKE RD, MOUNDS VIEW, MN, 55112","-93.225074728332,45.101261154086",97633574.0,L,27.0,123.0,41002.0,1004.0
2660,"1315 ARLINGTON AVE W, ST PAUL, MN, 55108",Match,Exact,"1315 ARLINGTON AVE W, SAINT PAUL, MN, 55108","-93.155600665744,44.984684684166",97641769.0,R,27.0,123.0,30201.0,2016.0
2781,"1464 IOWA AVE W, FALCON HEIGHTS, MN, 55108",Match,Non_Exact,"1464 W IOWA AVE, FALCON HEIGHTS, MN, 55108","-93.161897732816,44.98903457529",97641049.0,L,27.0,123.0,41900.0,2015.0
2780,"2095 HAMLINE AVE N, ROSEVILLE, MN, 55113",Match,Exact,"2095 HAMLINE AVE N, ROSEVILLE, MN, 55113","-93.156674427464,45.004400501221",97641630.0,L,27.0,123.0,41800.0,2009.0
2537,"2103 4TH ST E, ST PAUL, MN, 55119",Match,Non_Exact,"2103 E 4TH ST, SAINT PAUL, MN, 55119","-93.011690639237,44.958604287557",97653731.0,L,27.0,123.0,34702.0,4007.0
2658,"3436 SIEMS CT, ARDEN HILLS, MN, 55112",Match,Exact,"3436 SIEMS CT, ARDEN HILLS, MN, 55112","-93.16672035302,45.045830790462",97639839.0,R,27.0,123.0,40804.0,1007.0
2779,"1876 ASBURY ST, FALCON HEIGHTS, MN, 55113",Match,Non_Exact,"1876 N ASBURY ST, FALCON HEIGHTS, MN, 55113","-93.16539940493,44.997522092612",97640903.0,R,27.0,123.0,41900.0,3000.0
2536,"6952 PLEASANT VIEW DR, MOUNDS VIEW, MN, 55112",Match,Exact,"6952 PLEASANT VIEW DR, MOUNDS VIEW, MN, 55112","-93.226500404956,45.094207682359",97633581.0,L,27.0,123.0,41002.0,1009.0
2657,"7934 SPRING LAKE PARK RD, SPRING LAKE PARK, MN, 55432",Match,Exact,"7934 SPRING LAKE PARK RD, SPRING LAKE PARK, MN, 55432","-93.224968022576,45.111812091538",616655056.0,R,27.0,123.0,41001.0,2015.0
2778,"287 ELMER ST, ROSEVILLE, MN, 55113",Match,Exact,"287 ELMER ST, ROSEVILLE, MN, 55113","-93.11227946656,45.002237471439",97643568.0,R,27.0,123.0,41602.0,2015.0
2899,"2085 NOKOMIS AVE, ST PAUL, MN, 55119",Match,Exact,"2085 NOKOMIS AVE, SAINT PAUL, MN, 55119","-93.013284498548,44.967067261719",97653606.0,L,27.0,123.0,31802.0,3009.0
2535,"1433 IDAHO AVE W, FALCON HEIGHTS, MN, 55108",Match,Non_Exact,"1433 W IDAHO AVE, FALCON HEIGHTS, MN, 55108","-93.160528888806,44.990062943998",97641063.0,R,27.0,123.0,41900.0,2013.0
2656,"8493 SPRING LAKE RD, MOUNDS VIEW, MN, 55112",Match,Exact,"8493 SPRING LAKE RD, MOUNDS VIEW, MN, 55112","-93.225006183312,45.124280485285",97633292.0,R,27.0,123.0,41001.0,2003.0
2777,"2177 GARDENETTE DR S, WHITE BEAR LAKE, MN, 55110",Match,Exact,"2177 GARDENETTE DR S, WHITE BEAR LAKE, MN, 55110","-93.008653262921,45.066755972294",97637242.0,L,27.0,123.0,40301.0,2013.0
2898,"1458 HAMLINE AVE N, ST PAUL, MN, 55108",Match,Exact,"1458 HAMLINE AVE N, SAINT PAUL, MN, 55108","-93.15657981971,44.98567407204",97641750.0,R,27.0,123.0,30201.0,2016.0
2534,"2230 LEXINGTON AVE N, ROSEVILLE, MN, 55113",Match,Exact,"2230 LEXINGTON AVE N, ROSEVILLE, MN, 55113","-93.146370847861,45.008285063277",97640641.0,R,27.0,123.0,41700.0,1005.0
2655,"1575 MIDWAY PKWY, ST PAUL, MN, 55108",No_Match,,,,,,,,,
2776,"8072 LONG LAKE RD, MOUNDS VIEW, MN, 55112",Match,Exact,"8072 LONG LAKE RD, MOUNDS VIEW, MN, 55112","-93.209169350906,45.114791092341",97633416.0,L,27.0,123.0,41001.0,1012.0
2897,"1960 CASE AVE, ST PAUL, MN, 55119",Match,Exact,"1960 CASE AVE, SAINT PAUL, MN, 55119","-93.017836955739,44.970234694883",97653557.0,R,27.0,123.0,31802.0,1011.0
2533,"1358 ARONA ST, ST PAUL, MN, 55108",Tie,,,,,,,,,
2654,"1954 CASE AVE, ST PAUL, MN, 55119",Match,Exact,"1954 CASE AVE, SAINT PAUL, MN, 55119","-93.01804910437,44.970234694898",97653557.0,R,27.0,123.0,31802.0,1011.0
2775,"1619 JUNO AVE, ST PAUL, MN, 55116",Match,Non_Exact,"1619 W JUNO AVE, SAINT PAUL, MN, 55116","-93.169144782051,44.926148795087",97646154.0,R,27.0,123.0,36400.0,2000.0
2896,"1478 SHELDON ST, ST PAUL, MN, 55108",Tie,,,,,,,,,
2532,"1406 CALIFORNIA AVE W, FALCON HEIGHTS, MN, 55108",Match,Non_Exact,"1406 CALIFORNIA AVE, FALCON HEIGHTS, MN, 55108","-93.159466157284,44.990842502524",97641060.0,L,27.0,123.0,41900.0,2013.0
2653,"0 ROME AVE, ST PAUL, MN, 55116",No_Match,,,,,,,,,
2774,"7960 FAIRCHILD AVE, MOUNDS VIEW, MN, 55112",Match,Exact,"7960 FAIRCHILD AVE, MOUNDS VIEW, MN, 55112","-93.21929529636,45.112607620527",97633359.0,L,27.0,123.0,41001.0,2010.0
2895,"1858 SIMPSON ST, FALCON HEIGHTS, MN, 55113",Match,Exact,"1858 SIMPSON ST, FALCON HEIGHTS, MN, 55113","-93.162876498409,44.996911541947",97640954.0,R,27.0,123.0,41900.0,1007.0
2531,"0 HARVESTER AVE E, MAPLEWOOD, MN, 55119",No_Match,,,,,,,,,
2652,"1729 HOLTON ST, FALCON HEIGHTS, MN, 55113",Match,Exact,"1729 HOLTON ST, FALCON HEIGHTS, MN, 55113","-93.160495293336,44.994133122486",97640966.0,L,27.0,123.0,41900.0,1011.0
2773,"8009 RED OAK DR, MOUNDS VIEW, MN, 55112",Match,Exact,"8009 RED OAK DR, MOUNDS VIEW, MN, 55112","-93.217174963877,45.114044931763",97633360.0,R,27.0,123.0,41001.0,1007.0
2894,"7913 PLEASANT VIEW DR, SPRING LAKE PARK, MN, 55432",Match,Exact,"7913 PLEASANT VIEW DR, SPRING LAKE PARK, MN, 55432","-93.227759448026,45.111667418739",616654679.0,R,27.0,123.0,41001.0,2015.0
2530,"938 WILDER ST S, ST PAUL, MN, 55116",Match,Non_Exact,"938 S WILDER ST, SAINT PAUL, MN, 55116","-93.183972144994,44.913332446549",97639679.0,L,27.0,123.0,37500.0,3007.0
2651,"3633 RUSTIC PL, SHOREVIEW, MN, 55126",Match,Exact,"3633 RUSTIC PL, SHOREVIEW, MN, 55126","-93.10777378302,45.051103799985",97642986.0,L,27.0,123.0,40704.0,5003.0
2772,"0 WAGNER ST, ROSEVILLE, MN, 55113",No_Match,,,,,,,,,
2893,"189 JERROLD AVE, SHOREVIEW, MN, 55126",Match,Exact,"189 JERROLD AVE, SHOREVIEW, MN, 55126","-93.108856615103,45.040207282377",97642682.0,R,27.0,123.0,40704.0,3001.0
2539,"2102 NORTONIA AVE, ST PAUL, MN, 55119",Match,Exact,"2102 NORTONIA AVE, SAINT PAUL, MN, 55119","-93.012561894784,44.966016796038",97653637.0,R,27.0,123.0,31802.0,2006.0
2538,"2156 NOKOMIS AVE, ST PAUL, MN, 55119",Match,Exact,"2156 NOKOMIS AVE, SAINT PAUL, MN, 55119","-93.011448020074,44.968584737289",97653631.0,R,27.0,123.0,31802.0,3000.0
2659,"1895 WHITE BEAR AVE N, MAPLEWOOD, MN, 55109",Match,Exact,"1895 WHITE BEAR AVE N, MAPLEWOOD, MN, 55109","-93.025293486585,44.998202629022",636241388.0,L,27.0,123.0,42402.0,1014.0
3406,"760 IOWA AVE W, ST PAUL, MN, 55117",Match,Exact,"760 IOWA AVE W, SAINT PAUL, MN, 55117","-93.132529009626,44.989082573507",97641961.0,L,27.0,123.0,30300.0,1017.0
3405,"1446 ARONA ST, ST PAUL, MN, 55108",Tie,,,,,,,,,
3404,"2133 NORTONIA AVE, ST PAUL, MN, 55119",Match,Exact,"2133 NORTONIA AVE, SAINT PAUL, MN, 55119","-93.011395486142,44.967210236442",97653637.0,L,27.0,123.0,31802.0,3012.0
3403,"1850 MONTREAL AVE, ST PAUL, MN, 55116",Match,Exact,"1850 MONTREAL AVE, SAINT PAUL, MN, 55116","-93.148613727312,44.912369295312",97647092.0,L,27.0,123.0,36700.0,3029.0
3402,"1704 FLANDRAU ST N, MAPLEWOOD, MN, 55109",Match,Exact,"1704 FLANDRAU ST N, MAPLEWOOD, MN, 55109","-93.02775141654,44.994245350851",97652965.0,R,27.0,123.0,42402.0,1014.0
3401,"1544 SHELDON ST, ST PAUL, MN, 55108",Match,Exact,"1544 SHELDON ST, SAINT PAUL, MN, 55108","-93.157844811258,44.987285239805",97657053.0,R,27.0,123.0,30201.0,2002.0
3400,"1951 REANEY AVE, ST PAUL, MN, 55119",Match,Exact,"1951 REANEY AVE, SAINT PAUL, MN, 55119","-93.016985335402,44.964211474513",97653516.0,L,27.0,123.0,31802.0,3016.0
3409,"2082 MANITOU AVE, ST PAUL, MN, 55119",Match,Exact,"2082 MANITOU AVE, SAINT PAUL, MN, 55119","-93.013805734125,44.968658737524",97653597.0,R,27.0,123.0,31802.0,3002.0
3408,"1399 PASCAL ST N, ST PAUL, MN, 55108",Match,Exact,"1399 PASCAL ST N, SAINT PAUL, MN, 55108","-93.161900688228,44.983511932606",97641094.0,L,27.0,123.0,30201.0,4004.0
3407,"2016 WHEELER ST N, ROSEVILLE, MN, 55113",Match,Exact,"2016 WHEELER ST N, ROSEVILLE, MN, 55113","-93.174343639483,45.001513111351",97640812.0,R,27.0,123.0,41301.0,1022.0
3420,"1950 SAUNDERS AVE, ST PAUL, MN, 55116",Match,Non_Exact,"1950 W SAUNDERS AVE, SAINT PAUL, MN, 55116","-93.182996044587,44.914272714506",97646039.0,L,27.0,123.0,37500.0,3007.0
3417,"1945 BEECHWOOD AVE, ST PAUL, MN, 55116",Match,Exact,"1945 BEECHWOOD AVE, SAINT PAUL, MN, 55116","-93.182208321325,44.915296305699",97645954.0,R,27.0,123.0,37500.0,3001.0
3416,"954 WILDER ST S, ST PAUL, MN, 55116",Match,Non_Exact,"954 S WILDER ST, SAINT PAUL, MN, 55116","-93.183838825834,44.913133987531",97646040.0,L,27.0,123.0,37500.0,3011.0
3415,"670 PELHAM BLVD, ST PAUL, MN, 55114",Match,Exact,"670 PELHAM BLVD, SAINT PAUL, MN, 55114","-93.200038123487,44.961295184185",97638909.0,R,27.0,123.0,33200.0,1014.0
3414,"1507 SIMPSON ST, ST PAUL, MN, 55108",Match,Exact,"1507 SIMPSON ST, SAINT PAUL, MN, 55108","-93.163153181598,44.986527435245",97641054.0,L,27.0,123.0,30201.0,2006.0
3413,"1453 IOWA AVE W, FALCON HEIGHTS, MN, 55108",Match,Non_Exact,"1453 W IOWA AVE, FALCON HEIGHTS, MN, 55108","-93.161339488313,44.98915451673",97641064.0,R,27.0,123.0,41900.0,2008.0
3412,"3547 RICE ST, SHOREVIEW, MN, 55126",Match,Exact,"3547 RICE ST, SHOREVIEW, MN, 55126","-93.106371499407,45.049048356084",639300396.0,L,27.0,123.0,40704.0,5004.0
3411,"1840 ARONA ST, FALCON HEIGHTS, MN, 55113",Match,Non_Exact,"1840 N ARONA ST, FALCON HEIGHTS, MN, 55113","-93.16414235294,44.996357910722",97640950.0,R,27.0,123.0,41900.0,1006.0
3410,"2110 3RD ST N, NORTH ST PAUL, MN, 55109",Match,Exact,"2110 3RD ST N, NORTH ST PAUL, MN, 55109","-93.002358856612,45.005092303447",97656749.0,R,27.0,123.0,42700.0,5005.0
3419,"1822 ROME AVE, ST PAUL, MN, 55116",Match,Non_Exact,"1822 W ROME AVE, SAINT PAUL, MN, 55116","-93.177369815418,44.9133984634",97646057.0,L,27.0,123.0,37500.0,3010.0
3418,"1960 ROME AVE, ST PAUL, MN, 55116",Match,Non_Exact,"1960 W ROME AVE, SAINT PAUL, MN, 55116","-93.181878758834,44.91337662464",97646042.0,L,27.0,123.0,37500.0,3011.0
3310,"1935 MONTREAL AVE, ST PAUL, MN, 55116",Match,Non_Exact,"1935 W MONTREAL AVE, SAINT PAUL, MN, 55116","-93.181969665723,44.912581290989",97646041.0,R,27.0,123.0,37500.0,3011.0
3431,"1840 BEECHWOOD AVE, ST PAUL, MN, 55116",Match,Exact,"1840 BEECHWOOD AVE, SAINT PAUL, MN, 55116","-93.178139346636,44.91518841806",97645967.0,L,27.0,123.0,37500.0,3009.0
3430,"1834 BEECHWOOD AVE, ST PAUL, MN, 55116",Match,Exact,"1834 BEECHWOOD AVE, SAINT PAUL, MN, 55116","-93.177881516214,44.915189047665",97645967.0,L,27.0,123.0,37500.0,3009.0
3307,"2147 FLORAL DR, WHITE BEAR LAKE, MN, 55110",Match,Exact,"2147 FLORAL DR, WHITE BEAR LAKE, MN, 55110","-93.010143583096,45.065775399088",97637229.0,L,27.0,123.0,40301.0,2015.0
3428,"1838 BOHLAND AVE, ST PAUL, MN, 55116",Match,Exact,"1838 BOHLAND AVE, SAINT PAUL, MN, 55116","-93.178052974311,44.916092800818",97645966.0,L,27.0,123.0,37500.0,3000.0
3306,"1400 SHELDON ST, ST PAUL, MN, 55108",Tie,,,,,,,,,
3427,"1909 MONTREAL AVE, ST PAUL, MN, 55116",Match,Non_Exact,"1909 W MONTREAL AVE, SAINT PAUL, MN, 55116","-93.181372165829,44.912578975056",97646041.0,R,27.0,123.0,37500.0,3011.0
3305,"2120 STILLWATER AVE, ST PAUL, MN, 55119",Match,Exact,"2120 STILLWATER AVE, SAINT PAUL, MN, 55119","-93.010865246919,44.969173577197",97653633.0,R,27.0,123.0,31802.0,3000.0
3426,"1888 BEECHWOOD AVE, ST PAUL, MN, 55116",Match,Exact,"1888 BEECHWOOD AVE, SAINT PAUL, MN, 55116","-93.180201990005,44.915183381223",97645967.0,L,27.0,123.0,37500.0,3009.0
3304,"1564 HURON ST, ST PAUL, MN, 55108",Tie,,,,,,,,,
3425,"1871 MONTREAL AVE, ST PAUL, MN, 55116",Match,Non_Exact,"1871 W MONTREAL AVE, SAINT PAUL, MN, 55116","-93.179621109056,44.912581857772",97646044.0,R,27.0,123.0,37500.0,3010.0
3303,"1868 SIMPSON ST, FALCON HEIGHTS, MN, 55113",Match,Exact,"1868 SIMPSON ST, FALCON HEIGHTS, MN, 55113","-93.162875608614,44.997268191515",97640939.0,R,27.0,123.0,41900.0,1004.0
3424,"1965 ROME AVE, ST PAUL, MN, 55116",Match,Non_Exact,"1965 W ROME AVE, SAINT PAUL, MN, 55116","-93.182926827546,44.913495360452",97646042.0,R,27.0,123.0,37500.0,3007.0
3302,"817 IROQUOIS AVE, ST PAUL, MN, 55119",Match,Exact,"817 IROQUOIS AVE, SAINT PAUL, MN, 55119","-93.017214460572,44.966358770655",97660443.0,L,27.0,123.0,31802.0,3007.0
3423,"1961 ROME AVE, ST PAUL, MN, 55116",Match,Non_Exact,"1961 W ROME AVE, SAINT PAUL, MN, 55116","-93.182804509274,44.913494876972",97646042.0,R,27.0,123.0,37500.0,3007.0
3301,"7805 GREENWOOD DR, MOUNDS VIEW, MN, 55112",Match,Exact,"7805 GREENWOOD DR, MOUNDS VIEW, MN, 55112","-93.210979750469,45.109917558861",97633398.0,R,27.0,123.0,41001.0,1013.0
3422,"1957 ROME AVE, ST PAUL, MN, 55116",Match,Non_Exact,"1957 W ROME AVE, SAINT PAUL, MN, 55116","-93.182682191002,44.913494393492",97646042.0,R,27.0,123.0,37500.0,3007.0
3300,"1479 HURON ST, ST PAUL, MN, 55108",Match,Non_Exact,"1479 N HURON ST, SAINT PAUL, MN, 55108","-93.155425295068,44.986042671398",97641763.0,L,27.0,123.0,30201.0,2016.0
3421,"1906 ROME AVE, ST PAUL, MN, 55116",Match,Non_Exact,"1906 W ROME AVE, SAINT PAUL, MN, 55116","-93.181061450382,44.913373394115",97646042.0,L,27.0,123.0,37500.0,3011.0
3309,"7854 EASTWOOD RD, MOUNDS VIEW, MN, 55112",Match,Exact,"7854 EASTWOOD RD, MOUNDS VIEW, MN, 55112","-93.213199828937,45.110760207015",97633392.0,L,27.0,123.0,41001.0,1009.0
3308,"1498 CALIFORNIA AVE W, FALCON HEIGHTS, MN, 55108",Match,Non_Exact,"1498 CALIFORNIA AVE, FALCON HEIGHTS, MN, 55108","-93.162399790366,44.990819437527",97641045.0,L,27.0,123.0,41900.0,2014.0
3429,"1846 SAUNDERS AVE, ST PAUL, MN, 55116",Match,Non_Exact,"1846 W SAUNDERS AVE, SAINT PAUL, MN, 55116","-93.178400249551,44.914278788502",97646055.0,L,27.0,123.0,37500.0,3008.0
3200,"1171 BROOKS AVE W, ROSEVILLE, MN, 55113",Match,Non_Exact,"1171 W BROOKS AVE, ROSEVILLE, MN, 55113","-93.149608475739,45.016320154537",97640592.0,R,27.0,123.0,41400.0,2004.0
3321,"1386 PASCAL ST N, ST PAUL, MN, 55108",Match,Exact,"1386 PASCAL ST N, SAINT PAUL, MN, 55108","-93.161743626264,44.983158577012",97641094.0,R,27.0,123.0,30201.0,4003.0
3442,"644 BIRCH LN N, SHOREVIEW, MN, 55126",Match,Exact,"644 BIRCH LN N, SHOREVIEW, MN, 55126","-93.128468985781,45.096688877996",97635560.0,L,27.0,123.0,40707.0,1013.0
3320,"1907 PASCAL ST N, FALCON HEIGHTS, MN, 55113",Match,Non_Exact,"1907 N PASCAL ST, FALCON HEIGHTS, MN, 55113","-93.161777800129,44.997760313412",97640945.0,L,27.0,123.0,41900.0,1004.0
3441,"5107 ALAMEDA ST, SHOREVIEW, MN, 55126",Match,Exact,"5107 ALAMEDA ST, SHOREVIEW, MN, 55126","-93.130804994425,45.095609510879",97635556.0,L,27.0,123.0,40707.0,1003.0
3440,"5081 ALAMEDA ST, SHOREVIEW, MN, 55126",Match,Exact,"5081 ALAMEDA ST, SHOREVIEW, MN, 55126","-93.130480434055,45.094927275915",97657549.0,R,27.0,123.0,40707.0,1003.0
3318,"2227 COUNTY ROAD F E, WHITE BEAR LAKE, MN, 55110",Match,Non_Exact,"2227 E CO RD F, WHITE BEAR LAKE, MN, 55110","-93.006611054485,45.064728282935",97637248.0,L,27.0,123.0,40301.0,2016.0
3439,"1950 KENWOOD DR E, MAPLEWOOD, MN, 55117",Match,Non_Exact,"1950 E KENWOOD DR, MAPLEWOOD, MN, 55117","-93.068734067618,45.000258068169",647914966.0,R,27.0,123.0,42202.0,1016.0
3317,"3269 RICE ST, SHOREVIEW, MN, 55126",Match,Exact,"3269 RICE ST, SHOREVIEW, MN, 55126","-93.106347163484,45.041395128834",635777224.0,L,27.0,123.0,40704.0,3000.0
3438,"776 KENWOOD LN E, MAPLEWOOD, MN, 55117",Match,Non_Exact,"776 KENWOOD LN, MAPLEWOOD, MN, 55117","-93.06766724918,45.002265693655",652845958.0,R,27.0,123.0,42202.0,1016.0
3316,"1779 FLANDRAU ST N, MAPLEWOOD, MN, 55109",Match,Exact,"1779 FLANDRAU ST N, MAPLEWOOD, MN, 55109","-93.027911422195,44.995857707477",97652965.0,L,27.0,123.0,42402.0,1013.0
3437,"1948 KENWOOD DR E, MAPLEWOOD, MN, 55117",Match,Non_Exact,"1948 E KENWOOD DR, MAPLEWOOD, MN, 55117","-93.068648724778,45.000220996152",647914966.0,R,27.0,123.0,42202.0,1016.0
3315,"1335 ARLINGTON AVE W, ST PAUL, MN, 55108",Match,Exact,"1335 ARLINGTON AVE W, SAINT PAUL, MN, 55108","-93.156368661749,44.984679423972",97641769.0,R,27.0,123.0,30201.0,2016.0
3436,"784 KENWOOD LN E, MAPLEWOOD, MN, 55117",Match,Non_Exact,"784 KENWOOD LN, MAPLEWOOD, MN, 55117","-93.06761161539,45.002265693651",652845958.0,R,27.0,123.0,42202.0,1016.0
3314,"0 HILLVIEW RD, MOUNDS VIEW, MN, 55112",No_Match,,,,,,,,,
3435,"2000 KENWOOD DR E, MAPLEWOOD, MN, 55117",Match,Non_Exact,"2000 E KENWOOD DR, MAPLEWOOD, MN, 55117","-93.068390529048,45.001764703644",647914966.0,R,27.0,123.0,42202.0,1016.0
3313,"2232 GARDENETTE DR S, WHITE BEAR LAKE, MN, 55110",Match,Exact,"2232 GARDENETTE DR S, WHITE BEAR LAKE, MN, 55110","-93.006692868027,45.067534515332",97637242.0,R,27.0,123.0,40301.0,2015.0
3434,"1938 SAUNDERS AVE, ST PAUL, MN, 55116",Match,Non_Exact,"1938 W SAUNDERS AVE, SAINT PAUL, MN, 55116","-93.182466386653,44.91427271447",97646039.0,L,27.0,123.0,37500.0,3007.0
3312,"2067 BUSH AVE, ST PAUL, MN, 55119",Match,Exact,"2067 BUSH AVE, SAINT PAUL, MN, 55119","-93.013703587988,44.96493128677",97653668.0,L,27.0,123.0,31802.0,2014.0
3433,"1914 ROME AVE, ST PAUL, MN, 55116",Match,Non_Exact,"1914 W ROME AVE, SAINT PAUL, MN, 55116","-93.181182533116,44.913373872712",97646042.0,L,27.0,123.0,37500.0,3011.0
3311,"1465 SIMPSON ST, ST PAUL, MN, 55108",Match,Exact,"1465 SIMPSON ST, SAINT PAUL, MN, 55108","-93.163168253354,44.985321008544",97641056.0,L,27.0,123.0,30201.0,2010.0
3432,"1920 ROME AVE, ST PAUL, MN, 55116",Match,Non_Exact,"1920 W ROME AVE, SAINT PAUL, MN, 55116","-93.181273345166,44.913374231659",97646042.0,L,27.0,123.0,37500.0,3011.0
3319,"1472 LARPENTEUR AVE W, FALCON HEIGHTS, MN, 55113",Match,Exact,"1472 LARPENTEUR AVE W, FALCON HEIGHTS, MN, 55113","-93.162219802367,44.991741008285",97641043.0,L,27.0,123.0,41900.0,2002.0
3211,"1436 ARONA ST, ST PAUL, MN, 55108",Tie,,,,,,,,,
3332,"1488 IOWA AVE W, FALCON HEIGHTS, MN, 55108",Match,Non_Exact,"1488 W IOWA AVE, FALCON HEIGHTS, MN, 55108","-93.162860725375,44.989027829348",97641049.0,L,27.0,123.0,41900.0,2015.0
3453,"653 BIRCH LN S, SHOREVIEW, MN, 55126",Match,Exact,"653 BIRCH LN S, SHOREVIEW, MN, 55126","-93.128059626727,45.094946858376",97635558.0,R,27.0,123.0,40707.0,1013.0
3210,"1751 GULDEN PL N, MAPLEWOOD, MN, 55109",Match,Non_Exact,"1751 GULDEN PL, MAPLEWOOD, MN, 55109","-93.038416332418,44.99477000543",97651277.0,L,27.0,123.0,42302.0,3020.0
3331,"2024 GREENBRIER ST N, MAPLEWOOD, MN, 55117",Match,Non_Exact,"2024 GREENBRIER ST, MAPLEWOOD, MN, 55117","-93.071508575618,45.003986535772",97649491.0,R,27.0,123.0,42202.0,1013.0
3452,"643 BIRCH LN S, SHOREVIEW, MN, 55126",Match,Exact,"643 BIRCH LN S, SHOREVIEW, MN, 55126","-93.127904869921,45.094948153401",97635558.0,R,27.0,123.0,40707.0,1013.0
3330,"1923 FLANDRAU ST N, MAPLEWOOD, MN, 55109",Match,Exact,"1923 FLANDRAU ST N, MAPLEWOOD, MN, 55109","-93.027907508732,44.998968570814",97652965.0,L,27.0,123.0,42402.0,1013.0
3451,"5117 HODGSON RD, SHOREVIEW, MN, 55126",Match,Exact,"5117 HODGSON RD, SHOREVIEW, MN, 55126","-93.127271376605,45.096693292702",97635561.0,L,27.0,123.0,40707.0,1013.0
3450,"654 BIRCH LN N, SHOREVIEW, MN, 55126",Match,Exact,"654 BIRCH LN N, SHOREVIEW, MN, 55126","-93.128741140732,45.096687854876",97635560.0,L,27.0,123.0,40707.0,1013.0
3208,"424 GLENWOOD AVE, ROSEVILLE, MN, 55113",Match,Non_Exact,"424 W GLENWOOD AVE, ROSEVILLE, MN, 55113","-93.117621691126,44.996715911238",97643555.0,L,27.0,123.0,41602.0,3000.0
3329,"2015 ALDINE ST, ROSEVILLE, MN, 55113",Match,Non_Exact,"2015 ALDINE ST N, ROSEVILLE, MN, 55113","-93.171952303091,45.001970898071",97670894.0,L,27.0,123.0,41301.0,1023.0
3207,"7940 SPRING LAKE PARK RD, SPRING LAKE PARK, MN, 55432",Match,Exact,"7940 SPRING LAKE PARK RD, SPRING LAKE PARK, MN, 55432","-93.224969108213,45.111897082367",616655056.0,R,27.0,123.0,41001.0,2015.0
3328,"3521 RIDGEWOOD CT, ARDEN HILLS, MN, 55112",Match,Exact,"3521 RIDGEWOOD CT, ARDEN HILLS, MN, 55112","-93.165206646224,45.048211931358",97688397.0,L,27.0,123.0,40804.0,1006.0
3449,"678 BIRCH LN N, SHOREVIEW, MN, 55126",Match,Exact,"678 BIRCH LN N, SHOREVIEW, MN, 55126","-93.129394312615,45.096685399388",97635560.0,L,27.0,123.0,40707.0,1013.0
3206,"2101 1ST ST N, NORTH ST PAUL, MN, 55109",Match,Exact,"2101 1ST ST N, NORTH ST PAUL, MN, 55109","-92.997466911916,45.005085185849",656770959.0,L,27.0,123.0,42700.0,5005.0
3327,"458 MOUNT CURVE BLVD, ST PAUL, MN, 55105",Match,Exact,"458 MOUNT CURVE BLVD, SAINT PAUL, MN, 55105","-93.193528894499,44.927817468423",97639410.0,L,27.0,123.0,43001.0,5008.0
3448,"5131 ALAMEDA ST, SHOREVIEW, MN, 55126",Match,Exact,"5131 ALAMEDA ST, SHOREVIEW, MN, 55126","-93.130813664272,45.096368131846",97635556.0,L,27.0,123.0,40707.0,1003.0
3205,"1027 PARKER AVE, ROSEVILLE, MN, 55113",Match,Exact,"1027 PARKER AVE, ROSEVILLE, MN, 55113","-93.143318039422,45.004190841516",616281990.0,R,27.0,123.0,41700.0,3000.0
3326,"1780 ELEANOR AVE, ST PAUL, MN, 55116",Match,Non_Exact,"1780 W ELEANOR AVE, SAINT PAUL, MN, 55116","-93.175548624713,44.920611905796",97646004.0,L,27.0,123.0,36400.0,3009.0
3447,"5115 ALAMEDA ST, SHOREVIEW, MN, 55126",Match,Exact,"5115 ALAMEDA ST, SHOREVIEW, MN, 55126","-93.130807884374,45.095862384535",97635556.0,L,27.0,123.0,40707.0,1003.0
3204,"1829 SIMPSON ST, FALCON HEIGHTS, MN, 55113",Match,Exact,"1829 SIMPSON ST, FALCON HEIGHTS, MN, 55113","-93.16304074979,44.99602419621",97640954.0,L,27.0,123.0,41900.0,1006.0
3325,"1922 FLANDRAU ST N, MAPLEWOOD, MN, 55109",Match,Exact,"1922 FLANDRAU ST N, MAPLEWOOD, MN, 55109","-93.027745527897,44.99892630986",97652965.0,R,27.0,123.0,42402.0,1014.0
3446,"5091 HODGSON RD, SHOREVIEW, MN, 55126",Match,Exact,"5091 HODGSON RD, SHOREVIEW, MN, 55126","-93.127264919718,45.096028223775",97635561.0,L,27.0,123.0,40707.0,1013.0
3203,"1471 HOYT AVE W, FALCON HEIGHTS, MN, 55108",Match,Exact,"1471 HOYT AVE W, FALCON HEIGHTS, MN, 55108","-93.162272970994,44.988243101873",97641072.0,R,27.0,123.0,41900.0,2015.0
3324,"919 FAIRVIEW AVE S, ST PAUL, MN, 55116",Match,Exact,"919 FAIRVIEW AVE S, SAINT PAUL, MN, 55116","-93.177280482136,44.913514098232",97646097.0,R,27.0,123.0,37500.0,3008.0
3445,"5083 ALAMEDA ST, SHOREVIEW, MN, 55126",Match,Exact,"5083 ALAMEDA ST, SHOREVIEW, MN, 55126","-93.130512994629,45.094880958025",97635556.0,L,27.0,123.0,40707.0,1003.0
3202,"1139 BROOKS AVE W, ROSEVILLE, MN, 55113",Match,Non_Exact,"1139 W BROOKS AVE, ROSEVILLE, MN, 55113","-93.148476972513,45.016324064887",97640599.0,R,27.0,123.0,41400.0,2004.0
3323,"1630 SANDHURST DR E, MAPLEWOOD, MN, 55109",Match,Non_Exact,"1630 SANDHURST AVE E, MAPLEWOOD, MN, 55109","-93.031601811625,45.007278690422",97652156.0,R,27.0,123.0,42402.0,2015.0
3444,"630 BIRCH LN N, SHOREVIEW, MN, 55126",Match,Exact,"630 BIRCH LN N, SHOREVIEW, MN, 55126","-93.128087968849,45.096690310365",97635560.0,L,27.0,123.0,40707.0,1013.0
3201,"1419 ALBERT ST N, ST PAUL, MN, 55108",Match,Exact,"1419 ALBERT ST N, SAINT PAUL, MN, 55108","-93.15932895906,44.984235771581",97641119.0,L,27.0,123.0,30201.0,4002.0
3322,"1436 ALBERT ST N, ST PAUL, MN, 55108",Match,Exact,"1436 ALBERT ST N, SAINT PAUL, MN, 55108","-93.159164475532,44.984476075427",97641119.0,R,27.0,123.0,30201.0,4001.0
3443,"5101 ALAMEDA ST, SHOREVIEW, MN, 55126",Match,Exact,"5101 ALAMEDA ST, SHOREVIEW, MN, 55126","-93.130802826963,45.095419855637",97635556.0,L,27.0,123.0,40707.0,1003.0
3209,"1996 CASE AVE, ST PAUL, MN, 55119",Match,Exact,"1996 CASE AVE, SAINT PAUL, MN, 55119","-93.016153332284,44.970234694767",97653565.0,R,27.0,123.0,31802.0,1014.0
3101,"1892 ASBURY ST, FALCON HEIGHTS, MN, 55113",Match,Non_Exact,"1892 N ASBURY ST, FALCON HEIGHTS, MN, 55113","-93.165398000346,44.998083895458",97640903.0,R,27.0,123.0,41900.0,3000.0
3222,"934 BURKE AVE W, ROSEVILLE, MN, 55113",Match,Non_Exact,"934 W BURKE AVE, ROSEVILLE, MN, 55113","-93.141402564812,45.005389856308",97640650.0,L,27.0,123.0,41700.0,3000.0
3343,"1625 FERNWOOD ST, ST PAUL, MN, 55108",Tie,,,,,,,,,
3464,"5161 ST ALBANS ST N, SHOREVIEW, MN, 55126",Match,Exact,"5161 ST ALBANS ST N, SHOREVIEW, MN, 55126","-93.129676725156,45.097356572239",97635559.0,L,27.0,123.0,40707.0,1003.0
3100,"732 ARLINGTON AVE W, ST PAUL, MN, 55117",Match,Exact,"732 ARLINGTON AVE W, SAINT PAUL, MN, 55117","-93.130944594301,44.984551318317",97643451.0,L,27.0,123.0,30300.0,2001.0
3221,"2643 VALLEY VIEW LN, NEW BRIGHTON, MN, 55112",Match,Exact,"2643 VALLEY VIEW LN, NEW BRIGHTON, MN, 55112","-93.221750185096,45.090448700851",639709912.0,L,27.0,123.0,41105.0,5012.0
3342,"1573 FERNWOOD ST, ST PAUL, MN, 55108",Tie,,,,,,,,,
3463,"2030 KENWOOD DR E, MAPLEWOOD, MN, 55117",Match,Non_Exact,"2030 E KENWOOD DR, MAPLEWOOD, MN, 55117","-93.068197738688,45.002600019917",97650162.0,R,27.0,123.0,42202.0,1014.0
3220,"2054 GIESMANN ST, ROSEVILLE, MN, 55113",Match,Exact,"2054 GIESMANN ST, ROSEVILLE, MN, 55113","-93.11266096651,45.003266579496",97662289.0,R,27.0,123.0,41602.0,2015.0
3341,"2060 MANITOU AVE, ST PAUL, MN, 55119",Match,Exact,"2060 MANITOU AVE, SAINT PAUL, MN, 55119","-93.01419080989,44.968165002949",97653597.0,R,27.0,123.0,31802.0,3002.0
3462,"785 KENWOOD LN E, MAPLEWOOD, MN, 55117",Match,Non_Exact,"785 KENWOOD LN, MAPLEWOOD, MN, 55117","-93.067611615374,45.002380285031",652845958.0,L,27.0,123.0,42202.0,1014.0
3340,"1423 PASCAL ST N, ST PAUL, MN, 55108",Match,Exact,"1423 PASCAL ST N, SAINT PAUL, MN, 55108","-93.161892223595,44.984115737262",97641094.0,L,27.0,123.0,30201.0,4004.0
3461,"1946 KENWOOD DR E, MAPLEWOOD, MN, 55117",Match,Non_Exact,"1946 E KENWOOD DR, MAPLEWOOD, MN, 55117","-93.068563381937,45.000183924136",647914966.0,R,27.0,123.0,42202.0,1016.0
3460,"5091 ALAMEDA ST, SHOREVIEW, MN, 55126",Match,Exact,"5091 ALAMEDA ST, SHOREVIEW, MN, 55126","-93.130729643486,45.095082349989",97635556.0,L,27.0,123.0,40707.0,1003.0
3219,"1488 HAMLINE AVE N, ST PAUL, MN, 55108",Match,Exact,"1488 HAMLINE AVE N, SAINT PAUL, MN, 55108","-93.15657079062,44.98619001606",97641750.0,R,27.0,123.0,30201.0,2016.0
3218,"1767 HILLVIEW RD NE, SPRING LAKE PARK, MN, 55432",Match,Non_Exact,"1767 HILLVIEW RD, SPRING LAKE PARK, MN, 55432","-93.228212068347,45.111403941963",97490652.0,L,27.0,3.0,51001.0,1024.0
3339,"2087 1ST ST N, NORTH ST PAUL, MN, 55109",Match,Exact,"2087 1ST ST N, NORTH ST PAUL, MN, 55109","-92.997467584918,45.004916940946",656770959.0,L,27.0,123.0,42700.0,5005.0
3217,"7964 SPRING LAKE RD NE, SPRING LAKE PARK, MN, 55432",Match,Exact,"7964 SPRING LAKE RD NE, SPRING LAKE PARK, MN, 55432","-93.224973450762,45.11223704568",616655056.0,R,27.0,123.0,41001.0,2015.0
3338,"7930 SPRING LAKE RD NE, SPRING LAKE PARK, MN, 55432",Match,Exact,"7930 SPRING LAKE RD NE, SPRING LAKE PARK, MN, 55432","-93.224966928653,45.11167748437",650576971.0,R,27.0,123.0,41001.0,2015.0
3459,"680 BIRCH LN N, SHOREVIEW, MN, 55126",Match,Exact,"680 BIRCH LN N, SHOREVIEW, MN, 55126","-93.129448743605,45.096685194764",97635560.0,L,27.0,123.0,40707.0,1013.0
3216,"1395 SIMPSON ST, ST PAUL, MN, 55108",Match,Exact,"1395 SIMPSON ST, SAINT PAUL, MN, 55108","-93.163181757438,44.983325875717",97641092.0,L,27.0,123.0,30201.0,4005.0
3337,"7670 GROVELAND RD, MOUNDS VIEW, MN, 55112",Match,Exact,"7670 GROVELAND RD, MOUNDS VIEW, MN, 55112","-93.221151668594,45.10727411376",97633370.0,L,27.0,123.0,41002.0,1001.0
3458,"5123 ALAMEDA ST, SHOREVIEW, MN, 55126",Match,Exact,"5123 ALAMEDA ST, SHOREVIEW, MN, 55126","-93.130810774323,45.09611525819",97635556.0,L,27.0,123.0,40707.0,1003.0
3215,"1795 ALBERT ST N, FALCON HEIGHTS, MN, 55113",Match,Non_Exact,"1795 N ALBERT ST, FALCON HEIGHTS, MN, 55113","-93.159210373612,44.993540445856",97640969.0,L,27.0,123.0,41900.0,1012.0
3336,"1871 PASCAL ST N, FALCON HEIGHTS, MN, 55113",Match,Non_Exact,"1871 N PASCAL ST, FALCON HEIGHTS, MN, 55113","-93.161777800194,44.997286292311",97640945.0,L,27.0,123.0,41900.0,1004.0
3457,"661 BIRCH LN S, SHOREVIEW, MN, 55126",Match,Exact,"661 BIRCH LN S, SHOREVIEW, MN, 55126","-93.128183432172,45.094945822355",97635558.0,R,27.0,123.0,40707.0,1013.0
3214,"1646 HARTFORD AVE, ST PAUL, MN, 55116",Match,Non_Exact,"1646 W HARTFORD AVE, SAINT PAUL, MN, 55116","-93.169903417901,44.923318871604",97645999.0,L,27.0,123.0,36400.0,2010.0
3335,"1980 STILLWATER AVE, ST PAUL, MN, 55119",Match,Exact,"1980 STILLWATER AVE, SAINT PAUL, MN, 55119","-93.017006743085,44.968717333706",97653569.0,R,27.0,123.0,31802.0,3005.0
3456,"671 BIRCH LN S, SHOREVIEW, MN, 55126",Match,Exact,"671 BIRCH LN S, SHOREVIEW, MN, 55126","-93.128338188978,45.09494452733",97635558.0,R,27.0,123.0,40707.0,1013.0
3213,"7670 KNOLLWOOD DR, MOUNDS VIEW, MN, 55112",Match,Exact,"7670 KNOLLWOOD DR, MOUNDS VIEW, MN, 55112","-93.223163853077,45.107222706324",97633327.0,L,27.0,123.0,41002.0,1002.0
3334,"1562 CHELSEA ST, ST PAUL, MN, 55108",Tie,,,,,,,,,
3455,"5089 HODGSON RD, SHOREVIEW, MN, 55126",Match,Exact,"5089 HODGSON RD, SHOREVIEW, MN, 55126","-93.127264423035,45.095977064626",97635561.0,L,27.0,123.0,40707.0,1013.0
3212,"1422 SIMPSON ST, ST PAUL, MN, 55108",Match,Exact,"1422 SIMPSON ST, SAINT PAUL, MN, 55108","-93.163009162397,44.984024009331",97641092.0,R,27.0,123.0,30201.0,4004.0
3333,"764 ARLINGTON AVE W, ST PAUL, MN, 55117",Match,Exact,"764 ARLINGTON AVE W, SAINT PAUL, MN, 55117","-93.132319644332,44.984558035248",97641988.0,L,27.0,123.0,30300.0,2002.0
3454,"5137 ALAMEDA ST, SHOREVIEW, MN, 55126",Match,Exact,"5137 ALAMEDA ST, SHOREVIEW, MN, 55126","-93.130815831734,45.096557787088",97635556.0,L,27.0,123.0,40707.0,1003.0
3112,"2302 7TH AVE E, NORTH ST PAUL, MN, 55109",Match,Exact,"2302 7TH AVE E, NORTH ST PAUL, MN, 55109","-93.003651673066,45.005750014546",619598023.0,R,27.0,123.0,42700.0,5002.0
3233,"1499 SIMPSON ST, ST PAUL, MN, 55108",Match,Exact,"1499 SIMPSON ST, SAINT PAUL, MN, 55108","-93.163155518443,44.986309227199",97641056.0,L,27.0,123.0,30201.0,2010.0
3354,"7851 SUNNYSIDE RD, MOUNDS VIEW, MN, 55112",Match,Exact,"7851 SUNNYSIDE RD, MOUNDS VIEW, MN, 55112","-93.215075152945,45.110416694086",97633394.0,R,27.0,123.0,41001.0,1009.0
3475,"257 MOUNT CURVE BLVD, ST PAUL, MN, 55105",Match,Exact,"257 MOUNT CURVE BLVD, SAINT PAUL, MN, 55105","-93.193684960516,44.93386020691",97639394.0,R,27.0,123.0,43001.0,5001.0
3111,"1468 IDAHO AVE W, FALCON HEIGHTS, MN, 55108",Match,Non_Exact,"1468 W IDAHO AVE, FALCON HEIGHTS, MN, 55108","-93.162053034099,44.989933392672",97641047.0,L,27.0,123.0,41900.0,2007.0
3232,"1928 NOKOMIS AVE, ST PAUL, MN, 55119",Match,Exact,"1928 NOKOMIS AVE, SAINT PAUL, MN, 55119","-93.019171024187,44.965007943495",97653652.0,R,27.0,123.0,31802.0,3013.0
3353,"795 IOWA AVE W, ST PAUL, MN, 55117",Match,Exact,"795 IOWA AVE W, SAINT PAUL, MN, 55117","-93.133223409296,44.989202935496",97641961.0,R,27.0,123.0,30300.0,1012.0
3474,"1607 HOLLYWOOD CT, FALCON HEIGHTS, MN, 55108",Match,Exact,"1607 HOLLYWOOD CT, FALCON HEIGHTS, MN, 55108","-93.168265113597,44.990495496291",638479086.0,R,27.0,123.0,42001.0,1001.0
3110,"410 SOUTH MCCARRONS BLVD, ROSEVILLE, MN, 55113",Match,Non_Exact,"410 MCCARRONS BLVD S, ROSEVILLE, MN, 55113","-93.117556789489,44.997425649071",97643554.0,L,27.0,123.0,41602.0,3003.0
3231,"318 SOUTH MCCARRONS BLVD, ROSEVILLE, MN, 55113",Match,Non_Exact,"318 MCCARRONS BLVD S, ROSEVILLE, MN, 55113","-93.113920662976,44.996425335502",97643562.0,L,27.0,123.0,41602.0,3000.0
3352,"1396 FRANKSON AVE, ST PAUL, MN, 55108",Match,Exact,"1396 FRANKSON AVE, SAINT PAUL, MN, 55108","-93.159121666749,44.982326815737",97641125.0,L,27.0,123.0,30201.0,4012.0
3473,"1603 HOLLYWOOD CT, FALCON HEIGHTS, MN, 55108",Match,Exact,"1603 HOLLYWOOD CT, FALCON HEIGHTS, MN, 55108","-93.168220023254,44.990495665801",638479086.0,R,27.0,123.0,42001.0,1001.0
3230,"3672 RUSTIC PL, SHOREVIEW, MN, 55126",Match,Exact,"3672 RUSTIC PL, SHOREVIEW, MN, 55126","-93.107620400911,45.052514818781",97642986.0,R,27.0,123.0,40704.0,5005.0
3351,"1880 SIMPSON ST, FALCON HEIGHTS, MN, 55113",Match,Exact,"1880 SIMPSON ST, FALCON HEIGHTS, MN, 55113","-93.162874596971,44.997674849563",97640939.0,R,27.0,123.0,41900.0,1004.0
3472,"1583 HOLLYWOOD CT, FALCON HEIGHTS, MN, 55108",Match,Exact,"1583 HOLLYWOOD CT, FALCON HEIGHTS, MN, 55108","-93.167994571541,44.990496513348",638479086.0,R,27.0,123.0,42001.0,1001.0
3350,"1525 IOWA AVE W, FALCON HEIGHTS, MN, 55108",Match,Non_Exact,"1525 W IOWA AVE, FALCON HEIGHTS, MN, 55108","-93.164389173708,44.989131297342",97640992.0,R,27.0,123.0,41900.0,2006.0
3471,"1589 HOLLYWOOD CT, FALCON HEIGHTS, MN, 55108",Match,Exact,"1589 HOLLYWOOD CT, FALCON HEIGHTS, MN, 55108","-93.168062207055,44.990496259084",638479086.0,R,27.0,123.0,42001.0,1001.0
3470,"5151 ALAMEDA ST, SHOREVIEW, MN, 55126",Match,Exact,"5151 ALAMEDA ST, SHOREVIEW, MN, 55126","-93.130815871329,45.096851807745",97657550.0,L,27.0,123.0,40707.0,1003.0
3109,"1529 HOYT AVE W, FALCON HEIGHTS, MN, 55108",Match,Exact,"1529 HOYT AVE W, FALCON HEIGHTS, MN, 55108","-93.164880369522,44.988219352365",97641001.0,R,27.0,123.0,41900.0,2018.0
3108,"1572 HURON ST, ST PAUL, MN, 55108",Tie,,,,,,,,,
3229,"1656 FERNWOOD ST, ST PAUL, MN, 55108",Tie,,,,,,,,,
3107,"1375 MURRAY ST, ST PAUL, MN, 55116",Match,Non_Exact,"1375 S MURRAY ST, SAINT PAUL, MN, 55116","-93.186162970953,44.900244625835",97639722.0,R,27.0,123.0,37601.0,2005.0
3228,"2142 NORTONIA AVE, ST PAUL, MN, 55119",Match,Exact,"2142 NORTONIA AVE, SAINT PAUL, MN, 55119","-93.011129337371,44.967299761549",97653637.0,R,27.0,123.0,31802.0,2006.0
3349,"7890 SPRING LAKE RD, MOUNDS VIEW, MN, 55112",Match,Exact,"7890 SPRING LAKE RD, MOUNDS VIEW, MN, 55112","-93.224956804207,45.111162101695",649428313.0,L,27.0,123.0,41001.0,2020.0
3106,"286 SOUTH MCCARRONS BLVD, ROSEVILLE, MN, 55113",Match,Non_Exact,"286 MCCARRONS BLVD S, ROSEVILLE, MN, 55113","-93.112782600204,44.99610724856",97643562.0,L,27.0,123.0,41602.0,3000.0
3227,"2000 BEACON ST, ROSEVILLE, MN, 55113",Match,Exact,"2000 BEACON ST, ROSEVILLE, MN, 55113","-93.175520701205,45.001419871762",97640803.0,R,27.0,123.0,41301.0,1024.0
3348,"1541 ALBERT ST N, ST PAUL, MN, 55108",Match,Non_Exact,"1541 N ALBERT ST, SAINT PAUL, MN, 55108","-93.15929719713,44.987151191231",97641081.0,L,27.0,123.0,30201.0,2003.0
3469,"5143 ALAMEDA ST, SHOREVIEW, MN, 55126",Match,Exact,"5143 ALAMEDA ST, SHOREVIEW, MN, 55126","-93.130816848206,45.096800033643",97657550.0,L,27.0,123.0,40707.0,1003.0
3105,"1667 SOUTH RIDGEWOOD LN W, ROSEVILLE, MN, 55113",Match,Non_Exact,"1667 RIDGEWOOD LN S, ROSEVILLE, MN, 55113","-93.169833193423,45.001305285006",97640888.0,R,27.0,123.0,41301.0,1018.0
3226,"2071 GIESMANN ST, ROSEVILLE, MN, 55113",Match,Exact,"2071 GIESMANN ST, ROSEVILLE, MN, 55113","-93.112825956616,45.00359407577",97662289.0,L,27.0,123.0,41602.0,2014.0
3347,"1963 NORTONIA AVE, ST PAUL, MN, 55119",Match,Exact,"1963 NORTONIA AVE, SAINT PAUL, MN, 55119","-93.018154600129,44.964821135187",97653515.0,L,27.0,123.0,31802.0,3013.0
3468,"5171 ST ALBANS ST N, SHOREVIEW, MN, 55126",Match,Exact,"5171 ST ALBANS ST N, SHOREVIEW, MN, 55126","-93.129678356753,45.097449574",97635559.0,L,27.0,123.0,40707.0,1003.0
3104,"988 CENTRAL AVE W, ST PAUL, MN, 55104",Match,Non_Exact,"988 W CENTRAL AVE, SAINT PAUL, MN, 55104","-93.141960846232,44.952981706005",97646595.0,L,27.0,123.0,33500.0,3012.0
3225,"3025 WOODALE DR, MOUNDS VIEW, MN, 55112",Match,Exact,"3025 WOODALE DR, MOUNDS VIEW, MN, 55112","-93.226013711107,45.097102390573",97666517.0,R,27.0,123.0,41002.0,1008.0
3346,"1905 ARONA ST, FALCON HEIGHTS, MN, 55113",Match,Non_Exact,"1905 N ARONA ST, FALCON HEIGHTS, MN, 55113","-93.164299076791,44.99849103839",97640934.0,L,27.0,123.0,41900.0,3000.0
3467,"5169 HODGSON RD, SHOREVIEW, MN, 55126",Match,Exact,"5169 HODGSON RD, SHOREVIEW, MN, 55126","-93.127287728743,45.09821411216",647906277.0,L,27.0,123.0,40707.0,1003.0
3103,"1416 ASBURY ST, ST PAUL, MN, 55108",Tie,,,,,,,,,
3224,"7545 KNOLLWOOD DR, MOUNDS VIEW, MN, 55112",Match,Exact,"7545 KNOLLWOOD DR, MOUNDS VIEW, MN, 55112","-93.222971006512,45.104994367925",97633327.0,R,27.0,123.0,41002.0,1001.0
3345,"2071 FLORAL DR, WHITE BEAR LAKE, MN, 55110",Match,Exact,"2071 FLORAL DR, WHITE BEAR LAKE, MN, 55110","-93.012897857614,45.065794514592",97637190.0,L,27.0,123.0,40301.0,2007.0
3466,"5155 HODGSON RD, SHOREVIEW, MN, 55126",Match,Exact,"5155 HODGSON RD, SHOREVIEW, MN, 55126","-93.127283479622,45.097820355201",647906277.0,L,27.0,123.0,40707.0,1003.0
3102,"1836 MONTREAL AVE, ST PAUL, MN, 55116",Match,Exact,"1836 MONTREAL AVE, SAINT PAUL, MN, 55116","-93.148458127536,44.912368175879",97647092.0,L,27.0,123.0,36700.0,3029.0
3223,"2011 NOKOMIS AVE, ST PAUL, MN, 55119",Match,Exact,"2011 NOKOMIS AVE, SAINT PAUL, MN, 55119","-93.016223961563,44.966100442476",97653583.0,L,27.0,123.0,31802.0,3008.0
3344,"6942 PLEASANT VIEW DR, MOUNDS VIEW, MN, 55112",Match,Exact,"6942 PLEASANT VIEW DR, MOUNDS VIEW, MN, 55112","-93.226497321249,45.094025742143",97633581.0,L,27.0,123.0,41002.0,1009.0
3465,"5165 ST ALBANS ST N, SHOREVIEW, MN, 55126",Match,Exact,"5165 ST ALBANS ST N, SHOREVIEW, MN, 55126","-93.129677377795,45.097393772944",97635559.0,L,27.0,123.0,40707.0,1003.0
3002,"2161 GARDENETTE DR S, WHITE BEAR LAKE, MN, 55110",Match,Exact,"2161 GARDENETTE DR S, WHITE BEAR LAKE, MN, 55110","-93.00903645531,45.066758539774",97637242.0,L,27.0,123.0,40301.0,2013.0
3123,"3051 RICE ST, ROSEVILLE, MN, 55113",Match,Exact,"3051 RICE ST, ROSEVILLE, MN, 55113","-93.106266122615,45.033059012449",97643044.0,L,27.0,123.0,41601.0,1007.0
3244,"949 EDITH ST N, MAPLEWOOD, MN, 55119",Match,Non_Exact,"949 EDITH ST, MAPLEWOOD, MN, 55119","-92.992474393107,44.969896044337",97653943.0,L,27.0,123.0,42501.0,4008.0
3365,"732 PARKVIEW AVE, ST PAUL, MN, 55117",Match,Non_Exact,"732 W PARKVIEW AVE, SAINT PAUL, MN, 55117","-93.131082143711,44.983634934122",97643449.0,L,27.0,123.0,30300.0,2005.0
3486,"0 REANEY AVE, ST PAUL, MN, 55119",No_Match,,,,,,,,,
3001,"1462 ALBERT ST N, ST PAUL, MN, 55108",Match,Exact,"1462 ALBERT ST N, SAINT PAUL, MN, 55108","-93.159177572956,44.983203022752",97641119.0,R,27.0,123.0,30201.0,4001.0
3122,"459 WOODRUFF AVE, ROSEVILLE, MN, 55113",Match,Exact,"459 WOODRUFF AVE, ROSEVILLE, MN, 55113","-93.11969022808,44.997926139839",619585834.0,R,27.0,123.0,41602.0,3003.0
3243,"1391 MCKINLEY ST, ST PAUL, MN, 55108",Match,Non_Exact,"1391 W MCKINLEY ST, SAINT PAUL, MN, 55108","-93.160597331881,44.983721259819",97641118.0,L,27.0,123.0,30201.0,4003.0
3364,"1616 CHELSEA ST, ST PAUL, MN, 55108",Tie,,,,,,,,,
3485,"1994 REANEY AVE, ST PAUL, MN, 55119",Match,Exact,"1994 REANEY AVE, SAINT PAUL, MN, 55119","-93.015897975412,44.963933485753",97653516.0,R,27.0,123.0,31802.0,3017.0
3000,"1392 ASBURY ST, ST PAUL, MN, 55108",Tie,,,,,,,,,
3121,"1626 FERNWOOD ST, ST PAUL, MN, 55108",Tie,,,,,,,,,
3242,"491 GLENWOOD AVE, ROSEVILLE, MN, 55113",Match,Non_Exact,"491 W GLENWOOD AVE, ROSEVILLE, MN, 55113","-93.119551072885,44.99630859057",97643557.0,R,27.0,123.0,41602.0,3001.0
3363,"1488 SIMPSON ST, ST PAUL, MN, 55108",Match,Exact,"1488 SIMPSON ST, SAINT PAUL, MN, 55108","-93.162997391304,44.986007149778",97641056.0,R,27.0,123.0,30201.0,2011.0
3484,"0 STILLWATER AVE, ST PAUL, MN, 55119",No_Match,,,,,,,,,
3120,"1725 SIMPSON ST, FALCON HEIGHTS, MN, 55113",Match,Exact,"1725 SIMPSON ST, FALCON HEIGHTS, MN, 55113","-93.163045738062,44.993445899516",97640956.0,L,27.0,123.0,41900.0,1009.0
3241,"1483 SIMPSON ST, ST PAUL, MN, 55108",Match,Exact,"1483 SIMPSON ST, SAINT PAUL, MN, 55108","-93.163161511342,44.985844183126",97641056.0,L,27.0,123.0,30201.0,2010.0
3362,"2179 WAUKON AVE, ST PAUL, MN, 55119",Match,Exact,"2179 WAUKON AVE, SAINT PAUL, MN, 55119","-93.009934899398,44.967504955095",97653640.0,L,27.0,123.0,31802.0,2003.0
3483,"948 HAZEL ST N, ST PAUL, MN, 55119",Match,Non_Exact,"948 N HAZEL ST, SAINT PAUL, MN, 55119","-93.02015315924,44.968984369347",647910058.0,R,27.0,123.0,31802.0,1012.0
3240,"487 HILLTOP AVE, ROSEVILLE, MN, 55113",Match,Non_Exact,"487 W HILLTOP AVE, ROSEVILLE, MN, 55113","-93.120243630737,44.997210348267",97643552.0,R,27.0,123.0,41602.0,3000.0
3361,"1801 ALBERT ST N, FALCON HEIGHTS, MN, 55113",Match,Non_Exact,"1801 N ALBERT ST, FALCON HEIGHTS, MN, 55113","-93.159210509013,44.993646611443",97640969.0,L,27.0,123.0,41900.0,1012.0
3482,"2168 NORTONIA AVE, ST PAUL, MN, 55119",Match,Exact,"2168 NORTONIA AVE, SAINT PAUL, MN, 55119","-93.010890510316,44.967609664889",97653634.0,R,27.0,123.0,31802.0,2003.0
3360,"1396 SIMPSON ST, ST PAUL, MN, 55108",Match,Exact,"1396 SIMPSON ST, SAINT PAUL, MN, 55108","-93.163019758881,44.983324647704",97641092.0,R,27.0,123.0,30201.0,4004.0
3481,"2172 NORTONIA AVE, ST PAUL, MN, 55119",Match,Exact,"2172 NORTONIA AVE, SAINT PAUL, MN, 55119","-93.010872295146,44.967634590908",97653634.0,R,27.0,123.0,31802.0,2003.0
3480,"351 MOUNT CURVE BLVD, ST PAUL, MN, 55105",Match,Exact,"351 MOUNT CURVE BLVD, SAINT PAUL, MN, 55105","-93.193687207542,44.930988199157",97639405.0,R,27.0,123.0,43001.0,5001.0
3119,"1434 SIMPSON ST, ST PAUL, MN, 55108",Match,Exact,"1434 SIMPSON ST, SAINT PAUL, MN, 55108","-93.163004271713,44.984346791621",97641092.0,R,27.0,123.0,30201.0,4004.0
3118,"156 WOODLYNN AVE, ROSEVILLE, MN, 55113",Match,Exact,"156 WOODLYNN AVE, ROSEVILLE, MN, 55113","-93.107381279751,45.034534599953",97643043.0,L,27.0,123.0,41601.0,1007.0
3239,"1701 SNELLING AVE N, FALCON HEIGHTS, MN, 55113",Match,Exact,"1701 SNELLING AVE N, FALCON HEIGHTS, MN, 55113","-93.166815398613,44.992611214151",624768568.0,L,27.0,123.0,41900.0,3022.0
3117,"2105 FLORAL DR, WHITE BEAR LAKE, MN, 55110",Match,Exact,"2105 FLORAL DR, WHITE BEAR LAKE, MN, 55110","-93.011712702935,45.065786168349",97637190.0,L,27.0,123.0,40301.0,2007.0
3238,"1447 CALIFORNIA AVE W, FALCON HEIGHTS, MN, 55108",Match,Non_Exact,"1447 CALIFORNIA AVE, FALCON HEIGHTS, MN, 55108","-93.161071477391,44.990945794606",97641060.0,R,27.0,123.0,41900.0,2012.0
3359,"2149 GARDENETTE DR N, WHITE BEAR LAKE, MN, 55110",Match,Exact,"2149 GARDENETTE DR N, WHITE BEAR LAKE, MN, 55110","-93.009924979411,45.067765271489",97637233.0,L,27.0,123.0,40301.0,2007.0
3116,"1506 HURON ST, ST PAUL, MN, 55108",Match,Non_Exact,"1506 N HURON ST, SAINT PAUL, MN, 55108","-93.155255044541,44.986573805645",97641758.0,R,27.0,123.0,30201.0,2000.0
3237,"1515 HOLTON ST, ST PAUL, MN, 55108",Match,Non_Exact,"1515 N HOLTON ST, SAINT PAUL, MN, 55108","-93.160597296852,44.986692553503",97641075.0,L,27.0,123.0,30201.0,2004.0
3358,"1579 HURON ST, ST PAUL, MN, 55108",Tie,,,,,,,,,
3479,"327 MOUNT CURVE BLVD, ST PAUL, MN, 55105",Match,Exact,"327 MOUNT CURVE BLVD, SAINT PAUL, MN, 55105","-93.193687208719,44.931746225239",97639402.0,R,27.0,123.0,43001.0,5001.0
3115,"1589 ROSELAWN AVE W, ROSEVILLE, MN, 55113",Match,Exact,"1589 ROSELAWN AVE W, ROSEVILLE, MN, 55113","-93.16790530656,44.999026129928",640770964.0,R,27.0,123.0,41301.0,1015.0
3236,"862 WILDER ST S, ST PAUL, MN, 55116",Match,Non_Exact,"862 S WILDER ST, SAINT PAUL, MN, 55116","-93.185307230623,44.915324844786",97639627.0,L,27.0,123.0,37500.0,3003.0
3357,"1720 SNELLING AVE N, FALCON HEIGHTS, MN, 55108",Match,Non_Exact,"1720 SNELLING AVE N, FALCON HEIGHTS, MN, 55113","-93.166439758432,44.991917173075",97674175.0,R,27.0,123.0,41900.0,3020.0
3478,"288 STONEBRIDGE BLVD, ST PAUL, MN, 55105",Match,Non_Exact,"288 S STONEBRIDGE BLVD, SAINT PAUL, MN, 55105","-93.194970312004,44.932997539537",97669911.0,L,27.0,123.0,43001.0,5001.0
3114,"1384 MCKINLEY ST, ST PAUL, MN, 55108",Match,Non_Exact,"1384 W MCKINLEY ST, SAINT PAUL, MN, 55108","-93.1604066524,44.983623437675",97641118.0,R,27.0,123.0,30201.0,4002.0
3235,"850 SYNDICATE ST S, ST PAUL, MN, 55116",Match,Non_Exact,"850 S SYNDICATE ST, SAINT PAUL, MN, 55116","-93.154204379152,44.915971506617",97646970.0,L,27.0,123.0,36600.0,1017.0
3356,"1211 BROOKS AVE W, ROSEVILLE, MN, 55113",Match,Non_Exact,"1211 W BROOKS AVE, ROSEVILLE, MN, 55113","-93.150233376851,45.016317792005",97640592.0,R,27.0,123.0,41400.0,2004.0
3477,"294 STONEBRIDGE BLVD, ST PAUL, MN, 55105",Match,Non_Exact,"294 S STONEBRIDGE BLVD, SAINT PAUL, MN, 55105","-93.194985795121,44.93291289855",97669911.0,L,27.0,123.0,43001.0,5001.0
3113,"1699 FLANDRAU ST N, MAPLEWOOD, MN, 55109",Match,Exact,"1699 FLANDRAU ST N, MAPLEWOOD, MN, 55109","-93.027913596341,44.994129450067",97652965.0,L,27.0,123.0,42402.0,1013.0
3234,"1988 FAIRVIEW AVE N, ROSEVILLE, MN, 55113",Match,Exact,"1988 FAIRVIEW AVE N, ROSEVILLE, MN, 55113","-93.176884241483,45.001064095678",97640801.0,R,27.0,123.0,41301.0,1020.0
3355,"2711 VALLEY VIEW LN, NEW BRIGHTON, MN, 55112",Match,Exact,"2711 VALLEY VIEW LN, NEW BRIGHTON, MN, 55112","-93.222688329894,45.090898916392",619696098.0,L,27.0,123.0,41105.0,5012.0
3476,"265 MOUNT CURVE BLVD, ST PAUL, MN, 55105",Match,Exact,"265 MOUNT CURVE BLVD, SAINT PAUL, MN, 55105","-93.193685945114,44.933659354616",97639394.0,R,27.0,123.0,43001.0,5001.0
3013,"1470 FRANKSON AVE, ST PAUL, MN, 55108",Match,Exact,"1470 FRANKSON AVE, SAINT PAUL, MN, 55108","-93.16217221068,44.982655842464",97641097.0,L,27.0,123.0,30201.0,4010.0
3134,"8021 EASTWOOD RD, MOUNDS VIEW, MN, 55112",Match,Exact,"8021 EASTWOOD RD, MOUNDS VIEW, MN, 55112","-93.21308402492,45.11379335763",97633385.0,R,27.0,123.0,41001.0,1011.0
3255,"1201 BROOKS AVE W, ROSEVILLE, MN, 55113",Match,Non_Exact,"1201 W BROOKS AVE, ROSEVILLE, MN, 55113","-93.150077151573,45.016318382638",97640592.0,R,27.0,123.0,41400.0,2004.0
3376,"1652 NORTH RIDGEWOOD LN W, ROSEVILLE, MN, 55113",Match,Non_Exact,"1652 RIDGEWOOD LN N, ROSEVILLE, MN, 55113","-93.169338741695,45.002065785931",97640879.0,L,27.0,123.0,41301.0,1018.0
3497,"2096 MOHAWK AVE, ST PAUL, MN, 55119",Match,Exact,"2096 MOHAWK AVE, SAINT PAUL, MN, 55119","-93.013541887864,44.967689173286",97653602.0,R,27.0,123.0,31802.0,3001.0
3012,"1446 SIMPSON ST, ST PAUL, MN, 55108",Match,Exact,"1446 SIMPSON ST, SAINT PAUL, MN, 55108","-93.163013684499,44.984742811205",97641056.0,R,27.0,123.0,30201.0,2011.0
3133,"1400 ASBURY ST, ST PAUL, MN, 55108",Tie,,,,,,,,,
3254,"1714 FLANDRAU ST N, MAPLEWOOD, MN, 55109",Match,Exact,"1714 FLANDRAU ST N, MAPLEWOOD, MN, 55109","-93.027751146418,44.994460073742",97652965.0,R,27.0,123.0,42402.0,1014.0
3375,"7629 SPRING LAKE RD, MOUNDS VIEW, MN, 55112",Match,Exact,"7629 SPRING LAKE RD, MOUNDS VIEW, MN, 55112","-93.225019781586,45.106125279344",97633321.0,R,27.0,123.0,41002.0,1002.0
3496,"2111 NOKOMIS AVE, ST PAUL, MN, 55119",Match,Exact,"2111 NOKOMIS AVE, SAINT PAUL, MN, 55119","-93.012585198759,44.967616741301",97653604.0,L,27.0,123.0,31802.0,3001.0
3011,"2012 NOKOMIS AVE, ST PAUL, MN, 55119",Match,Exact,"2012 NOKOMIS AVE, SAINT PAUL, MN, 55119","-93.015987818953,44.966036273077",97653583.0,R,27.0,123.0,31802.0,3014.0
3132,"1492 HOLTON ST, ST PAUL, MN, 55108",Match,Non_Exact,"1492 N HOLTON ST, SAINT PAUL, MN, 55108","-93.160438211378,44.986199847999",97641080.0,R,27.0,123.0,30201.0,2013.0
3253,"887 KENNETH ST, ST PAUL, MN, 55116",Match,Non_Exact,"887 S KENNETH ST, SAINT PAUL, MN, 55116","-93.184027957369,44.915216691436",97645951.0,R,27.0,123.0,37500.0,3006.0
3374,"1496 SHELDON ST, ST PAUL, MN, 55108",Tie,,,,,,,,,
3495,"2115 NOKOMIS AVE, ST PAUL, MN, 55119",Match,Exact,"2115 NOKOMIS AVE, SAINT PAUL, MN, 55119","-93.012498218857,44.967699702104",97653604.0,L,27.0,123.0,31802.0,3001.0
3010,"7919 PLEASANT VIEW DR, SPRING LAKE PARK, MN, 55432",Match,Exact,"7919 PLEASANT VIEW DR, SPRING LAKE PARK, MN, 55432","-93.227758818302,45.111771111002",616654679.0,R,27.0,123.0,41001.0,2015.0
3131,"2146 NORTONIA AVE, ST PAUL, MN, 55119",Match,Exact,"2146 NORTONIA AVE, SAINT PAUL, MN, 55119","-93.010990693751,44.96747257178",97653634.0,R,27.0,123.0,31802.0,2003.0
3252,"1844 FLANDRAU ST N, MAPLEWOOD, MN, 55109",Match,Exact,"1844 FLANDRAU ST N, MAPLEWOOD, MN, 55109","-93.027747634843,44.997251471316",97652965.0,R,27.0,123.0,42402.0,1014.0
3373,"1397 ARLINGTON AVE W, ST PAUL, MN, 55108",Match,Exact,"1397 ARLINGTON AVE W, SAINT PAUL, MN, 55108","-93.159124709756,44.984651977448",97641120.0,R,27.0,123.0,30201.0,2014.0
3494,"2119 WAUKON AVE, ST PAUL, MN, 55119",Match,Exact,"2119 WAUKON AVE, SAINT PAUL, MN, 55119","-93.011019640672,44.966176262155",97653702.0,L,27.0,123.0,31802.0,2006.0
3130,"1607 FERNWOOD ST, ST PAUL, MN, 55108",Tie,,,,,,,,,
3251,"740 RIDGE ST, ST PAUL, MN, 55116",Match,Exact,"740 RIDGE ST, SAINT PAUL, MN, 55116","-93.152930874013,44.918943095984",97646964.0,L,27.0,123.0,36600.0,1011.0
3372,"950 EVAR ST N, MAPLEWOOD, MN, 55119",Match,Non_Exact,"950 EVAR ST, MAPLEWOOD, MN, 55119","-92.993568102918,44.969764888697",97653941.0,R,27.0,123.0,42501.0,4008.0
3493,"2123 NORTONIA AVE, ST PAUL, MN, 55119",Match,Exact,"2123 NORTONIA AVE, SAINT PAUL, MN, 55119","-93.011590264485,44.967000433858",97653637.0,L,27.0,123.0,31802.0,3012.0
3250,"840 SYNDICATE ST S, ST PAUL, MN, 55116",Match,Non_Exact,"840 S SYNDICATE ST, SAINT PAUL, MN, 55116","-93.154204379145,44.916018344648",97646970.0,L,27.0,123.0,36600.0,1017.0
3371,"737 PARKVIEW AVE, ST PAUL, MN, 55117",Match,Non_Exact,"737 W PARKVIEW AVE, SAINT PAUL, MN, 55117","-93.131183247786,44.983749883571",97643449.0,R,27.0,123.0,30300.0,2001.0
3492,"2115 NORTONIA AVE, ST PAUL, MN, 55119",Match,Exact,"2115 NORTONIA AVE, SAINT PAUL, MN, 55119","-93.011755133601,44.966835462616",97653637.0,L,27.0,123.0,31802.0,3012.0
3370,"1380 CALIFORNIA AVE W, FALCON HEIGHTS, MN, 55108",Match,Non_Exact,"1380 CALIFORNIA AVE, FALCON HEIGHTS, MN, 55108","-93.158627798485,44.990848367705",97641069.0,L,27.0,123.0,41900.0,2010.0
3491,"2103 NORTONIA AVE, ST PAUL, MN, 55119",Match,Exact,"2103 NORTONIA AVE, SAINT PAUL, MN, 55119","-93.012011021714,44.966589416369",97653637.0,L,27.0,123.0,31802.0,3012.0
3490,"2088 NOKOMIS AVE, ST PAUL, MN, 55119",Match,Exact,"2088 NOKOMIS AVE, SAINT PAUL, MN, 55119","-93.013161473707,44.966991355065",97653606.0,R,27.0,123.0,31802.0,3012.0
3009,"1357 CALIFORNIA AVE W, FALCON HEIGHTS, MN, 55108",Match,Non_Exact,"1357 CALIFORNIA AVE, FALCON HEIGHTS, MN, 55108","-93.158036502861,44.990967085117",97641069.0,R,27.0,123.0,41900.0,2011.0
3008,"765 PARKVIEW AVE, ST PAUL, MN, 55117",Match,Non_Exact,"765 W PARKVIEW AVE, SAINT PAUL, MN, 55117","-93.132305786252,44.983755075014",97641984.0,R,27.0,123.0,30300.0,2002.0
3129,"1769 HILLVIEW RD NE, SPRING LAKE PARK, MN, 55432",Match,Non_Exact,"1769 HILLVIEW RD, SPRING LAKE PARK, MN, 55432","-93.228194073582,45.111404055853",97490652.0,L,27.0,3.0,51001.0,1024.0
3007,"1868 KENNARD ST N, MAPLEWOOD, MN, 55109",Match,Non_Exact,"1868 N KENNARD ST, MAPLEWOOD, MN, 55109","-93.030256293136,44.997210538529",97652974.0,R,27.0,123.0,42402.0,1013.0
3128,"2016 FAIRVIEW AVE N, ROSEVILLE, MN, 55113",Match,Exact,"2016 FAIRVIEW AVE N, ROSEVILLE, MN, 55113","-93.176888145475,45.002014124828",97640800.0,R,27.0,123.0,41301.0,1020.0
3249,"3511 RIDGEWOOD RD, ARDEN HILLS, MN, 55112",Match,Exact,"3511 RIDGEWOOD RD, ARDEN HILLS, MN, 55112","-93.164588119194,45.048436442665",97688395.0,L,27.0,123.0,40804.0,1006.0
3006,"1717 SIMPSON ST, FALCON HEIGHTS, MN, 55113",Match,Exact,"1717 SIMPSON ST, FALCON HEIGHTS, MN, 55113","-93.163046056476,44.993265054455",97640956.0,L,27.0,123.0,41900.0,1009.0
3127,"1794 ARONA ST, FALCON HEIGHTS, MN, 55113",Match,Non_Exact,"1794 N ARONA ST, FALCON HEIGHTS, MN, 55113","-93.164145415263,44.995019151213",97640953.0,R,27.0,123.0,41900.0,1009.0
3248,"938 EVAR ST N, MAPLEWOOD, MN, 55119",Match,Non_Exact,"938 EVAR ST, MAPLEWOOD, MN, 55119","-92.993565089109,44.969620224916",97653941.0,R,27.0,123.0,42501.0,4008.0
3369,"796 ARLINGTON AVE W, ST PAUL, MN, 55117",Match,Exact,"796 ARLINGTON AVE W, SAINT PAUL, MN, 55117","-93.133683538109,44.984565398071",97641987.0,L,27.0,123.0,30300.0,2002.0
3005,"1509 MIDWAY PKWY, ST PAUL, MN, 55108",No_Match,,,,,,,,,
3126,"1744 PASCAL ST N, FALCON HEIGHTS, MN, 55113",Match,Non_Exact,"1744 N PASCAL ST, FALCON HEIGHTS, MN, 55113","-93.161615758001,44.993793224453",97640964.0,R,27.0,123.0,41900.0,1011.0
3247,"1597 MERRILL ST, ST PAUL, MN, 55108",Tie,,,,,,,,,
3368,"1150 TRANSIT AVE, ROSEVILLE, MN, 55113",Match,Exact,"1150 TRANSIT AVE, ROSEVILLE, MN, 55113","-93.148319043842,45.015324524104",97640602.0,L,27.0,123.0,41400.0,2008.0
3489,"820 PEDERSEN ST, ST PAUL, MN, 55119",Match,Exact,"820 PEDERSEN ST, SAINT PAUL, MN, 55119","-93.012767190381,44.966142728789",97653600.0,R,27.0,123.0,31802.0,3012.0
3004,"1656 SANDHURST AVE E, MAPLEWOOD, MN, 55109",Match,Exact,"1656 SANDHURST AVE E, MAPLEWOOD, MN, 55109","-93.030564445498,45.007278690351",97652156.0,R,27.0,123.0,42402.0,2015.0
3125,"861 KENNETH ST, ST PAUL, MN, 55116",Match,Non_Exact,"861 S KENNETH ST, SAINT PAUL, MN, 55116","-93.18416221338,44.915416241433",97645951.0,R,27.0,123.0,37500.0,3006.0
3246,"7572 GROVELAND RD, MOUNDS VIEW, MN, 55112",Match,Exact,"7572 GROVELAND RD, MOUNDS VIEW, MN, 55112","-93.221125783856,45.105531191486",97633370.0,L,27.0,123.0,41002.0,1001.0
3367,"3568 SNELLING AVE N, ARDEN HILLS, MN, 55112",Match,Exact,"3568 SNELLING AVE N, ARDEN HILLS, MN, 55112","-93.162395262165,45.047643548556",97639859.0,R,27.0,123.0,40804.0,1003.0
3488,"1922 NORTONIA AVE, ST PAUL, MN, 55119",Match,Exact,"1922 NORTONIA AVE, SAINT PAUL, MN, 55119","-93.019109987877,44.963900867214",97653518.0,R,27.0,123.0,31802.0,3017.0
3003,"1472 IOWA AVE W, FALCON HEIGHTS, MN, 55108",Match,Non_Exact,"1472 W IOWA AVE, FALCON HEIGHTS, MN, 55108","-93.162218730335,44.989032326642",97641049.0,L,27.0,123.0,41900.0,2015.0
3124,"1859 PASCAL ST N, FALCON HEIGHTS, MN, 55113",Match,Non_Exact,"1859 N PASCAL ST, FALCON HEIGHTS, MN, 55113","-93.161777797689,44.996906949625",97640961.0,L,27.0,123.0,41900.0,1007.0
3245,"1466 HURON ST, ST PAUL, MN, 55108",Match,Non_Exact,"1466 N HURON ST, SAINT PAUL, MN, 55108","-93.155266729306,44.985809942399",97641763.0,R,27.0,123.0,30201.0,2017.0
3366,"4135 HAZEL ST N, WHITE BEAR LAKE, MN, 55110",Match,Non_Exact,"4135 N HAZEL ST, WHITE BEAR LAKE, MN, 55110","-93.010428764236,45.066587306689",97637227.0,L,27.0,123.0,40301.0,2007.0
3487,"1986 REANEY AVE, ST PAUL, MN, 55119",Match,Exact,"1986 REANEY AVE, SAINT PAUL, MN, 55119","-93.016112491637,44.963947984197",97653516.0,R,27.0,123.0,31802.0,3017.0
3024,"1789 ASBURY ST, FALCON HEIGHTS, MN, 55113",Match,Non_Exact,"1789 N ASBURY ST, FALCON HEIGHTS, MN, 55113","-93.165568454016,44.994910736691",97640921.0,L,27.0,123.0,41900.0,3016.0
3145,"1340 CALIFORNIA AVE W, FALCON HEIGHTS, MN, 55108",Match,Non_Exact,"1340 CALIFORNIA AVE, FALCON HEIGHTS, MN, 55108","-93.157639644956,44.990855253725",97641069.0,L,27.0,123.0,41900.0,2010.0
3266,"2193 WAUKON AVE, ST PAUL, MN, 55119",Match,Exact,"2193 WAUKON AVE, SAINT PAUL, MN, 55119","-93.009838370181,44.967685697413",97653640.0,L,27.0,123.0,31802.0,2003.0
3387,"1788 KENNARD ST N, MAPLEWOOD, MN, 55109",Match,Non_Exact,"1788 N KENNARD ST, MAPLEWOOD, MN, 55109","-93.03025629343,44.99507331267",97652974.0,R,27.0,123.0,42402.0,1013.0
3023,"1988 UTICA AVE, ST PAUL, MN, 55119",Match,Non_Exact,"1988 E UTICA AVE, SAINT PAUL, MN, 55119","-93.017228275428,44.969422366559",97653561.0,R,27.0,123.0,31802.0,1013.0
3144,"1834 FLANDRAU ST N, MAPLEWOOD, MN, 55109",Match,Exact,"1834 FLANDRAU ST N, MAPLEWOOD, MN, 55109","-93.027747904964,44.997036748425",97652965.0,R,27.0,123.0,42402.0,1014.0
3265,"8419 SPRING LAKE RD, MOUNDS VIEW, MN, 55112",Match,Exact,"8419 SPRING LAKE RD, MOUNDS VIEW, MN, 55112","-93.224964140604,45.122033039771",97633295.0,R,27.0,123.0,41001.0,2003.0
3386,"1411 ALBERT ST N, ST PAUL, MN, 55108",Match,Exact,"1411 ALBERT ST N, SAINT PAUL, MN, 55108","-93.159330195083,44.984115631794",97641119.0,L,27.0,123.0,30201.0,4002.0
3022,"1553 OSCEOLA AVE, ST PAUL, MN, 55105",Match,Exact,"1553 OSCEOLA AVE, SAINT PAUL, MN, 55105","-93.165526382044,44.936156786442",97645812.0,R,27.0,123.0,35200.0,3004.0
3143,"1547 HOLTON ST, ST PAUL, MN, 55108",Match,Non_Exact,"1547 N HOLTON ST, SAINT PAUL, MN, 55108","-93.160594544157,44.987245829932",97641075.0,L,27.0,123.0,30201.0,2004.0
3264,"1419 PASCAL ST N, ST PAUL, MN, 55108",Match,Exact,"1419 PASCAL ST N, SAINT PAUL, MN, 55108","-93.161893634367,44.984015103153",97641094.0,L,27.0,123.0,30201.0,4004.0
3385,"966 MILLWOOD AVE, ROSEVILLE, MN, 55113",Match,Exact,"966 MILLWOOD AVE, ROSEVILLE, MN, 55113","-93.140923716656,45.029802586689",649686881.0,L,27.0,123.0,41500.0,2014.0
3021,"8311 SPRING LAKE RD, MOUNDS VIEW, MN, 55112",Match,Exact,"8311 SPRING LAKE RD, MOUNDS VIEW, MN, 55112","-93.224919127311,45.119182172302",97633295.0,R,27.0,123.0,41001.0,2003.0
3142,"827 IROQUOIS AVE, ST PAUL, MN, 55119",Match,Exact,"827 IROQUOIS AVE, SAINT PAUL, MN, 55119","-93.017060845785,44.96664457392",97660443.0,L,27.0,123.0,31802.0,3007.0
3263,"1549 OSCEOLA AVE, ST PAUL, MN, 55105",Match,Exact,"1549 OSCEOLA AVE, SAINT PAUL, MN, 55105","-93.165404759932,44.936155922333",97645812.0,R,27.0,123.0,35200.0,3004.0
3384,"2072 ARLINGTON AVE E, ST PAUL, MN, 55119",Match,Exact,"2072 ARLINGTON AVE E, SAINT PAUL, MN, 55119","-93.013256748766,44.984683005061",97653246.0,R,27.0,123.0,30702.0,1009.0
3020,"754 IDAHO AVE W, ST PAUL, MN, 55117",Match,Exact,"754 IDAHO AVE W, SAINT PAUL, MN, 55117","-93.132392632798,44.989990553641",97641959.0,L,27.0,123.0,30300.0,1012.0
3141,"768 HOYT AVE W, ST PAUL, MN, 55117",Match,Exact,"768 HOYT AVE W, SAINT PAUL, MN, 55117","-93.132703225221,44.98818393276",97641965.0,L,27.0,123.0,30300.0,1020.0
3262,"1984 CASE AVE, ST PAUL, MN, 55119",Match,Exact,"1984 CASE AVE, SAINT PAUL, MN, 55119","-93.016757816432,44.970234694809",97653559.0,R,27.0,123.0,31802.0,1010.0
3383,"3033 WOODALE DR, MOUNDS VIEW, MN, 55112",Match,Exact,"3033 WOODALE DR, MOUNDS VIEW, MN, 55112","-93.226244538761,45.097041438537",97666517.0,R,27.0,123.0,41002.0,1008.0
3140,"2146 MOHAWK AVE, ST PAUL, MN, 55119",Match,Exact,"2146 MOHAWK AVE, SAINT PAUL, MN, 55119","-93.012510514167,44.968788017819",97653602.0,R,27.0,123.0,31802.0,3001.0
3261,"1492 CHELSEA ST, ST PAUL, MN, 55108",Match,Non_Exact,"1492 N CHELSEA ST, SAINT PAUL, MN, 55108","-93.153958608654,44.986347666262",97641764.0,R,27.0,123.0,30202.0,3000.0
3382,"1828 ARONA ST, FALCON HEIGHTS, MN, 55113",Match,Non_Exact,"1828 N ARONA ST, FALCON HEIGHTS, MN, 55113","-93.164143256193,44.995994823179",97640950.0,R,27.0,123.0,41900.0,1006.0
3260,"1416 PASCAL ST N, ST PAUL, MN, 55108",Match,Exact,"1416 PASCAL ST N, SAINT PAUL, MN, 55108","-93.161733045472,44.983913332833",97641094.0,R,27.0,123.0,30201.0,4003.0
3381,"852 KENNETH ST, ST PAUL, MN, 55116",Match,Non_Exact,"852 S KENNETH ST, SAINT PAUL, MN, 55116","-93.184057437824,44.915526928868",97645951.0,L,27.0,123.0,37500.0,3002.0
3380,"7841 EASTWOOD RD, MOUNDS VIEW, MN, 55112",Match,Exact,"7841 EASTWOOD RD, MOUNDS VIEW, MN, 55112","-93.213033593463,45.110512377361",97633392.0,R,27.0,123.0,41001.0,1010.0
3019,"1398 ALBERT ST N, ST PAUL, MN, 55108",Match,Exact,"1398 ALBERT ST N, SAINT PAUL, MN, 55108","-93.159170262766,44.98391356378",97641119.0,R,27.0,123.0,30201.0,4001.0
3018,"2346 ELDRIDGE AVE E, NORTH ST PAUL, MN, 55109",Match,Exact,"2346 ELDRIDGE AVE E, NORTH ST PAUL, MN, 55109","-93.001484089868,45.004687961348",614018779.0,L,27.0,123.0,42700.0,5006.0
3139,"761 IVY AVE W, ST PAUL, MN, 55117",Match,Exact,"761 IVY AVE W, SAINT PAUL, MN, 55117","-93.132464813598,44.981057815544",97643457.0,R,27.0,123.0,30300.0,2008.0
3017,"8351 KNOLLWOOD DR, MOUNDS VIEW, MN, 55112",Match,Exact,"8351 KNOLLWOOD DR, MOUNDS VIEW, MN, 55112","-93.223080292575,45.121239784488",97633294.0,R,27.0,123.0,41001.0,2002.0
3138,"743 IVY AVE W, ST PAUL, MN, 55117",Match,Exact,"743 IVY AVE W, SAINT PAUL, MN, 55117","-93.132152724318,44.981055720963",97643457.0,R,27.0,123.0,30300.0,2008.0
3259,"1480 SIMPSON ST, ST PAUL, MN, 55108",Match,Exact,"1480 SIMPSON ST, SAINT PAUL, MN, 55108","-93.163000494769,44.985766323383",97641056.0,R,27.0,123.0,30201.0,2011.0
3016,"749 LAKEVIEW AVE, ST PAUL, MN, 55117",Match,Non_Exact,"749 W LAKEVIEW AVE, SAINT PAUL, MN, 55117","-93.132494692121,44.981962446527",97641994.0,R,27.0,123.0,30300.0,2009.0
3137,"1438 PASCAL ST N, ST PAUL, MN, 55108",Match,Exact,"1438 PASCAL ST N, SAINT PAUL, MN, 55108","-93.161725286225,44.984466820435",97641094.0,R,27.0,123.0,30201.0,4003.0
3258,"8071 GREENWOOD DR, MOUNDS VIEW, MN, 55112",Match,Exact,"8071 GREENWOOD DR, MOUNDS VIEW, MN, 55112","-93.211054479367,45.114719598207",97633388.0,R,27.0,123.0,41001.0,1012.0
3379,"431 LAWSON AVE E, ST PAUL, MN, 55130",Match,Non_Exact,"431 E LAWSON AVE, SAINT PAUL, MN, 55130","-93.082882135716,44.972002019424",97650403.0,L,27.0,123.0,30900.0,3019.0
3015,"775 IVY AVE W, ST PAUL, MN, 55117",Match,Exact,"775 IVY AVE W, SAINT PAUL, MN, 55117","-93.132908110473,44.981061023439",97641996.0,R,27.0,123.0,30300.0,2008.0
3136,"2101 MOHAWK AVE, ST PAUL, MN, 55119",Match,Exact,"2101 MOHAWK AVE, SAINT PAUL, MN, 55119","-93.013581333224,44.967846025358",97653602.0,L,27.0,123.0,31802.0,3002.0
3257,"1490 PASCAL ST N, ST PAUL, MN, 55108",Match,Exact,"1490 PASCAL ST N, SAINT PAUL, MN, 55108","-93.161698478746,44.986226459752",97641078.0,R,27.0,123.0,30201.0,2012.0
3378,"3505 SIEMS CT, ARDEN HILLS, MN, 55112",Match,Exact,"3505 SIEMS CT, ARDEN HILLS, MN, 55112","-93.166732167015,45.047227991174",97639837.0,L,27.0,123.0,40804.0,1007.0
3499,"2133 NOKOMIS AVE, ST PAUL, MN, 55119",Match,Exact,"2133 NOKOMIS AVE, SAINT PAUL, MN, 55119","-93.012046975952,44.968138153886",97653631.0,L,27.0,123.0,31802.0,3001.0
3014,"2087 3RD ST N, NORTH ST PAUL, MN, 55109",Match,Exact,"2087 3RD ST N, NORTH ST PAUL, MN, 55109","-93.002522854236,45.004258533831",619690962.0,L,27.0,123.0,42700.0,5004.0
3135,"2120 5TH ST E, ST PAUL, MN, 55119",Match,Non_Exact,"2120 E 5TH ST, SAINT PAUL, MN, 55119","-93.01108222382,44.959402245549",97653729.0,R,27.0,123.0,34702.0,4007.0
3256,"2422 BURKE AVE E, NORTH ST PAUL, MN, 55109",Match,Exact,"2422 BURKE AVE E, NORTH ST PAUL, MN, 55109","-92.998300311047,45.005531862247",97652787.0,R,27.0,123.0,42700.0,5005.0
3377,"1337 MURRAY ST, ST PAUL, MN, 55116",Match,Non_Exact,"1337 S MURRAY ST, SAINT PAUL, MN, 55116","-93.186169177219,44.901179722815",97639722.0,R,27.0,123.0,37601.0,2005.0
3498,"2137 NOKOMIS AVE, ST PAUL, MN, 55119",Match,Exact,"2137 NOKOMIS AVE, SAINT PAUL, MN, 55119","-93.011955396106,44.968226211425",97653631.0,L,27.0,123.0,31802.0,3001.0
3390,"2018 KENWOOD DR W, MAPLEWOOD, MN, 55117",Match,Non_Exact,"2018 W KENWOOD DR, MAPLEWOOD, MN, 55117","-93.069824772072,45.001174697739",97649968.0,R,27.0,123.0,42202.0,1017.0
3035,"1396 LARPENTEUR AVE W, FALCON HEIGHTS, MN, 55113",Match,Exact,"1396 LARPENTEUR AVE W, FALCON HEIGHTS, MN, 55113","-93.158976738279,44.99176378104",97641067.0,L,27.0,123.0,41900.0,2000.0
3156,"1469 HURON ST, ST PAUL, MN, 55108",Match,Non_Exact,"1469 N HURON ST, SAINT PAUL, MN, 55108","-93.155427876545,44.985868853575",97641763.0,L,27.0,123.0,30201.0,2016.0
3277,"748 HOYT AVE W, ST PAUL, MN, 55117",Match,Exact,"748 HOYT AVE W, SAINT PAUL, MN, 55117","-93.132294554374,44.988180534221",97641965.0,L,27.0,123.0,30300.0,1020.0
3398,"1989 NORTONIA AVE, ST PAUL, MN, 55119",Match,Exact,"1989 NORTONIA AVE, SAINT PAUL, MN, 55119","-93.016653589017,44.965256936225",97653657.0,L,27.0,123.0,31802.0,3014.0
3034,"2065 IVY ST, NORTH ST PAUL, MN, 55109",Match,Non_Exact,"2065 N IVY ST, NORTH ST PAUL, MN, 55109","-93.003768091752,45.003735131897",97652727.0,L,27.0,123.0,42700.0,5003.0
3155,"1750 KENNARD ST N, MAPLEWOOD, MN, 55109",Match,Non_Exact,"1750 N KENNARD ST, MAPLEWOOD, MN, 55109","-93.03025662532,44.994099757032",97652975.0,R,27.0,123.0,42402.0,1013.0
3276,"1581 CHELSEA ST, ST PAUL, MN, 55108",Tie,,,,,,,,,
3397,"1520 ASBURY ST, ST PAUL, MN, 55108",Match,Non_Exact,"1520 N ASBURY ST, SAINT PAUL, MN, 55108","-93.165536928847,44.986575940741",97641000.0,R,27.0,123.0,30201.0,2007.0
3033,"1478 IDAHO AVE W, FALCON HEIGHTS, MN, 55108",Match,Non_Exact,"1478 W IDAHO AVE, FALCON HEIGHTS, MN, 55108","-93.16246811666,44.989930484942",97641047.0,L,27.0,123.0,41900.0,2007.0
3154,"1816 KENNARD ST N, MAPLEWOOD, MN, 55109",Match,Non_Exact,"1816 N KENNARD ST, MAPLEWOOD, MN, 55109","-93.030256293327,44.99582134172",97652974.0,R,27.0,123.0,42402.0,1013.0
3275,"464 WOODRUFF AVE, ROSEVILLE, MN, 55113",Match,Exact,"464 WOODRUFF AVE, ROSEVILLE, MN, 55113","-93.119256271547,44.997386412792",619585834.0,L,27.0,123.0,41602.0,3000.0
3396,"1441 LARPENTEUR AVE W, FALCON HEIGHTS, MN, 55113",Match,Exact,"1441 LARPENTEUR AVE W, FALCON HEIGHTS, MN, 55113","-93.160817511906,44.991865476006",97641058.0,R,27.0,123.0,41900.0,1011.0
3032,"1376 IOWA AVE W, FALCON HEIGHTS, MN, 55108",Match,Non_Exact,"1376 W IOWA AVE, FALCON HEIGHTS, MN, 55108","-93.158563975982,44.989067056009",97641742.0,L,27.0,123.0,41900.0,2017.0
3153,"807 PEDERSEN ST, ST PAUL, MN, 55119",Match,Exact,"807 PEDERSEN ST, SAINT PAUL, MN, 55119","-93.012786219364,44.965771847889",97653666.0,L,27.0,123.0,31802.0,2014.0
3274,"7801 GREENWOOD DR, MOUNDS VIEW, MN, 55112",Match,Exact,"7801 GREENWOOD DR, MOUNDS VIEW, MN, 55112","-93.210978605904,45.109846419154",97633398.0,R,27.0,123.0,41001.0,1013.0
3395,"1402 IDAHO AVE W, FALCON HEIGHTS, MN, 55108",Match,Non_Exact,"1402 W IDAHO AVE, FALCON HEIGHTS, MN, 55108","-93.159331720232,44.989961008188",97641063.0,L,27.0,123.0,41900.0,2008.0
3031,"2142 NOKOMIS AVE, ST PAUL, MN, 55119",Match,Exact,"2142 NOKOMIS AVE, SAINT PAUL, MN, 55119","-93.011736414491,44.968250709962",97653631.0,R,27.0,123.0,31802.0,3000.0
3152,"1507 CHELSEA ST, ST PAUL, MN, 55108",Match,Non_Exact,"1507 N CHELSEA ST, SAINT PAUL, MN, 55108","-93.154115309374,44.986688251204",97641759.0,L,27.0,123.0,30201.0,2000.0
3273,"326 SOUTH MCCARRONS BLVD, ROSEVILLE, MN, 55113",Match,Non_Exact,"326 MCCARRONS BLVD S, ROSEVILLE, MN, 55113","-93.114189900563,44.996530600627",97643562.0,L,27.0,123.0,41602.0,3000.0
3394,"2414 BURKE AVE E, NORTH ST PAUL, MN, 55109",Match,Exact,"2414 BURKE AVE E, NORTH ST PAUL, MN, 55109","-92.998604562067,45.005528602435",97652787.0,R,27.0,123.0,42700.0,5005.0
3030,"761 MONTANA AVE W, ST PAUL, MN, 55117",Match,Non_Exact,"761 W MONTANA AVE, SAINT PAUL, MN, 55117","-93.132548595254,44.987388156626",97641967.0,R,27.0,123.0,30300.0,1020.0
3151,"7935 SUNNYSIDE RD, MOUNDS VIEW, MN, 55112",Match,Exact,"7935 SUNNYSIDE RD, MOUNDS VIEW, MN, 55112","-93.215103654845,45.11222663825",97633382.0,R,27.0,123.0,41001.0,1006.0
3272,"1410 SNELLING AVE N, ST PAUL, MN, 55108",Match,Exact,"1410 SNELLING AVE N, SAINT PAUL, MN, 55108","-93.166859775384,44.983318424399",97641027.0,R,27.0,123.0,30201.0,4007.0
3393,"743 PARKVIEW AVE, ST PAUL, MN, 55117",Match,Non_Exact,"743 W PARKVIEW AVE, SAINT PAUL, MN, 55117","-93.131456915793,44.983751042316",97641984.0,R,27.0,123.0,30300.0,2002.0
3150,"1931 SAUNDERS AVE, ST PAUL, MN, 55116",Match,Non_Exact,"1931 W SAUNDERS AVE, SAINT PAUL, MN, 55116","-93.18160052739,44.91438730579",97646039.0,R,27.0,123.0,37500.0,3002.0
3271,"7842 EASTWOOD RD, MOUNDS VIEW, MN, 55112",Match,Exact,"7842 EASTWOOD RD, MOUNDS VIEW, MN, 55112","-93.213196501606,45.110546701335",97633392.0,L,27.0,123.0,41001.0,1009.0
3392,"7866 EASTWOOD RD, MOUNDS VIEW, MN, 55112",Match,Exact,"7866 EASTWOOD RD, MOUNDS VIEW, MN, 55112","-93.213203156268,45.110973712696",97633392.0,L,27.0,123.0,41001.0,1009.0
3270,"1910 ASBURY ST, FALCON HEIGHTS, MN, 55113",Match,Exact,"1910 ASBURY ST, FALCON HEIGHTS, MN, 55113","-93.164805888975,45.000935312272",97640928.0,R,27.0,123.0,41800.0,2006.0
3391,"1785 SIMPSON ST, FALCON HEIGHTS, MN, 55113",Match,Exact,"1785 SIMPSON ST, FALCON HEIGHTS, MN, 55113","-93.163043349956,44.99480223748",97640956.0,L,27.0,123.0,41900.0,1009.0
3029,"1756 FROST AVE E, MAPLEWOOD, MN, 55109",Match,Non_Exact,"1756 FROST AVE, MAPLEWOOD, MN, 55109","-93.026340428096,44.999092589068",97652971.0,R,27.0,123.0,42402.0,1014.0
3028,"1359 SUMNER ST, ST PAUL, MN, 55116",Match,Exact,"1359 SUMNER ST, SAINT PAUL, MN, 55116","-93.183642270132,44.900645881516",97647309.0,R,27.0,123.0,37601.0,2007.0
3149,"1542 IDAHO AVE W, FALCON HEIGHTS, MN, 55108",Match,Non_Exact,"1542 W IDAHO AVE, FALCON HEIGHTS, MN, 55108","-93.164870643308,44.98991263318",97640991.0,L,27.0,123.0,41900.0,2006.0
3027,"1426 CALIFORNIA AVE W, FALCON HEIGHTS, MN, 55108",Match,Non_Exact,"1426 CALIFORNIA AVE, FALCON HEIGHTS, MN, 55108","-93.160238407726,44.990837064193",97641060.0,L,27.0,123.0,41900.0,2013.0
3148,"1800 FLANDRAU ST N, MAPLEWOOD, MN, 55109",Match,Exact,"1800 FLANDRAU ST N, MAPLEWOOD, MN, 55109","-93.027748823376,44.996306690598",97652965.0,R,27.0,123.0,42402.0,1014.0
3269,"2070 STILLWATER AVE, ST PAUL, MN, 55119",Match,Exact,"2070 STILLWATER AVE, SAINT PAUL, MN, 55119","-93.013012538629,44.969093508814",97653601.0,R,27.0,123.0,31802.0,3002.0
3026,"657 SHRYER AVE W, ROSEVILLE, MN, 55113",Match,Exact,"657 SHRYER AVE W, ROSEVILLE, MN, 55113","-93.126978170909,45.001853765813",97643365.0,R,27.0,123.0,41700.0,4002.0
3147,"1911 SNELLING AVE N, FALCON HEIGHTS, MN, 55113",Match,Non_Exact,"1911 SNELLING DR, FALCON HEIGHTS, MN, 55113","-93.166922611456,44.998626478418",640770965.0,L,27.0,123.0,41900.0,3005.0
3268,"7365 SPRING LAKE RD, MOUNDS VIEW, MN, 55112",Match,Exact,"7365 SPRING LAKE RD, MOUNDS VIEW, MN, 55112","-93.224919793913,45.101688306418",97633574.0,R,27.0,123.0,41002.0,1005.0
3389,"475 WOODRUFF AVE, ROSEVILLE, MN, 55113",Match,Exact,"475 WOODRUFF AVE, ROSEVILLE, MN, 55113","-93.120102531597,44.998023497808",619585834.0,R,27.0,123.0,41602.0,3003.0
3025,"322 SOUTH MCCARRONS BLVD, ROSEVILLE, MN, 55113",Match,Non_Exact,"322 MCCARRONS BLVD S, ROSEVILLE, MN, 55113","-93.114058295018,44.996477066148",97643562.0,L,27.0,123.0,41602.0,3000.0
3146,"1744 ASBURY ST, FALCON HEIGHTS, MN, 55113",Match,Non_Exact,"1744 N ASBURY ST, FALCON HEIGHTS, MN, 55113","-93.165409987227,44.993893301597",97640921.0,R,27.0,123.0,41900.0,3019.0
3267,"1901 ARONA ST, FALCON HEIGHTS, MN, 55113",Match,Non_Exact,"1901 N ARONA ST, FALCON HEIGHTS, MN, 55113","-93.164299400926,44.99836139158",97640934.0,L,27.0,123.0,41900.0,3000.0
3388,"1601 MERRILL ST, ST PAUL, MN, 55108",Tie,,,,,,,,,
3280,"1493 IDAHO AVE W, FALCON HEIGHTS, MN, 55108",Match,Non_Exact,"1493 W IDAHO AVE, FALCON HEIGHTS, MN, 55108","-93.163050837073,44.990040999861",97641047.0,R,27.0,123.0,41900.0,2014.0
3046,"1426 SHELDON ST, ST PAUL, MN, 55108",Tie,,,,,,,,,
3167,"730 RIDGE ST, ST PAUL, MN, 55116",Match,Exact,"730 RIDGE ST, SAINT PAUL, MN, 55116","-93.152930873989,44.919118749897",97646964.0,L,27.0,123.0,36600.0,1011.0
3288,"37 MID OAKS LN, ROSEVILLE, MN, 55113",Match,Exact,"37 MID OAKS LN, ROSEVILLE, MN, 55113","-93.168315578106,44.999022815778",97662234.0,R,27.0,123.0,41301.0,1015.0
3045,"1492 ARDEN PL, ARDEN HILLS, MN, 55112",Match,Exact,"1492 ARDEN PL, ARDEN HILLS, MN, 55112","-93.163552444579,45.046224159158",97639858.0,L,27.0,123.0,40804.0,1007.0
3166,"1791 SIMPSON ST, FALCON HEIGHTS, MN, 55113",Match,Exact,"1791 SIMPSON ST, FALCON HEIGHTS, MN, 55113","-93.163043111145,44.994937871277",97640956.0,L,27.0,123.0,41900.0,1009.0
3287,"1895 COUNTY ROAD C E, MAPLEWOOD, MN, 55109",Match,Exact,"1895 CO RD C E, MAPLEWOOD, MN, 55109","-93.019381342722,45.020891203942",97652133.0,L,27.0,123.0,42401.0,4002.0
3044,"1475 SIMPSON ST, ST PAUL, MN, 55108",Match,Exact,"1475 SIMPSON ST, SAINT PAUL, MN, 55108","-93.163164507792,44.98561166109",97641056.0,L,27.0,123.0,30201.0,2010.0
3165,"8031 GREENWOOD DR, MOUNDS VIEW, MN, 55112",Match,Exact,"8031 GREENWOOD DR, MOUNDS VIEW, MN, 55112","-93.21104364622,45.114010020525",97633388.0,R,27.0,123.0,41001.0,1012.0
3286,"1768 FLANDRAU ST N, MAPLEWOOD, MN, 55109",Match,Exact,"1768 FLANDRAU ST N, MAPLEWOOD, MN, 55109","-93.027749687764,44.995619577349",97652965.0,R,27.0,123.0,42402.0,1014.0
3043,"1299 ARLINGTON AVE W, ST PAUL, MN, 55108",Match,Exact,"1299 ARLINGTON AVE W, SAINT PAUL, MN, 55108","-93.155138822472,44.984681397778",97641781.0,R,27.0,123.0,30201.0,2017.0
3164,"2109 SHERWOOD AVE, ST PAUL, MN, 55119",Match,Exact,"2109 SHERWOOD AVE, SAINT PAUL, MN, 55119","-93.012380686891,44.983895074891",97653280.0,L,27.0,123.0,30702.0,1009.0
3285,"7790 GREENWOOD DR, MOUNDS VIEW, MN, 55112",Match,Exact,"7790 GREENWOOD DR, MOUNDS VIEW, MN, 55112","-93.211138097076,45.109667268768",97633398.0,L,27.0,123.0,41001.0,1010.0
3042,"8408 GROVELAND RD, MOUNDS VIEW, MN, 55112",Match,Exact,"8408 GROVELAND RD, MOUNDS VIEW, MN, 55112","-93.221400416115,45.121775672967",97662861.0,L,27.0,123.0,41001.0,2002.0
3163,"1591 FERNWOOD ST, ST PAUL, MN, 55108",Tie,,,,,,,,,
3284,"781 COTTAGE AVE W, ST PAUL, MN, 55117",Match,Exact,"781 COTTAGE AVE W, SAINT PAUL, MN, 55117","-93.131009574438,44.982794144733",97643453.0,R,27.0,123.0,30300.0,2005.0
3041,"1909 WHITE BEAR AVE N, MAPLEWOOD, MN, 55109",Match,Exact,"1909 WHITE BEAR AVE N, MAPLEWOOD, MN, 55109","-93.02529288722,44.998616151992",636241388.0,L,27.0,123.0,42402.0,1014.0
3162,"455 GLENWOOD AVE, ROSEVILLE, MN, 55113",Match,Non_Exact,"455 W GLENWOOD AVE, ROSEVILLE, MN, 55113","-93.118774313545,44.996312553575",97643557.0,R,27.0,123.0,41602.0,3001.0
3283,"1469 SHELDON ST, ST PAUL, MN, 55108",Tie,,,,,,,,,
3040,"1348 CALIFORNIA AVE W, FALCON HEIGHTS, MN, 55108",Match,Non_Exact,"1348 CALIFORNIA AVE, FALCON HEIGHTS, MN, 55108","-93.157837275662,44.990853876521",97641069.0,L,27.0,123.0,41900.0,2010.0
3161,"2163 FLORAL DR, WHITE BEAR LAKE, MN, 55110",Match,Exact,"2163 FLORAL DR, WHITE BEAR LAKE, MN, 55110","-93.009483615209,45.065771885459",97637229.0,L,27.0,123.0,40301.0,2015.0
3282,"1502 HURON ST, ST PAUL, MN, 55108",Match,Non_Exact,"1502 N HURON ST, SAINT PAUL, MN, 55108","-93.155256273501,44.986503579932",97641758.0,R,27.0,123.0,30201.0,2000.0
3160,"7085 KNOLLWOOD DR, MOUNDS VIEW, MN, 55112",Match,Exact,"7085 KNOLLWOOD DR, MOUNDS VIEW, MN, 55112","-93.222091108123,45.097149104482",97633651.0,R,27.0,123.0,41002.0,1011.0
3281,"1410 ASBURY ST, ST PAUL, MN, 55108",Tie,,,,,,,,,
3039,"1471 HOLTON ST, ST PAUL, MN, 55108",Match,Non_Exact,"1471 N HOLTON ST, SAINT PAUL, MN, 55108","-93.160602823494,44.98585188852",97641080.0,L,27.0,123.0,30201.0,2012.0
3038,"1474 ALBERT ST N, ST PAUL, MN, 55108",Match,Exact,"1474 ALBERT ST N, SAINT PAUL, MN, 55108","-93.159173004087,44.983647110894",97641119.0,R,27.0,123.0,30201.0,4001.0
3159,"1482 IDAHO AVE W, FALCON HEIGHTS, MN, 55108",Match,Non_Exact,"1482 W IDAHO AVE, FALCON HEIGHTS, MN, 55108","-93.162634149684,44.98992932185",97641047.0,L,27.0,123.0,41900.0,2007.0
3037,"3032 HILLVIEW RD, MOUNDS VIEW, MN, 55112",Match,Exact,"3032 HILLVIEW RD, MOUNDS VIEW, MN, 55112","-93.227332882207,45.111294802081",97633310.0,R,27.0,123.0,41001.0,2020.0
3158,"1756 ST MARYS ST, FALCON HEIGHTS, MN, 55113",Match,Exact,"1756 ST MARY'S ST, FALCON HEIGHTS, MN, 55113","-93.16876474784,44.994368268562",97640907.0,R,27.0,123.0,41900.0,3022.0
3279,"484 MONTROSE LN, ST PAUL, MN, 55116",Match,Exact,"484 MONTROSE LN, SAINT PAUL, MN, 55116","-93.193508650528,44.925997051506",97639528.0,L,27.0,123.0,43001.0,3000.0
3036,"1393 SKILES LN, ARDEN HILLS, MN, 55112",Match,Exact,"1393 SKILES LN, ARDEN HILLS, MN, 55112","-93.160156853804,45.046561285018",97639864.0,R,27.0,123.0,40804.0,1004.0
3157,"185 EDGEWATER AVE, SHOREVIEW, MN, 55126",Match,Exact,"185 EDGEWATER AVE, SHOREVIEW, MN, 55126","-93.108544094305,45.038947282539",97643026.0,R,27.0,123.0,40704.0,3004.0
3278,"1503 IOWA AVE W, FALCON HEIGHTS, MN, 55108",Match,Non_Exact,"1503 W IOWA AVE, FALCON HEIGHTS, MN, 55108","-93.163424075812,44.989138479957",97641049.0,R,27.0,123.0,41900.0,2007.0
3399,"3581 RIDGEWOOD RD, ARDEN HILLS, MN, 55112",Match,Exact,"3581 RIDGEWOOD RD, ARDEN HILLS, MN, 55112","-93.164424241167,45.049403375045",97688395.0,L,27.0,123.0,40804.0,1006.0
3170,"1386 SKILES LN, ARDEN HILLS, MN, 55112",Match,Exact,"1386 SKILES LN, ARDEN HILLS, MN, 55112","-93.160193474169,45.046446693641",97639864.0,L,27.0,123.0,40804.0,1001.0
3291,"1488 HURON ST, ST PAUL, MN, 55108",Match,Non_Exact,"1488 N HURON ST, SAINT PAUL, MN, 55108","-93.155261163643,44.986184693627",97641763.0,R,27.0,123.0,30201.0,2017.0
3290,"1636 FERNWOOD ST, ST PAUL, MN, 55108",Tie,,,,,,,,,
3057,"463 MOUNT CURVE BLVD, ST PAUL, MN, 55105",Match,Exact,"463 MOUNT CURVE BLVD, SAINT PAUL, MN, 55105","-93.193690498919,44.92802533086",97639410.0,R,27.0,123.0,43001.0,5009.0
3178,"2016 STILLWATER AVE, ST PAUL, MN, 55119",Match,Exact,"2016 STILLWATER AVE, SAINT PAUL, MN, 55119","-93.01524541605,44.969021102552",97653576.0,R,27.0,123.0,31802.0,3004.0
3299,"770 ARLINGTON AVE W, ST PAUL, MN, 55117",Match,Exact,"770 ARLINGTON AVE W, SAINT PAUL, MN, 55117","-93.132558863014,44.98455903409",97641988.0,L,27.0,123.0,30300.0,2002.0
3056,"648 SHRYER AVE W, ROSEVILLE, MN, 55113",Match,Exact,"648 SHRYER AVE W, ROSEVILLE, MN, 55113","-93.126806582461,45.001736483518",97643365.0,L,27.0,123.0,41700.0,4000.0
3177,"1396 SEARLE ST, ST PAUL, MN, 55130",Match,Exact,"1396 SEARLE ST, SAINT PAUL, MN, 55130","-93.074695164225,44.981888597621",97650117.0,R,27.0,123.0,30602.0,3003.0
3298,"847 ALGONQUIN AVE, ST PAUL, MN, 55119",Match,Non_Exact,"847 N ALGONQUIN AVE, SAINT PAUL, MN, 55119","-93.017102321468,44.967015180536",97653571.0,L,27.0,123.0,31802.0,3007.0
3055,"2500 FERNWOOD ST, ROSEVILLE, MN, 55113",Match,Exact,"2500 FERNWOOD ST, ROSEVILLE, MN, 55113","-93.15161324448,45.016655001098",97640588.0,R,27.0,123.0,41400.0,2004.0
3176,"2270 SOUTH AVE E, NORTH ST PAUL, MN, 55109",Match,Non_Exact,"2270 SOUTH AVE, NORTH ST PAUL, MN, 55109","-93.005737999039,45.006366994679",97652339.0,R,27.0,123.0,42700.0,4008.0
3297,"1469 LARPENTEUR AVE W, FALCON HEIGHTS, MN, 55113",Match,Exact,"1469 LARPENTEUR AVE W, FALCON HEIGHTS, MN, 55113","-93.162027963856,44.991856970836",97641043.0,R,27.0,123.0,41900.0,1010.0
3054,"2015 MANITOU AVE, ST PAUL, MN, 55119",Match,Exact,"2015 MANITOU AVE, SAINT PAUL, MN, 55119","-93.015607018162,44.967634468014",97653578.0,L,27.0,123.0,31802.0,3004.0
3175,"1339 HAMLINE AVE N, ST PAUL, MN, 55108",Match,Exact,"1339 HAMLINE AVE N, SAINT PAUL, MN, 55108","-93.156813749574,44.981593527501",619253273.0,L,27.0,123.0,30201.0,4012.0
3296,"1240 HOYT AVE W, ST PAUL, MN, 55108",Match,Exact,"1240 HOYT AVE W, SAINT PAUL, MN, 55108","-93.152310914948,44.988219515168",97641765.0,L,27.0,123.0,30202.0,3000.0
3053,"1358 IDAHO AVE W, FALCON HEIGHTS, MN, 55108",Match,Exact,"1358 IDAHO AVE W, FALCON HEIGHTS, MN, 55108","-93.155982653336,44.989988995863",97641741.0,L,27.0,123.0,30201.0,1005.0
3174,"1865 SIMPSON ST, FALCON HEIGHTS, MN, 55113",Match,Exact,"1865 SIMPSON ST, FALCON HEIGHTS, MN, 55113","-93.16303793967,44.997153801899",97640954.0,L,27.0,123.0,41900.0,1006.0
3295,"1655 JUNO AVE, ST PAUL, MN, 55116",Match,Non_Exact,"1655 W JUNO AVE, SAINT PAUL, MN, 55116","-93.170226942185,44.92615262315",97645990.0,R,27.0,123.0,36400.0,2002.0
3052,"1427 CALIFORNIA AVE W, FALCON HEIGHTS, MN, 55108",Match,Non_Exact,"1427 CALIFORNIA AVE, FALCON HEIGHTS, MN, 55108","-93.160273485267,44.990951414214",97641060.0,R,27.0,123.0,41900.0,2012.0
3173,"8368 GROVELAND RD, MOUNDS VIEW, MN, 55112",Match,Exact,"8368 GROVELAND RD, MOUNDS VIEW, MN, 55112","-93.221377958107,45.120465009663",97633330.0,L,27.0,123.0,41001.0,2002.0
3294,"2325 SKILLMAN AVE E, NORTH ST PAUL, MN, 55109",Match,Exact,"2325 SKILLMAN AVE E, NORTH ST PAUL, MN, 55109","-93.00236667487,45.002921244444",649147160.0,L,27.0,123.0,42700.0,5006.0
3051,"1673 FERNWOOD ST, ST PAUL, MN, 55108",Tie,,,,,,,,,
3172,"1476 CALIFORNIA AVE W, FALCON HEIGHTS, MN, 55108",Match,Non_Exact,"1476 CALIFORNIA AVE, FALCON HEIGHTS, MN, 55108","-93.16200527022,44.990823590343",97641045.0,L,27.0,123.0,41900.0,2014.0
3293,"1942 SNELLING AVE N, ROSEVILLE, MN, 55113",Match,Non_Exact,"1942 N SNELLING DR, ROSEVILLE, MN, 55113","-93.16621431389,44.999511697141",97640897.0,R,27.0,123.0,41800.0,2013.0
3050,"1543 SHELDON ST, ST PAUL, MN, 55108",Match,Exact,"1543 SHELDON ST, SAINT PAUL, MN, 55108","-93.158003450971,44.987519055424",97657053.0,L,27.0,123.0,30201.0,2002.0
3171,"2878 COUNTY ROAD I, MOUNDS VIEW, MN, 55112",Match,Exact,"2878 CO RD I, MOUNDS VIEW, MN, 55112","-93.222762700619,45.107726548304",97633326.0,L,27.0,123.0,41002.0,1001.0
3292,"1701 LARPENTEUR AVE E, MAPLEWOOD, MN, 55109",Match,Exact,"1701 LARPENTEUR AVE E, MAPLEWOOD, MN, 55109","-93.02865456394,44.992016465175",652845861.0,L,27.0,123.0,42402.0,1013.0
3049,"7870 SUNNYSIDE RD, MOUNDS VIEW, MN, 55112",Match,Exact,"7870 SUNNYSIDE RD, MOUNDS VIEW, MN, 55112","-93.215244800964,45.110870250464",97633394.0,L,27.0,123.0,41001.0,1008.0
3048,"1765 ST MARYS ST, FALCON HEIGHTS, MN, 55113",Match,Exact,"1765 ST MARY'S ST, FALCON HEIGHTS, MN, 55113","-93.168924663367,44.99450057877",97640907.0,L,27.0,123.0,41900.0,3006.0
3169,"414 SOUTH MCCARRONS BLVD, ROSEVILLE, MN, 55113",Match,Non_Exact,"414 MCCARRONS BLVD S, ROSEVILLE, MN, 55113","-93.117699680239,44.997513797354",97643554.0,L,27.0,123.0,41602.0,3003.0
3047,"421 GLENWOOD AVE, ROSEVILLE, MN, 55113",Match,Non_Exact,"421 W GLENWOOD AVE, ROSEVILLE, MN, 55113","-93.117628422987,44.996870903516",97643555.0,R,27.0,123.0,41602.0,3003.0
3168,"8020 GROVELAND RD, MOUNDS VIEW, MN, 55112",Match,Exact,"8020 GROVELAND RD, MOUNDS VIEW, MN, 55112","-93.221242190257,45.113056934765",97633349.0,L,27.0,123.0,41001.0,2009.0
3289,"1730 SNELLING AVE N, FALCON HEIGHTS, MN, 55108",Match,Non_Exact,"1730 SNELLING AVE N, FALCON HEIGHTS, MN, 55113","-93.166439758426,44.991964112897",97674175.0,R,27.0,123.0,41900.0,3020.0
3060,"1865 WESTERN AVE N, ROSEVILLE, MN, 55113",Match,Non_Exact,"1865 N WESTERN AVE, ROSEVILLE, MN, 55113","-93.116084651282,44.996543827461",647898722.0,L,27.0,123.0,41602.0,3000.0
3181,"1391 MIDWAY PKWY, ST PAUL, MN, 55108",No_Match,,,,,,,,,
3180,"91 MID OAKS LN, ROSEVILLE, MN, 55113",Match,Exact,"91 MID OAKS LN, ROSEVILLE, MN, 55113","-93.171200843915,44.999538298304",97640869.0,R,27.0,123.0,41301.0,1015.0
3068,"2005 BUSH AVE, ST PAUL, MN, 55119",Match,Exact,"2005 BUSH AVE, SAINT PAUL, MN, 55119","-93.015589498896,44.964849698071",97653655.0,L,27.0,123.0,31802.0,3015.0
3189,"531 MOUNT CURVE BLVD, ST PAUL, MN, 55116",Match,Non_Exact,"531 S MOUNT CURVE BLVD, SAINT PAUL, MN, 55116","-93.195060783006,44.924670077795",97639519.0,R,27.0,123.0,43001.0,3002.0
3067,"1376 IDAHO AVE W, FALCON HEIGHTS, MN, 55108",Match,Exact,"1376 IDAHO AVE W, FALCON HEIGHTS, MN, 55108","-93.156216449178,44.989985771108",97641741.0,L,27.0,123.0,30201.0,1005.0
3188,"8200 SPRING LAKE RD, MOUNDS VIEW, MN, 55112",Match,Exact,"8200 SPRING LAKE RD, MOUNDS VIEW, MN, 55112","-93.225047923416,45.117038621589",97667015.0,L,27.0,123.0,41001.0,2005.0
3066,"1846 MONTREAL AVE, ST PAUL, MN, 55116",Match,Exact,"1846 MONTREAL AVE, SAINT PAUL, MN, 55116","-93.148569270233,44.912368975474",97647092.0,L,27.0,123.0,36700.0,3029.0
3187,"272 WOODLAWN AVE, ST PAUL, MN, 55105",Match,Exact,"272 WOODLAWN AVE, SAINT PAUL, MN, 55105","-93.196156418406,44.93323871443",639711128.0,L,27.0,123.0,43001.0,5002.0
3065,"1412 CALIFORNIA AVE W, FALCON HEIGHTS, MN, 55108",Match,Non_Exact,"1412 CALIFORNIA AVE, FALCON HEIGHTS, MN, 55108","-93.159697832416,44.990840871025",97641060.0,L,27.0,123.0,41900.0,2013.0
3186,"1410 PASCAL ST N, ST PAUL, MN, 55108",Match,Exact,"1410 PASCAL ST N, SAINT PAUL, MN, 55108","-93.161735161631,44.983762381669",97641094.0,R,27.0,123.0,30201.0,4003.0
3064,"1545 OSCEOLA AVE, ST PAUL, MN, 55105",Match,Exact,"1545 OSCEOLA AVE, SAINT PAUL, MN, 55105","-93.165283137821,44.936155058224",97645812.0,R,27.0,123.0,35200.0,3004.0
3185,"295 ELMER ST, ROSEVILLE, MN, 55113",Match,Exact,"295 ELMER ST, ROSEVILLE, MN, 55113","-93.112566682852,45.002236288172",97643565.0,R,27.0,123.0,41602.0,2015.0
3063,"465 WOODRUFF AVE, ROSEVILLE, MN, 55113",Match,Exact,"465 WOODRUFF AVE, ROSEVILLE, MN, 55113","-93.119839476621,44.997980151914",619585834.0,R,27.0,123.0,41602.0,3003.0
3184,"2708 SHERWOOD RD, MOUNDS VIEW, MN, 55112",Match,Exact,"2708 SHERWOOD RD, MOUNDS VIEW, MN, 55112","-93.216590613999,45.115117570106",97657565.0,L,27.0,123.0,41001.0,1007.0
3062,"1596 HURON ST, ST PAUL, MN, 55108",Tie,,,,,,,,,
3183,"1361 HOYT AVE W, FALCON HEIGHTS, MN, 55108",Match,Exact,"1361 HOYT AVE W, FALCON HEIGHTS, MN, 55108","-93.157670067993,44.988278978112",97641747.0,R,27.0,123.0,41900.0,2017.0
3061,"1675 COUNTY ROAD B E, MAPLEWOOD, MN, 55109",Match,Exact,"1675 CO RD B E, MAPLEWOOD, MN, 55109","-93.030021434516,45.006475281828",97652160.0,L,27.0,123.0,42402.0,2016.0
3182,"1563 HURON ST, ST PAUL, MN, 55108",Tie,,,,,,,,,
3059,"1745 SIMPSON ST, FALCON HEIGHTS, MN, 55113",Match,Exact,"1745 SIMPSON ST, FALCON HEIGHTS, MN, 55113","-93.163044942026,44.993898012171",97640956.0,L,27.0,123.0,41900.0,1009.0
3058,"17 MID OAKS LN, ROSEVILLE, MN, 55113",Match,Exact,"17 MID OAKS LN, ROSEVILLE, MN, 55113","-93.168466243803,44.99999506061",97662234.0,L,27.0,123.0,41301.0,1017.0
3179,"1724 ASBURY ST, FALCON HEIGHTS, MN, 55113",Match,Non_Exact,"1724 N ASBURY ST, FALCON HEIGHTS, MN, 55113","-93.165411609541,44.993430960352",97640921.0,R,27.0,123.0,41900.0,3019.0
3071,"1367 HOYT AVE W, FALCON HEIGHTS, MN, 55108",Match,Exact,"1367 HOYT AVE W, FALCON HEIGHTS, MN, 55108","-93.157767266626,44.988278303128",97641747.0,R,27.0,123.0,41900.0,2017.0
3192,"4870 WHITE BEAR PKWY, WHITE BEAR LAKE, MN, 55110",Match,Exact,"4870 WHITE BEAR PKWY, WHITE BEAR LAKE, MN, 55110","-93.036847458707,45.090069678711",97663696.0,L,27.0,123.0,40504.0,4010.0
3070,"1414 ASBURY ST, ST PAUL, MN, 55108",Tie,,,,,,,,,
3191,"1836 KENNARD ST N, MAPLEWOOD, MN, 55109",Match,Non_Exact,"1836 N KENNARD ST, MAPLEWOOD, MN, 55109","-93.030256293254,44.996355648185",97652974.0,R,27.0,123.0,42402.0,1013.0
3190,"776 COTTAGE AVE W, ST PAUL, MN, 55117",Match,Exact,"776 COTTAGE AVE W, SAINT PAUL, MN, 55117","-93.130961998807,44.982679210164",97643453.0,L,27.0,123.0,30300.0,2010.0
3079,"2924 COUNTY ROAD H2, MOUNDS VIEW, MN, 55112",Match,Exact,"2924 CO RD H2, MOUNDS VIEW, MN, 55112","-93.22291330875,45.100471670271",97633582.0,L,27.0,123.0,41002.0,1008.0
3078,"2022 STILLWATER AVE, ST PAUL, MN, 55119",Match,Exact,"2022 STILLWATER AVE, SAINT PAUL, MN, 55119","-93.014921540811,44.969019675424",97653596.0,R,27.0,123.0,31802.0,3003.0
3199,"1431 HAMLINE AVE N, ST PAUL, MN, 55108",Match,Exact,"1431 HAMLINE AVE N, SAINT PAUL, MN, 55108","-93.156765432916,44.984334705877",97641768.0,L,27.0,123.0,30201.0,4000.0
3077,"1659 FERNWOOD ST, ST PAUL, MN, 55108",Tie,,,,,,,,,
3198,"7934 WOODLAWN DR, MOUNDS VIEW, MN, 55112",Match,Exact,"7934 WOODLAWN DR, MOUNDS VIEW, MN, 55112","-93.206582805824,45.112341966897",97633425.0,L,27.0,123.0,40901.0,1006.0
3076,"2255 COUNTY ROAD F E, WHITE BEAR LAKE, MN, 55110",Match,Non_Exact,"2255 E CO RD F, WHITE BEAR LAKE, MN, 55110","-93.005435467219,45.064724147102",97637248.0,L,27.0,123.0,40301.0,2016.0
3197,"1784 KENNARD ST N, MAPLEWOOD, MN, 55109",Match,Non_Exact,"1784 N KENNARD ST, MAPLEWOOD, MN, 55109","-93.030256293445,44.994966451377",97652974.0,R,27.0,123.0,42402.0,1013.0
3075,"1733 WHITE BEAR AVE N, MAPLEWOOD, MN, 55109",Match,Exact,"1733 WHITE BEAR AVE N, MAPLEWOOD, MN, 55109","-93.025300282401,44.993658594541",97652980.0,L,27.0,123.0,42402.0,1014.0
3196,"720 ARLINGTON AVE W, ST PAUL, MN, 55117",Match,Exact,"720 ARLINGTON AVE W, SAINT PAUL, MN, 55117","-93.130431596812,44.984547692858",97643451.0,L,27.0,123.0,30300.0,2001.0
3074,"2440 DUNLAP ST N, ROSEVILLE, MN, 55113",Match,Non_Exact,"2440 N DUNLAP ST, ROSEVILLE, MN, 55113","-93.150344514504,45.014763027902",97640594.0,R,27.0,123.0,41400.0,2008.0
3195,"1453 SHELDON ST, ST PAUL, MN, 55108",Tie,,,,,,,,,
3073,"2064 NOKOMIS AVE, ST PAUL, MN, 55119",Match,Exact,"2064 NOKOMIS AVE, SAINT PAUL, MN, 55119","-93.013821862942,44.966625716769",97653599.0,R,27.0,123.0,31802.0,3011.0
3194,"3510 SIEMS CT, ARDEN HILLS, MN, 55112",Match,Exact,"3510 SIEMS CT, ARDEN HILLS, MN, 55112","-93.166567487255,45.04719534152",97639837.0,R,27.0,123.0,40804.0,1006.0
3072,"1390 CALIFORNIA AVE W, FALCON HEIGHTS, MN, 55108",Match,Non_Exact,"1390 CALIFORNIA AVE, FALCON HEIGHTS, MN, 55108","-93.158874836868,44.9908466462",97641069.0,L,27.0,123.0,41900.0,2010.0
3193,"494 HILLTOP AVE, ROSEVILLE, MN, 55113",Match,Non_Exact,"494 W HILLTOP AVE, ROSEVILLE, MN, 55113","-93.120358948817,44.997095413705",97643552.0,L,27.0,123.0,41602.0,3001.0
3069,"3007 VICTORIA ST N, ROSEVILLE, MN, 55113",Match,Exact,"3007 VICTORIA ST N, ROSEVILLE, MN, 55113","-93.136778010858,45.031708081356",97640446.0,L,27.0,123.0,41500.0,2007.0
3082,"974 SHERREN ST W, ROSEVILLE, MN, 55113",Match,Exact,"974 SHERREN ST W, ROSEVILLE, MN, 55113","-93.142081407884,45.009037903747",97640735.0,L,27.0,123.0,41700.0,1004.0
3081,"519 HILLTOP AVE, ROSEVILLE, MN, 55113",Match,Non_Exact,"519 W HILLTOP AVE, ROSEVILLE, MN, 55113","-93.120707622968,44.997208971467",97643552.0,R,27.0,123.0,41602.0,3000.0
3080,"1864 FLANDRAU ST N, MAPLEWOOD, MN, 55109",Match,Exact,"1864 FLANDRAU ST N, MAPLEWOOD, MN, 55109","-93.0277470946,44.997680917096",97652965.0,R,27.0,123.0,42402.0,1014.0
3089,"8000 EASTWOOD RD, MOUNDS VIEW, MN, 55112",Match,Exact,"8000 EASTWOOD RD, MOUNDS VIEW, MN, 55112","-93.213240957604,45.113436378981",97633385.0,L,27.0,123.0,41001.0,1006.0
3088,"1545 ARONA ST, ST PAUL, MN, 55108",Match,Non_Exact,"1545 N ARONA ST, SAINT PAUL, MN, 55108","-93.164418534669,44.987175753994",97641050.0,L,27.0,123.0,30201.0,2007.0
3087,"7800 EASTWOOD RD, MOUNDS VIEW, MN, 55112",Match,Exact,"7800 EASTWOOD RD, MOUNDS VIEW, MN, 55112","-93.213184855947,45.109799431453",97633392.0,L,27.0,123.0,41001.0,1009.0
3086,"1445 PASCAL ST N, ST PAUL, MN, 55108",Match,Exact,"1445 PASCAL ST N, SAINT PAUL, MN, 55108","-93.161882977229,44.984749345467",97641110.0,L,27.0,123.0,30201.0,2011.0
3085,"1480 SKILES LN, ARDEN HILLS, MN, 55112",Match,Exact,"1480 SKILES LN, ARDEN HILLS, MN, 55112","-93.162903328838,45.046655544496",97639866.0,L,27.0,123.0,40804.0,1007.0
3084,"1362 FRANKSON AVE, ST PAUL, MN, 55108",Match,Exact,"1362 FRANKSON AVE, SAINT PAUL, MN, 55108","-93.157801569983,44.98212370285",97641772.0,L,27.0,123.0,30201.0,4012.0
3083,"2012 SNELLING AVE N, ROSEVILLE, MN, 55113",Match,Exact,"2012 SNELLING AVE N, ROSEVILLE, MN, 55113","-93.166284772989,45.002237662433",649858891.0,R,27.0,123.0,41800.0,2006.0
3093,"458 HILLTOP AVE, ROSEVILLE, MN, 55113",Match,Non_Exact,"458 W HILLTOP AVE, ROSEVILLE, MN, 55113","-93.119836957557,44.997096962604",97643552.0,L,27.0,123.0,41602.0,3001.0
3092,"7975 LONG LAKE RD, MOUNDS VIEW, MN, 55112",Match,Exact,"7975 LONG LAKE RD, MOUNDS VIEW, MN, 55112","-93.208983261144,45.113058185999",97633416.0,R,27.0,123.0,40901.0,1006.0
3091,"3517 RIDGEWOOD CT, ARDEN HILLS, MN, 55112",Match,Exact,"3517 RIDGEWOOD CT, ARDEN HILLS, MN, 55112","-93.165231147097,45.048141534502",97688397.0,L,27.0,123.0,40804.0,1006.0
3090,"2142 MOHAWK AVE, ST PAUL, MN, 55119",Match,Exact,"2142 MOHAWK AVE, SAINT PAUL, MN, 55119","-93.012570526501,44.968683315273",97653602.0,R,27.0,123.0,31802.0,3001.0
3099,"1818 FLANDRAU ST N, MAPLEWOOD, MN, 55109",Match,Exact,"1818 FLANDRAU ST N, MAPLEWOOD, MN, 55109","-93.027748337158,44.996693191801",97652965.0,R,27.0,123.0,42402.0,1014.0
3098,"2083 COTTAGE AVE E, ST PAUL, MN, 55119",Match,Non_Exact,"2083 E COTTAGE AVE, SAINT PAUL, MN, 55119","-93.013308433844,44.982991663074",97653282.0,L,27.0,123.0,30702.0,1007.0
3097,"2097 4TH ST E, ST PAUL, MN, 55119",Match,Non_Exact,"2097 E 4TH ST, SAINT PAUL, MN, 55119","-93.011921015982,44.958604287572",97653731.0,L,27.0,123.0,34702.0,4007.0
3096,"89 MID OAKS LN, ROSEVILLE, MN, 55113",Match,Exact,"89 MID OAKS LN, ROSEVILLE, MN, 55113","-93.171204940115,45.000062621279",97640869.0,R,27.0,123.0,41301.0,1015.0
3095,"1527 EDGCUMBE RD, ST PAUL, MN, 55116",Match,Exact,"1527 EDGCUMBE RD, SAINT PAUL, MN, 55116","-93.151206327614,44.918790076509",97647024.0,R,27.0,123.0,36600.0,1011.0
3094,"950 WILDER ST S, ST PAUL, MN, 55116",Match,Non_Exact,"950 S WILDER ST, SAINT PAUL, MN, 55116","-93.183848693894,44.913148643071",97646040.0,L,27.0,123.0,37500.0,3011.0
3880,"7630 SPRING LAKE RD, MOUNDS VIEW, MN, 55112",Match,Exact,"7630 SPRING LAKE RD, MOUNDS VIEW, MN, 55112","-93.225182975739,45.106153337174",97633321.0,L,27.0,123.0,41002.0,1003.0
3760,"8046 FAIRCHILD AVE, MOUNDS VIEW, MN, 55112",Match,Exact,"8046 FAIRCHILD AVE, MOUNDS VIEW, MN, 55112","-93.219323690414,45.114137125283",97633359.0,L,27.0,123.0,41001.0,2010.0
3881,"1280 INGERSON RD, ARDEN HILLS, MN, 55112",Match,Exact,"1280 INGERSON RD, ARDEN HILLS, MN, 55112","-93.154139075768,45.040508305432",97640291.0,L,27.0,123.0,40804.0,2021.0
3640,"1726 ALTA VISTA DR, ROSEVILLE, MN, 55113",Match,Exact,"1726 ALTA VISTA DR, ROSEVILLE, MN, 55113","-93.126769785474,44.99297853384",650245804.0,R,27.0,123.0,41700.0,4004.0
3761,"8005 GROVELAND RD, MOUNDS VIEW, MN, 55112",Match,Exact,"8005 GROVELAND RD, MOUNDS VIEW, MN, 55112","-93.221088208275,45.113854788483",97633349.0,R,27.0,123.0,41001.0,2010.0
3882,"1270 INGERSON RD, ARDEN HILLS, MN, 55112",Match,Exact,"1270 INGERSON RD, ARDEN HILLS, MN, 55112","-93.153698744591,45.040509418218",651943759.0,L,27.0,123.0,40804.0,2021.0
3516,"1592 MERRILL ST, ST PAUL, MN, 55108",Tie,,,,,,,,,
3638,"1729 ALTA VISTA DR, ROSEVILLE, MN, 55113",Match,Exact,"1729 ALTA VISTA DR, ROSEVILLE, MN, 55113","-93.126952913499,44.9929901537",650245804.0,L,27.0,123.0,41700.0,4000.0
3759,"8025 GROVELAND RD, MOUNDS VIEW, MN, 55112",Match,Exact,"8025 GROVELAND RD, MOUNDS VIEW, MN, 55112","-93.221090813675,45.114102304787",97633349.0,R,27.0,123.0,41001.0,2010.0
3515,"1463 MIDWAY PKWY, ST PAUL, MN, 55108",Match,Exact,"1463 MIDWAY PKWY, SAINT PAUL, MN, 55108","-93.159944659242,44.980993784156",647914382.0,R,27.0,123.0,30201.0,4014.0
3639,"1731 ALTA VISTA DR, ROSEVILLE, MN, 55113",Match,Exact,"1731 ALTA VISTA DR, ROSEVILLE, MN, 55113","-93.126977372881,44.993034396425",650245804.0,L,27.0,123.0,41700.0,4000.0
3514,"1469 MIDWAY PKWY, ST PAUL, MN, 55108",Match,Exact,"1469 MIDWAY PKWY, SAINT PAUL, MN, 55108","-93.160248371166,44.981011390669",647914382.0,R,27.0,123.0,30201.0,4014.0
3513,"1471 MIDWAY PKWY, ST PAUL, MN, 55108",Match,Exact,"1471 MIDWAY PKWY, SAINT PAUL, MN, 55108","-93.160349608474,44.981017259506",647914382.0,R,27.0,123.0,30201.0,4014.0
3512,"1339 PASCAL ST N, ST PAUL, MN, 55108",Match,Exact,"1339 PASCAL ST N, SAINT PAUL, MN, 55108","-93.161922759028,44.981960201898",619252839.0,L,27.0,123.0,30201.0,4011.0
3511,"1582 FERNWOOD ST, ST PAUL, MN, 55108",Tie,,,,,,,,,
3510,"1557 HURON ST, ST PAUL, MN, 55108",Match,Non_Exact,"1557 N HURON ST, SAINT PAUL, MN, 55108","-93.155401425155,44.987468093669",97641758.0,L,27.0,123.0,30201.0,2001.0
3630,"2000 NORFOLK AVE, ST PAUL, MN, 55116",Match,Exact,"2000 NORFOLK AVE, SAINT PAUL, MN, 55116","-93.18482594803,44.899012072336",97639730.0,L,27.0,123.0,37601.0,2009.0
3751,"3578 WILLOW AVE, WHITE BEAR LAKE, MN, 55110",Match,Exact,"3578 WILLOW AVE, WHITE BEAR LAKE, MN, 55110","-93.025499710425,45.049530681144",97671814.0,R,27.0,123.0,40402.0,1004.0
3872,"2925 COUNTY ROAD H2, MOUNDS VIEW, MN, 55112",Match,Exact,"2925 CO RD H2, MOUNDS VIEW, MN, 55112","-93.222957578087,45.100585564598",97633582.0,R,27.0,123.0,41002.0,1005.0
3993,"1644 JUNO AVE, ST PAUL, MN, 55116",Match,Non_Exact,"1644 W JUNO AVE, SAINT PAUL, MN, 55116","-93.169817293916,44.926036580217",97645990.0,L,27.0,123.0,36400.0,2003.0
3631,"603 COOK AVE E, ST PAUL, MN, 55130",Match,Non_Exact,"603 E COOK AVE, SAINT PAUL, MN, 55130","-93.074204503879,44.972988105692",97650461.0,L,27.0,123.0,31000.0,4008.0
3752,"2000 COUNTY ROAD E E, WHITE BEAR LAKE, MN, 55110",Match,Exact,"2000 CO RD E E, WHITE BEAR LAKE, MN, 55110","-93.016310710554,45.050199683097",97651962.0,R,27.0,123.0,40402.0,1000.0
3873,"7564 SPRING LAKE RD, MOUNDS VIEW, MN, 55112",Match,Exact,"7564 SPRING LAKE RD, MOUNDS VIEW, MN, 55112","-93.225154076441,45.105150526551",97633321.0,L,27.0,123.0,41002.0,1003.0
3994,"1609 WATSON AVE, ST PAUL, MN, 55116",Match,Non_Exact,"1609 W WATSON AVE, SAINT PAUL, MN, 55116","-93.168975067626,44.92433706493",97646158.0,R,27.0,123.0,36400.0,2005.0
3632,"1291 BOHLAND PL, ST PAUL, MN, 55116",Match,Non_Exact,"1291 W BOHLAND PL, SAINT PAUL, MN, 55116","-93.154568310345,44.916143302687",97646955.0,R,27.0,123.0,36600.0,1019.0
3753,"3539 WHITE BEAR AVE, WHITE BEAR LAKE, MN, 55110",Match,Exact,"3539 WHITE BEAR AVE, WHITE BEAR LAKE, MN, 55110","-93.015424539988,45.04848077884",97651981.0,L,27.0,123.0,40402.0,1008.0
3874,"7485 KNOLLWOOD DR, MOUNDS VIEW, MN, 55112",Match,Exact,"7485 KNOLLWOOD DR, MOUNDS VIEW, MN, 55112","-93.222237259766,45.103870608054",97633636.0,R,27.0,123.0,41002.0,1006.0
3995,"1666 NILES AVE, ST PAUL, MN, 55116",Match,Non_Exact,"1666 W NILES AVE, SAINT PAUL, MN, 55116","-93.170048623458,44.925128386264",97645992.0,L,27.0,123.0,36400.0,2006.0
3633,"1285 BOHLAND PL, ST PAUL, MN, 55116",Match,Non_Exact,"1285 W BOHLAND PL, SAINT PAUL, MN, 55116","-93.154446801121,44.916142874074",97646955.0,R,27.0,123.0,36600.0,1019.0
3754,"3531 WHITE BEAR AVE, WHITE BEAR LAKE, MN, 55110",Match,Exact,"3531 WHITE BEAR AVE, WHITE BEAR LAKE, MN, 55110","-93.015425052713,45.048263395992",97651981.0,L,27.0,123.0,40402.0,1008.0
3875,"7382 KNOLLWOOD DR, MOUNDS VIEW, MN, 55112",Match,Exact,"7382 KNOLLWOOD DR, MOUNDS VIEW, MN, 55112","-93.222359169401,45.102054740359",97633636.0,L,27.0,123.0,41002.0,1005.0
3996,"649 SNELLING AVE S, ST PAUL, MN, 55116",Match,Exact,"649 SNELLING AVE S, SAINT PAUL, MN, 55116","-93.167105703533,44.921870106559",97646176.0,R,27.0,123.0,36400.0,2012.0
3634,"615 MONTCALM PL, ST PAUL, MN, 55116",Match,Exact,"615 MONTCALM PL, SAINT PAUL, MN, 55116","-93.148243067167,44.922763445008",97662337.0,R,27.0,123.0,36600.0,5003.0
3755,"8148 GROVELAND RD, MOUNDS VIEW, MN, 55112",Match,Exact,"8148 GROVELAND RD, MOUNDS VIEW, MN, 55112","-93.221320272298,45.11601159309",97633347.0,L,27.0,123.0,41001.0,2009.0
3876,"2816 BRONSON DR, MOUNDS VIEW, MN, 55112",Match,Exact,"2816 BRONSON DR, MOUNDS VIEW, MN, 55112","-93.221290138042,45.104133005229",97633635.0,L,27.0,123.0,41002.0,1006.0
3997,"1604 JUNO AVE, ST PAUL, MN, 55116",Match,Non_Exact,"1604 W JUNO AVE, SAINT PAUL, MN, 55116","-93.168903617737,44.926033350083",97646154.0,L,27.0,123.0,36400.0,2004.0
3519,"1593 MERRILL ST, ST PAUL, MN, 55108",Tie,,,,,,,,,
3635,"1716 ALTA VISTA DR, ROSEVILLE, MN, 55113",Match,Exact,"1716 ALTA VISTA DR, ROSEVILLE, MN, 55113","-93.126640121362,44.992764587967",650245804.0,R,27.0,123.0,41700.0,4004.0
3756,"8138 GROVELAND RD, MOUNDS VIEW, MN, 55112",Match,Exact,"8138 GROVELAND RD, MOUNDS VIEW, MN, 55112","-93.221308654219,45.115819894321",97633347.0,L,27.0,123.0,41001.0,2009.0
3877,"7620 KNOLLWOOD DR, MOUNDS VIEW, MN, 55112",Match,Exact,"7620 KNOLLWOOD DR, MOUNDS VIEW, MN, 55112","-93.223151749092,45.106338005961",97633327.0,L,27.0,123.0,41002.0,1002.0
3998,"1693 BAYARD AVE, ST PAUL, MN, 55116",Match,Non_Exact,"1693 W BAYARD AVE, SAINT PAUL, MN, 55116","-93.171787554367,44.92252330392",97646001.0,R,27.0,123.0,36400.0,2010.0
3518,"1611 MERRILL ST, ST PAUL, MN, 55108",Tie,,,,,,,,,
3636,"1735 ALTA VISTA DR, ROSEVILLE, MN, 55113",Match,Exact,"1735 ALTA VISTA DR, ROSEVILLE, MN, 55113","-93.127026291646,44.993122881876",650245804.0,L,27.0,123.0,41700.0,4000.0
3757,"8132 GROVELAND RD, MOUNDS VIEW, MN, 55112",Match,Exact,"8132 GROVELAND RD, MOUNDS VIEW, MN, 55112","-93.221301683372,45.115704875059",97633347.0,L,27.0,123.0,41001.0,2009.0
3878,"7660 SPRING LAKE RD, MOUNDS VIEW, MN, 55112",Match,Exact,"7660 SPRING LAKE RD, MOUNDS VIEW, MN, 55112","-93.225196111783,45.106609160185",97633321.0,L,27.0,123.0,41002.0,1003.0
3999,"1658 JUNO AVE, ST PAUL, MN, 55116",Match,Non_Exact,"1658 W JUNO AVE, SAINT PAUL, MN, 55116","-93.170391934351,44.926038614383",97645990.0,L,27.0,123.0,36400.0,2003.0
3517,"1607 MERRILL ST, ST PAUL, MN, 55108",Tie,,,,,,,,,
3637,"677 LARPENTEUR AVE W, ROSEVILLE, MN, 55113",Match,Exact,"677 LARPENTEUR AVE W, ROSEVILLE, MN, 55113","-93.128562064047,44.991876425633",97643430.0,R,27.0,123.0,41700.0,4000.0
3758,"8026 FAIRCHILD AVE, MOUNDS VIEW, MN, 55112",Match,Exact,"8026 FAIRCHILD AVE, MOUNDS VIEW, MN, 55112","-93.219317087146,45.113781426503",97633359.0,L,27.0,123.0,41001.0,2010.0
3879,"7624 SPRING LAKE RD, MOUNDS VIEW, MN, 55112",Match,Exact,"7624 SPRING LAKE RD, MOUNDS VIEW, MN, 55112","-93.22518034853,45.106062172572",97633321.0,L,27.0,123.0,41002.0,1003.0
3890,"1942 SIMPSON ST, ROSEVILLE, MN, 55113",Match,Exact,"1942 SIMPSON ST, ROSEVILLE, MN, 55113","-93.162253416778,44.999552562345",97640936.0,R,27.0,123.0,41800.0,2014.0
3770,"7835 GROVELAND RD, MOUNDS VIEW, MN, 55112",Match,Exact,"7835 GROVELAND RD, MOUNDS VIEW, MN, 55112","-93.221052349219,45.110902430106",97672525.0,R,27.0,123.0,41001.0,2018.0
3891,"1766 HOLTON ST, FALCON HEIGHTS, MN, 55113",Match,Exact,"1766 HOLTON ST, FALCON HEIGHTS, MN, 55113","-93.160333259826,44.994009264613",97640966.0,R,27.0,123.0,41900.0,1012.0
3650,"777 LABORE RD, LITTLE CANADA, MN, 55117",Match,Exact,"777 LABORE RD, LITTLE CANADA, MN, 55117","-93.068757223692,45.028682123306",647905693.0,L,27.0,123.0,42102.0,2004.0
3771,"7801 GROVELAND RD, MOUNDS VIEW, MN, 55112",Match,Exact,"7801 GROVELAND RD, MOUNDS VIEW, MN, 55112","-93.221055035997,45.110241505123",97672525.0,R,27.0,123.0,41001.0,2018.0
3892,"1800 HOLTON ST, FALCON HEIGHTS, MN, 55113",Match,Exact,"1800 HOLTON ST, FALCON HEIGHTS, MN, 55113","-93.160333259674,44.995112189382",97640966.0,R,27.0,123.0,41900.0,1012.0
3651,"3107 ARCADE ST, LITTLE CANADA, MN, 55109",Match,Exact,"3107 ARCADE ST, LITTLE CANADA, MN, 55109","-93.066542913486,45.034358143327",97649381.0,L,27.0,123.0,42102.0,2003.0
3772,"7773 GROVELAND RD, MOUNDS VIEW, MN, 55112",Match,Exact,"7773 GROVELAND RD, MOUNDS VIEW, MN, 55112","-93.221044453104,45.109561897882",97633367.0,R,27.0,123.0,41001.0,2018.0
3893,"1776 HOLTON ST, FALCON HEIGHTS, MN, 55113",Match,Exact,"1776 HOLTON ST, FALCON HEIGHTS, MN, 55113","-93.160333259781,44.994333654251",97640966.0,R,27.0,123.0,41900.0,1012.0
3530,"1383 ASBURY ST, ST PAUL, MN, 55108",Tie,,,,,,,,,
3527,"0 PARKER AVE, ROSEVILLE, MN, 55113",No_Match,,,,,,,,,
3649,"3115 ARCADE ST, LITTLE CANADA, MN, 55109",Match,Exact,"3115 ARCADE ST, LITTLE CANADA, MN, 55109","-93.066545294706,45.034485777673",97649381.0,L,27.0,123.0,42102.0,2003.0
3526,"900 BURKE AVE W, ROSEVILLE, MN, 55113",Match,Non_Exact,"900 W BURKE AVE, ROSEVILLE, MN, 55113","-93.140381034051,45.005373984248",97640650.0,L,27.0,123.0,41700.0,3000.0
3525,"1041 PARKER AVE, ROSEVILLE, MN, 55113",Match,Exact,"1041 PARKER AVE, ROSEVILLE, MN, 55113","-93.143901490692,45.004199065616",616281990.0,R,27.0,123.0,41700.0,3000.0
3524,"910 BURKE AVE W, ROSEVILLE, MN, 55113",Match,Non_Exact,"910 W BURKE AVE, ROSEVILLE, MN, 55113","-93.140681528435,45.00537868474",97640650.0,L,27.0,123.0,41700.0,3000.0
3523,"2120 LEXINGTON AVE N, ROSEVILLE, MN, 55113",Match,Exact,"2120 LEXINGTON AVE N, ROSEVILLE, MN, 55113","-93.146327485569,45.005166373108",97640651.0,R,27.0,123.0,41700.0,3000.0
3522,"1311 IDAHO AVE W, ST PAUL, MN, 55108",Match,Exact,"1311 IDAHO AVE W, SAINT PAUL, MN, 55108","-93.155362357184,44.990112164783",97641741.0,R,27.0,123.0,30201.0,1004.0
3521,"1576 HAMLINE AVE N, ST PAUL, MN, 55108",Match,Exact,"1576 HAMLINE AVE N, SAINT PAUL, MN, 55108","-93.156524673893,44.988941944024",97641743.0,R,27.0,123.0,30201.0,1005.0
3520,"1580 HAMLINE AVE N, ST PAUL, MN, 55108",Match,Exact,"1580 HAMLINE AVE N, SAINT PAUL, MN, 55108","-93.156524160921,44.988976483798",97641743.0,R,27.0,123.0,30201.0,1005.0
3641,"1708 ALTA VISTA DR, ROSEVILLE, MN, 55113",Match,Exact,"1708 ALTA VISTA DR, ROSEVILLE, MN, 55113","-93.126536390072,44.992593431269",650245804.0,R,27.0,123.0,41700.0,4004.0
3762,"8036 FAIRCHILD AVE, MOUNDS VIEW, MN, 55112",Match,Exact,"8036 FAIRCHILD AVE, MOUNDS VIEW, MN, 55112","-93.21932038878,45.113959275893",97633359.0,L,27.0,123.0,41001.0,2010.0
3883,"1252 INGERSON RD, ARDEN HILLS, MN, 55112",Match,Exact,"1252 INGERSON RD, ARDEN HILLS, MN, 55112","-93.153085225971,45.04052441988",651943759.0,L,27.0,123.0,40804.0,2021.0
3642,"655 LARPENTEUR AVE W, ROSEVILLE, MN, 55113",Match,Exact,"655 LARPENTEUR AVE W, ROSEVILLE, MN, 55113","-93.127871673955,44.991869106961",97643430.0,R,27.0,123.0,41700.0,4000.0
3763,"8045 GROVELAND RD, MOUNDS VIEW, MN, 55112",Match,Exact,"8045 GROVELAND RD, MOUNDS VIEW, MN, 55112","-93.221093419075,45.114349821091",97633349.0,R,27.0,123.0,41001.0,2010.0
3884,"1174 INGERSON RD, ARDEN HILLS, MN, 55112",Match,Exact,"1174 INGERSON RD, ARDEN HILLS, MN, 55112","-93.149577788324,45.040731693734",97640308.0,L,27.0,123.0,40804.0,2020.0
3643,"1721 ALTA VISTA DR, ROSEVILLE, MN, 55113",Match,Exact,"1721 ALTA VISTA DR, ROSEVILLE, MN, 55113","-93.126846211546,44.992813755921",650245804.0,L,27.0,123.0,41700.0,4000.0
3764,"8016 FAIRCHILD AVE, MOUNDS VIEW, MN, 55112",Match,Exact,"8016 FAIRCHILD AVE, MOUNDS VIEW, MN, 55112","-93.219313785511,45.113603577113",97633359.0,L,27.0,123.0,41001.0,2010.0
3885,"1720 EAST SHORE DR N, MAPLEWOOD, MN, 55109",Match,Non_Exact,"1720 E SHORE DR, MAPLEWOOD, MN, 55109","-93.052622585073,44.993354551642",97662426.0,R,27.0,123.0,42302.0,1019.0
3644,"1703 ALTA VISTA DR, ROSEVILLE, MN, 55113",Match,Exact,"1703 ALTA VISTA DR, ROSEVILLE, MN, 55113","-93.126608052973,44.992420794114",650245804.0,L,27.0,123.0,41700.0,4000.0
3765,"7990 FAIRCHILD AVE, MOUNDS VIEW, MN, 55112",Match,Exact,"7990 FAIRCHILD AVE, MOUNDS VIEW, MN, 55112","-93.219305201262,45.113141168698",97633359.0,L,27.0,123.0,41001.0,2010.0
3886,"832 COUNTY ROAD I W, SHOREVIEW, MN, 55126",Match,Exact,"832 CO RD I W, SHOREVIEW, MN, 55126","-93.136219471147,45.108082985307",617573537.0,L,27.0,123.0,40707.0,1003.0
3645,"1707 ALTA VISTA DR, ROSEVILLE, MN, 55113",Match,Exact,"1707 ALTA VISTA DR, ROSEVILLE, MN, 55113","-93.1266609771,44.99250811896",650245804.0,L,27.0,123.0,41700.0,4000.0
3766,"8000 FAIRCHILD AVE, MOUNDS VIEW, MN, 55112",Match,Exact,"8000 FAIRCHILD AVE, MOUNDS VIEW, MN, 55112","-93.219308502897,45.113319018088",97633359.0,L,27.0,123.0,41001.0,2010.0
3887,"1927 SIMPSON ST, ROSEVILLE, MN, 55113",Match,Exact,"1927 SIMPSON ST, ROSEVILLE, MN, 55113","-93.162416334797,44.999207040102",97640936.0,L,27.0,123.0,41800.0,2010.0
3646,"1715 ALTA VISTA DR, ROSEVILLE, MN, 55113",Match,Exact,"1715 ALTA VISTA DR, ROSEVILLE, MN, 55113","-93.126766825355,44.992682768652",650245804.0,L,27.0,123.0,41700.0,4000.0
3767,"7791 GROVELAND RD, MOUNDS VIEW, MN, 55112",Match,Exact,"7791 GROVELAND RD, MOUNDS VIEW, MN, 55112","-93.221055826226,45.110047115422",97672525.0,R,27.0,123.0,41001.0,2018.0
3888,"1970 SIMPSON ST, ROSEVILLE, MN, 55113",Match,Exact,"1970 SIMPSON ST, ROSEVILLE, MN, 55113","-93.162251904148,45.000157580794",97640936.0,R,27.0,123.0,41800.0,2014.0
3529,"1492 ALBERT ST N, ST PAUL, MN, 55108",Match,Exact,"1492 ALBERT ST N, SAINT PAUL, MN, 55108","-93.159166150784,44.984313243108",97641119.0,R,27.0,123.0,30201.0,4001.0
3647,"1720 ALTA VISTA DR, ROSEVILLE, MN, 55113",Match,Exact,"1720 ALTA VISTA DR, ROSEVILLE, MN, 55113","-93.126691987006,44.992850166316",650245804.0,R,27.0,123.0,41700.0,4004.0
3768,"7781 GROVELAND RD, MOUNDS VIEW, MN, 55112",Match,Exact,"7781 GROVELAND RD, MOUNDS VIEW, MN, 55112","-93.221049489172,45.109747845994",97633367.0,R,27.0,123.0,41001.0,2018.0
3889,"3053 CHATSWORTH ST N, ROSEVILLE, MN, 55113",Match,Exact,"3053 CHATSWORTH ST N, ROSEVILLE, MN, 55113","-93.141849974401,45.033537678363",97640418.0,L,27.0,123.0,41500.0,2004.0
3528,"1425 ASBURY ST, ST PAUL, MN, 55108",Tie,,,,,,,,,
3648,"1736 ALTA VISTA DR, ROSEVILLE, MN, 55113",Match,Exact,"1736 ALTA VISTA DR, ROSEVILLE, MN, 55113","-93.126891032554,44.993192923199",650245804.0,R,27.0,123.0,41700.0,4004.0
3769,"2840 MOUNDS VIEW BLVD, MOUNDS VIEW, MN, 55112",No_Match,,,,,,,,,
3780,"2940 ARDAN AVE, MOUNDS VIEW, MN, 55112",Match,Exact,"2940 ARDAN AVE, MOUNDS VIEW, MN, 55112","-93.223902388949,45.117859359507",97633304.0,L,27.0,123.0,41001.0,2009.0
3660,"3007 ARCADE ST, LITTLE CANADA, MN, 55109",Match,Exact,"3007 ARCADE ST, LITTLE CANADA, MN, 55109","-93.066500507134,45.032072800673",652844935.0,L,27.0,123.0,42102.0,2003.0
3781,"8245 SPRING LAKE RD, MOUNDS VIEW, MN, 55112",Match,Exact,"8245 SPRING LAKE RD, MOUNDS VIEW, MN, 55112","-93.224894247677,45.117524590915",97667015.0,R,27.0,123.0,41001.0,2009.0
3661,"3011 ARCADE ST, LITTLE CANADA, MN, 55109",Match,Exact,"3011 ARCADE ST, LITTLE CANADA, MN, 55109","-93.066502759333,45.032189915855",652844935.0,L,27.0,123.0,42102.0,2003.0
3782,"2902 ARDAN AVE, MOUNDS VIEW, MN, 55112",Match,Exact,"2902 ARDAN AVE, MOUNDS VIEW, MN, 55112","-93.223253363927,45.117855372713",97633304.0,L,27.0,123.0,41001.0,2009.0
3662,"3033 ARCADE ST, LITTLE CANADA, MN, 55109",Match,Exact,"3033 ARCADE ST, LITTLE CANADA, MN, 55109","-93.066512866205,45.032773792712",97649382.0,L,27.0,123.0,42102.0,2003.0
3783,"3021 CHATSWORTH ST N, ROSEVILLE, MN, 55113",Match,Exact,"3021 CHATSWORTH ST N, ROSEVILLE, MN, 55113","-93.14183191931,45.032629345169",97640418.0,L,27.0,123.0,41500.0,2004.0
3541,"1944 ASBURY ST, ROSEVILLE, MN, 55113",Match,Exact,"1944 ASBURY ST, ROSEVILLE, MN, 55113","-93.164805165401,45.001224725859",97640928.0,R,27.0,123.0,41800.0,2006.0
3540,"1437 FRANKSON AVE, ST PAUL, MN, 55108",Match,Exact,"1437 FRANKSON AVE, SAINT PAUL, MN, 55108","-93.160337104169,44.982400294383",647902758.0,R,27.0,123.0,30201.0,4003.0
3538,"1426 PASCAL ST N, ST PAUL, MN, 55108",Match,Exact,"1426 PASCAL ST N, SAINT PAUL, MN, 55108","-93.161729518542,44.984164918107",97641094.0,R,27.0,123.0,30201.0,4003.0
3537,"1395 PASCAL ST N, ST PAUL, MN, 55108",Match,Exact,"1395 PASCAL ST N, SAINT PAUL, MN, 55108","-93.161902099,44.983411298496",97641094.0,L,27.0,123.0,30201.0,4004.0
3536,"1425 SIMPSON ST, ST PAUL, MN, 55108",Match,Exact,"1425 SIMPSON ST, SAINT PAUL, MN, 55108","-93.163169530726,44.98413283144",97641092.0,L,27.0,123.0,30201.0,4005.0
3535,"1955 ASBURY ST, ROSEVILLE, MN, 55113",Match,Exact,"1955 ASBURY ST, ROSEVILLE, MN, 55113","-93.164967011259,45.001310050081",97640928.0,L,27.0,123.0,41800.0,2012.0
3534,"1390 ARONA ST, ST PAUL, MN, 55108",Tie,,,,,,,,,
3533,"1430 SNELLING AVE N, ST PAUL, MN, 55108",Match,Exact,"1430 SNELLING AVE N, SAINT PAUL, MN, 55108","-93.166857501448,44.983580680862",97641027.0,R,27.0,123.0,30201.0,4007.0
3532,"1436 SNELLING AVE N, ST PAUL, MN, 55108",Match,Exact,"1436 SNELLING AVE N, SAINT PAUL, MN, 55108","-93.166856819267,44.983659357801",97641027.0,R,27.0,123.0,30201.0,4007.0
3531,"1384 ASBURY ST, ST PAUL, MN, 55108",Tie,,,,,,,,,
3652,"3022 LEEWARD WAY, LITTLE CANADA, MN, 55109",Match,Exact,"3022 LEEWARD WAY, LITTLE CANADA, MN, 55109","-93.06777793792,45.032653139963",97671760.0,L,27.0,123.0,42102.0,2003.0
3773,"7861 GROVELAND RD, MOUNDS VIEW, MN, 55112",Match,Exact,"7861 GROVELAND RD, MOUNDS VIEW, MN, 55112","-93.221050294623,45.111407843328",97672525.0,R,27.0,123.0,41001.0,2018.0
3894,"1770 HOLTON ST, FALCON HEIGHTS, MN, 55113",Match,Exact,"1770 HOLTON ST, FALCON HEIGHTS, MN, 55113","-93.160333259808,44.994139020468",97640966.0,R,27.0,123.0,41900.0,1012.0
3653,"3091 ARCADE ST, LITTLE CANADA, MN, 55109",Match,Exact,"3091 ARCADE ST, LITTLE CANADA, MN, 55109","-93.066538151046,45.034102874635",97649381.0,L,27.0,123.0,42102.0,2003.0
3774,"7821 GROVELAND RD, MOUNDS VIEW, MN, 55112",Match,Exact,"7821 GROVELAND RD, MOUNDS VIEW, MN, 55112","-93.221053455539,45.110630284524",97672525.0,R,27.0,123.0,41001.0,2018.0
3895,"1796 HOLTON ST, FALCON HEIGHTS, MN, 55113",Match,Exact,"1796 HOLTON ST, FALCON HEIGHTS, MN, 55113","-93.160333259692,44.994982433527",97640966.0,R,27.0,123.0,41900.0,1012.0
3654,"3035 LEEWARD WAY, LITTLE CANADA, MN, 55109",Match,Exact,"3035 LEEWARD WAY, LITTLE CANADA, MN, 55109","-93.067949306957,45.032905189213",97671760.0,R,27.0,123.0,42102.0,2003.0
3775,"3001 CHATSWORTH ST N, ROSEVILLE, MN, 55113",Match,Exact,"3001 CHATSWORTH ST N, ROSEVILLE, MN, 55113","-93.141821404316,45.03206153117",97640418.0,L,27.0,123.0,41500.0,2004.0
3896,"1790 HOLTON ST, FALCON HEIGHTS, MN, 55113",Match,Exact,"1790 HOLTON ST, FALCON HEIGHTS, MN, 55113","-93.160333259719,44.994787799744",97640966.0,R,27.0,123.0,41900.0,1012.0
3655,"3001 ARCADE ST, LITTLE CANADA, MN, 55109",Match,Exact,"3001 ARCADE ST, LITTLE CANADA, MN, 55109","-93.066497128836,45.031897127899",652844935.0,L,27.0,123.0,42102.0,2003.0
3776,"8217 SPRING LAKE RD, MOUNDS VIEW, MN, 55112",Match,Exact,"8217 SPRING LAKE RD, MOUNDS VIEW, MN, 55112","-93.224885067267,45.117013106878",97667015.0,R,27.0,123.0,41001.0,2009.0
3897,"1782 HOLTON ST, FALCON HEIGHTS, MN, 55113",Match,Exact,"1782 HOLTON ST, FALCON HEIGHTS, MN, 55113","-93.160333259754,44.994528288034",97640966.0,R,27.0,123.0,41900.0,1012.0
3656,"3009 ARCADE ST, LITTLE CANADA, MN, 55109",Match,Exact,"3009 ARCADE ST, LITTLE CANADA, MN, 55109","-93.066501633233,45.032131358264",652844935.0,L,27.0,123.0,42102.0,2003.0
3777,"2900 ARDAN AVE, MOUNDS VIEW, MN, 55112",Match,Exact,"2900 ARDAN AVE, MOUNDS VIEW, MN, 55112","-93.223219037813,45.117854583605",97633304.0,L,27.0,123.0,41001.0,2009.0
3898,"5405 CARLSON RD, SHOREVIEW, MN, 55126",Match,Exact,"5405 CARLSON RD, SHOREVIEW, MN, 55126","-93.130458223404,45.105880658871",97635405.0,L,27.0,123.0,40707.0,1003.0
3657,"790 COUNTY ROAD D E, LITTLE CANADA, MN, 55117",Match,Exact,"790 CO RD D E, LITTLE CANADA, MN, 55117","-93.067916876448,45.035826688775",652844903.0,R,27.0,123.0,42102.0,2004.0
3778,"8230 KNOLLWOOD DR, MOUNDS VIEW, MN, 55112",Match,Exact,"8230 KNOLLWOOD DR, MOUNDS VIEW, MN, 55112","-93.223222046229,45.118621396971",97633294.0,L,27.0,123.0,41001.0,2003.0
3899,"1740 ALBERT ST N, FALCON HEIGHTS, MN, 55113",Match,Non_Exact,"1740 N ALBERT ST, FALCON HEIGHTS, MN, 55113","-93.159047970838,44.993251195947",97640969.0,R,27.0,123.0,41900.0,1014.0
3658,"794 COUNTY ROAD D E, LITTLE CANADA, MN, 55117",Match,Exact,"794 CO RD D E, LITTLE CANADA, MN, 55117","-93.06736027106,45.035826688736",656767453.0,R,27.0,123.0,42102.0,2003.0
3779,"2908 ARDAN AVE, MOUNDS VIEW, MN, 55112",Match,Exact,"2908 ARDAN AVE, MOUNDS VIEW, MN, 55112","-93.223356342269,45.117857740039",97633304.0,L,27.0,123.0,41001.0,2009.0
3539,"1422 PASCAL ST N, ST PAUL, MN, 55108",Match,Exact,"1422 PASCAL ST N, SAINT PAUL, MN, 55108","-93.161730929314,44.984064283997",97641094.0,R,27.0,123.0,30201.0,4003.0
3659,"2935 ARCADE ST, LITTLE CANADA, MN, 55109",Match,Exact,"2935 ARCADE ST, LITTLE CANADA, MN, 55109","-93.06645996756,45.029964727391",652844935.0,L,27.0,123.0,42102.0,2003.0
3790,"1893 BECKMAN AVE, ARDEN HILLS, MN, 55112",Match,Exact,"1893 BECKMAN AVE, ARDEN HILLS, MN, 55112","-93.180776417913,45.040725891578",97639777.0,R,27.0,123.0,40805.0,3002.0
3670,"778 COUNTY ROAD D E, LITTLE CANADA, MN, 55117",Match,Exact,"778 CO RD D E, LITTLE CANADA, MN, 55117","-93.068298356777,45.035826688801",652844903.0,R,27.0,123.0,42102.0,2004.0
3791,"3325 LAKE JOHANNA BLVD, ARDEN HILLS, MN, 55112",Match,Exact,"3325 LAKE JOHANNA BLVD, ARDEN HILLS, MN, 55112","-93.177622035784,45.041768306117",97639792.0,L,27.0,123.0,40805.0,3002.0
3671,"3021 LEEWARD WAY, LITTLE CANADA, MN, 55109",Match,Exact,"3021 LEEWARD WAY, LITTLE CANADA, MN, 55109","-93.067944210088,45.032765024762",97671760.0,R,27.0,123.0,42102.0,2003.0
3792,"3263 LAKE JOHANNA BLVD, ARDEN HILLS, MN, 55112",Match,Exact,"3263 LAKE JOHANNA BLVD, ARDEN HILLS, MN, 55112","-93.177608177917,45.040028056174",97668885.0,L,27.0,123.0,40805.0,3005.0
3672,"2949 ARCADE ST, LITTLE CANADA, MN, 55109",Match,Exact,"2949 ARCADE ST, LITTLE CANADA, MN, 55109","-93.066467850255,45.030374630529",652844935.0,L,27.0,123.0,42102.0,2003.0
3793,"1871 BECKMAN AVE, ARDEN HILLS, MN, 55112",Match,Exact,"1871 BECKMAN AVE, ARDEN HILLS, MN, 55112","-93.180082720483,45.040971576059",97639777.0,R,27.0,123.0,40805.0,3002.0
3673,"2955 ARCADE ST, LITTLE CANADA, MN, 55109",Match,Exact,"2955 ARCADE ST, LITTLE CANADA, MN, 55109","-93.066471228553,45.030550303302",652844935.0,L,27.0,123.0,42102.0,2003.0
3794,"1881 BECKMAN AVE, ARDEN HILLS, MN, 55112",Match,Exact,"1881 BECKMAN AVE, ARDEN HILLS, MN, 55112","-93.180398037496,45.040859901295",97639777.0,R,27.0,123.0,40805.0,3002.0
3552,"1378 ALBERT ST N, ST PAUL, MN, 55108",Match,Exact,"1378 ALBERT ST N, SAINT PAUL, MN, 55108","-93.159173308678,44.983617505018",97641119.0,R,27.0,123.0,30201.0,4001.0
3551,"1428 MCKINLEY ST, ST PAUL, MN, 55108",Match,Non_Exact,"1428 W MCKINLEY ST, SAINT PAUL, MN, 55108","-93.160473848194,44.984331065006",97641118.0,R,27.0,123.0,30201.0,4002.0
3550,"1935 ASBURY ST, ROSEVILLE, MN, 55113",Match,Exact,"1935 ASBURY ST, ROSEVILLE, MN, 55113","-93.164967436891,45.001139806795",97640928.0,L,27.0,123.0,41800.0,2012.0
3549,"1945 ASBURY ST, ROSEVILLE, MN, 55113",Match,Exact,"1945 ASBURY ST, ROSEVILLE, MN, 55113","-93.164967224075,45.001224928438",97640928.0,L,27.0,123.0,41800.0,2012.0
3548,"1408 ARLINGTON AVE W, ST PAUL, MN, 55108",Match,Exact,"1408 ARLINGTON AVE W, SAINT PAUL, MN, 55108","-93.15941631624,44.984534496751",97641113.0,L,27.0,123.0,30201.0,4002.0
3547,"1963 ASBURY ST, ROSEVILLE, MN, 55113",Match,Exact,"1963 ASBURY ST, ROSEVILLE, MN, 55113","-93.164966841006,45.001378147395",97640928.0,L,27.0,123.0,41800.0,2012.0
3546,"1431 FRANKSON AVE, ST PAUL, MN, 55108",Match,Exact,"1431 FRANKSON AVE, SAINT PAUL, MN, 55108","-93.160205145525,44.982413337561",647902758.0,R,27.0,123.0,30201.0,4003.0
3545,"1960 ASBURY ST, ROSEVILLE, MN, 55113",Match,Exact,"1960 ASBURY ST, ROSEVILLE, MN, 55113","-93.164804824896,45.001360920488",97640928.0,R,27.0,123.0,41800.0,2006.0
3544,"1925 ASBURY ST, ROSEVILLE, MN, 55113",Match,Exact,"1925 ASBURY ST, ROSEVILLE, MN, 55113","-93.164967649707,45.001054685151",97640928.0,L,27.0,123.0,41800.0,2012.0
3543,"1445 FRANKSON AVE, ST PAUL, MN, 55108",Match,Exact,"1445 FRANKSON AVE, SAINT PAUL, MN, 55108","-93.160518427171,44.982400461143",647902758.0,R,27.0,123.0,30201.0,4003.0
3542,"1950 ASBURY ST, ROSEVILLE, MN, 55113",Match,Exact,"1950 ASBURY ST, ROSEVILLE, MN, 55113","-93.164805037711,45.001275798845",97640928.0,R,27.0,123.0,41800.0,2006.0
3663,"2975 ARCADE ST, LITTLE CANADA, MN, 55109",Match,Exact,"2975 ARCADE ST, LITTLE CANADA, MN, 55109","-93.066482489546,45.031135879214",652844935.0,L,27.0,123.0,42102.0,2003.0
3784,"1835 BECKMAN AVE, ARDEN HILLS, MN, 55112",Match,Exact,"1835 BECKMAN AVE, ARDEN HILLS, MN, 55112","-93.178816565189,45.04109459848",97639777.0,R,27.0,123.0,40805.0,3002.0
3664,"2995 ARCADE ST, LITTLE CANADA, MN, 55109",Match,Exact,"2995 ARCADE ST, LITTLE CANADA, MN, 55109","-93.066493750538,45.031721455126",652844935.0,L,27.0,123.0,42102.0,2003.0
3785,"3272 NEW BRIGHTON RD, ARDEN HILLS, MN, 55112",Match,Exact,"3272 NEW BRIGHTON RD, ARDEN HILLS, MN, 55112","-93.180335129399,45.039761456672",97639776.0,R,27.0,123.0,40805.0,3005.0
3665,"3036 LEEWARD WAY, LITTLE CANADA, MN, 55109",Match,Exact,"3036 LEEWARD WAY, LITTLE CANADA, MN, 55109","-93.067779914257,45.032707489444",97671760.0,L,27.0,123.0,42102.0,2003.0
3786,"1850 BECKMAN AVE, ARDEN HILLS, MN, 55112",Match,Exact,"1850 BECKMAN AVE, ARDEN HILLS, MN, 55112","-93.179381842751,45.040982350705",97639777.0,L,27.0,123.0,40805.0,3005.0
3666,"791 LABORE RD, LITTLE CANADA, MN, 55117",Match,Exact,"791 LABORE RD, LITTLE CANADA, MN, 55117","-93.068496457289,45.028746370089",647905693.0,L,27.0,123.0,42102.0,2004.0
3787,"3264 NEW BRIGHTON RD, ARDEN HILLS, MN, 55112",Match,Exact,"3264 NEW BRIGHTON RD, ARDEN HILLS, MN, 55112","-93.180163448671,45.0395169416",97639776.0,R,27.0,123.0,40805.0,3005.0
3667,"3026 LEEWARD WAY, LITTLE CANADA, MN, 55109",Match,Exact,"3026 LEEWARD WAY, LITTLE CANADA, MN, 55109","-93.067778502588,45.032668668386",97671760.0,L,27.0,123.0,42102.0,2003.0
3788,"3248 NEW BRIGHTON RD, ARDEN HILLS, MN, 55112",Match,Exact,"3248 NEW BRIGHTON RD, ARDEN HILLS, MN, 55112","-93.179820087214,45.039027911457",97639776.0,R,27.0,123.0,40805.0,3005.0
3668,"3025 LEEWARD WAY, LITTLE CANADA, MN, 55109",Match,Exact,"3025 LEEWARD WAY, LITTLE CANADA, MN, 55109","-93.067945666337,45.032805071748",97671760.0,R,27.0,123.0,42102.0,2003.0
3789,"1828 BECKMAN AVE, ARDEN HILLS, MN, 55112",Match,Exact,"1828 BECKMAN AVE, ARDEN HILLS, MN, 55112","-93.178605895556,45.040979130952",97639777.0,L,27.0,123.0,40805.0,3005.0
3669,"2965 ARCADE ST, LITTLE CANADA, MN, 55109",Match,Exact,"2965 ARCADE ST, LITTLE CANADA, MN, 55109","-93.066476859049,45.030843091258",652844935.0,L,27.0,123.0,42102.0,2003.0
3680,"1651 DEMONT AVE E, MAPLEWOOD, MN, 55109",Match,Exact,"1651 DEMONT AVE E, MAPLEWOOD, MN, 55109","-93.030934585845,45.017288871742",97662448.0,L,27.0,123.0,42401.0,1005.0
3681,"2105 FREMONT AVE, ST PAUL, MN, 55119",Match,Exact,"2105 FREMONT AVE, SAINT PAUL, MN, 55119","-93.011641899622,44.957684324508",97653736.0,L,27.0,123.0,34702.0,4010.0
3682,"2099 FREMONT AVE, ST PAUL, MN, 55119",Match,Exact,"2099 FREMONT AVE, SAINT PAUL, MN, 55119","-93.011864080744,44.957684774283",97653736.0,L,27.0,123.0,34702.0,4010.0
3683,"2093 FREMONT AVE, ST PAUL, MN, 55119",Match,Exact,"2093 FREMONT AVE, SAINT PAUL, MN, 55119","-93.012086261865,44.957685224057",97653736.0,L,27.0,123.0,34702.0,4010.0
3684,"2155 3RD ST E, ST PAUL, MN, 55119",Match,Exact,"2155 3RD ST E, SAINT PAUL, MN, 55119","-93.009784977504,44.956795287689",97653738.0,L,27.0,123.0,34702.0,4013.0
3563,"1324 EDGCUMBE RD, ST PAUL, MN, 55116",Match,Exact,"1324 EDGCUMBE RD, SAINT PAUL, MN, 55116","-93.149917423684,44.925749505302",97646988.0,L,27.0,123.0,36600.0,5005.0
3562,"1330 EDGCUMBE RD, ST PAUL, MN, 55116",Match,Exact,"1330 EDGCUMBE RD, SAINT PAUL, MN, 55116","-93.14988200129,44.92551099426",97646988.0,L,27.0,123.0,36600.0,5005.0
3561,"1496 ALBERT ST N, ST PAUL, MN, 55108",Match,Exact,"1496 ALBERT ST N, SAINT PAUL, MN, 55108","-93.159164627828,44.984461272489",97641119.0,R,27.0,123.0,30201.0,4001.0
3560,"1355 PASCAL ST N, ST PAUL, MN, 55108",Match,Exact,"1355 PASCAL ST N, SAINT PAUL, MN, 55108","-93.161916945937,44.982374404405",97641114.0,L,27.0,123.0,30201.0,4010.0
3559,"1359 PASCAL ST N, ST PAUL, MN, 55108",Match,Exact,"1359 PASCAL ST N, SAINT PAUL, MN, 55108","-93.161915625222,44.982461570789",97641114.0,L,27.0,123.0,30201.0,4010.0
3558,"1392 FRANKSON AVE, ST PAUL, MN, 55108",Match,Exact,"1392 FRANKSON AVE, SAINT PAUL, MN, 55108","-93.158974299336,44.982292359581",97641125.0,L,27.0,123.0,30201.0,4012.0
3557,"1376 FRANKSON AVE, ST PAUL, MN, 55108",Match,Exact,"1376 FRANKSON AVE, SAINT PAUL, MN, 55108","-93.158331340128,44.98214098179",97641125.0,L,27.0,123.0,30201.0,4012.0
3556,"1408 FRANKSON AVE, ST PAUL, MN, 55108",Match,Exact,"1408 FRANKSON AVE, SAINT PAUL, MN, 55108","-93.159570101606,44.982366702937",647902758.0,L,27.0,123.0,30201.0,4012.0
3555,"1419 HAMLINE AVE N, ST PAUL, MN, 55108",Match,Exact,"1419 HAMLINE AVE N, SAINT PAUL, MN, 55108","-93.156771619975,44.983991607937",97641768.0,L,27.0,123.0,30201.0,4000.0
3554,"1885 SNELLING AVE N, FALCON HEIGHTS, MN, 55113",Match,Non_Exact,"1885 SNELLING DR, FALCON HEIGHTS, MN, 55113","-93.166931646586,44.998084375026",640770965.0,L,27.0,123.0,41900.0,3005.0
3553,"1369 HAMLINE AVE N, ST PAUL, MN, 55108",Match,Exact,"1369 HAMLINE AVE N, SAINT PAUL, MN, 55108","-93.156797399385,44.98256203319",97641768.0,L,27.0,123.0,30201.0,4000.0
3674,"811 LABORE RD, LITTLE CANADA, MN, 55117",Match,Exact,"811 LABORE RD, LITTLE CANADA, MN, 55117","-93.068121197228,45.028837670563",647905693.0,L,27.0,123.0,42102.0,2004.0
3795,"1838 BECKMAN AVE, ARDEN HILLS, MN, 55112",Match,Exact,"1838 BECKMAN AVE, ARDEN HILLS, MN, 55112","-93.178958598827,45.040980594476",97639777.0,L,27.0,123.0,40805.0,3005.0
3675,"3025 ARCADE ST, LITTLE CANADA, MN, 55109",Match,Exact,"3025 ARCADE ST, LITTLE CANADA, MN, 55109","-93.066509657969,45.032586109346",97649382.0,L,27.0,123.0,42102.0,2003.0
3796,"3256 NEW BRIGHTON RD, ARDEN HILLS, MN, 55112",Match,Exact,"3256 NEW BRIGHTON RD, ARDEN HILLS, MN, 55112","-93.179991767942,45.039272426529",97639776.0,R,27.0,123.0,40805.0,3005.0
3676,"0 ARCADE ST, LITTLE CANADA, MN, 55117",No_Match,,,,,,,,,
3797,"3316 NEW BRIGHTON RD, ARDEN HILLS, MN, 55112",Match,Exact,"3316 NEW BRIGHTON RD, ARDEN HILLS, MN, 55112","-93.181332009465,45.041186912349",97639765.0,R,27.0,123.0,40805.0,3002.0
3677,"3099 ARCADE ST, LITTLE CANADA, MN, 55109",Match,Exact,"3099 ARCADE ST, LITTLE CANADA, MN, 55109","-93.066540532266,45.034230508981",97649381.0,L,27.0,123.0,42102.0,2003.0
3798,"3243 LAKE JOHANNA BLVD, ARDEN HILLS, MN, 55112",Match,Exact,"3243 LAKE JOHANNA BLVD, ARDEN HILLS, MN, 55112","-93.177605494782,45.039577278944",97668885.0,L,27.0,123.0,40805.0,3005.0
3678,"1641 DEMONT AVE E, MAPLEWOOD, MN, 55109",Match,Exact,"1641 DEMONT AVE E, MAPLEWOOD, MN, 55109","-93.031330000134,45.017289789204",97662448.0,L,27.0,123.0,42401.0,1005.0
3799,"1847 BECKMAN AVE, ARDEN HILLS, MN, 55112",Match,Exact,"1847 BECKMAN AVE, ARDEN HILLS, MN, 55112","-93.179239809114,45.041096354709",97639777.0,R,27.0,123.0,40805.0,3002.0
3679,"0 GERMAIN ST N, MAPLEWOOD, MN, 55109",No_Match,,,,,,,,,
3690,"1382 BELMONT LN W, ROSEVILLE, MN, 55113",Match,Exact,"1382 BELMONT LN W, ROSEVILLE, MN, 55113","-93.158690893721,45.003508444097",97641631.0,L,27.0,123.0,41800.0,2006.0
3691,"1363 BELMONT LN W, ROSEVILLE, MN, 55113",Match,Exact,"1363 BELMONT LN W, ROSEVILLE, MN, 55113","-93.158200578362,45.00362917673",97641631.0,R,27.0,123.0,41800.0,2009.0
3692,"1370 ALAMEDA ST, ST PAUL, MN, 55117",Tie,,,,,,,,,
3693,"925 HOYT AVE W, ST PAUL, MN, 55117",Match,Exact,"925 HOYT AVE W, SAINT PAUL, MN, 55117","-93.139178896822,44.988346059396",97641944.0,R,27.0,123.0,30300.0,4012.0
3694,"1358 BELMONT LN W, ROSEVILLE, MN, 55113",Match,Exact,"1358 BELMONT LN W, ROSEVILLE, MN, 55113","-93.158099080741,45.00351583512",97641631.0,L,27.0,123.0,41800.0,2006.0
3695,"1340 BELMONT LN W, ROSEVILLE, MN, 55113",Match,Exact,"1340 BELMONT LN W, ROSEVILLE, MN, 55113","-93.157655221006,45.003521378387",97641631.0,L,27.0,123.0,41800.0,2006.0
3574,"2940 16TH ST NW, NEW BRIGHTON, MN, 55112",Match,Exact,"2940 16TH ST NW, NEW BRIGHTON, MN, 55112","-93.224493022597,45.075234603577",97633845.0,R,27.0,123.0,41104.0,2002.0
3573,"1654 29TH AVE NW, NEW BRIGHTON, MN, 55112",Match,Exact,"1654 29TH AVE NW, NEW BRIGHTON, MN, 55112","-93.223794410443,45.076061269683",97633841.0,L,27.0,123.0,41104.0,2002.0
3572,"2924 16TH ST NW, NEW BRIGHTON, MN, 55112",Match,Exact,"2924 16TH ST NW, NEW BRIGHTON, MN, 55112","-93.224204315296,45.075238081959",97633845.0,R,27.0,123.0,41104.0,2002.0
3571,"2906 16TH ST NW, NEW BRIGHTON, MN, 55112",Match,Exact,"2906 16TH ST NW, NEW BRIGHTON, MN, 55112","-93.223879519583,45.075241995138",97633845.0,R,27.0,123.0,41104.0,2002.0
3570,"1449 PASCAL ST N, ST PAUL, MN, 55108",Match,Exact,"1449 PASCAL ST N, SAINT PAUL, MN, 55108","-93.161881099771,44.98486574691",97641110.0,L,27.0,123.0,30201.0,2011.0
3569,"1493 PASCAL ST N, ST PAUL, MN, 55108",Match,Exact,"1493 PASCAL ST N, SAINT PAUL, MN, 55108","-93.161861033394,44.986177438705",97641078.0,L,27.0,123.0,30201.0,2011.0
3568,"1451 HOLTON ST, ST PAUL, MN, 55108",Match,Non_Exact,"1451 N HOLTON ST, SAINT PAUL, MN, 55108","-93.160605404123,44.985506090571",97641080.0,L,27.0,123.0,30201.0,2012.0
3567,"1620 29TH AVE NW, NEW BRIGHTON, MN, 55112",Match,Exact,"1620 29TH AVE NW, NEW BRIGHTON, MN, 55112","-93.223779967934,45.075546150901",97633841.0,L,27.0,123.0,41104.0,2002.0
3566,"1341 ASBURY ST, ST PAUL, MN, 55108",Tie,,,,,,,,,
3565,"1376 ASBURY ST, ST PAUL, MN, 55108",Tie,,,,,,,,,
3564,"1480 ALBERT ST N, ST PAUL, MN, 55108",Match,Exact,"1480 ALBERT ST N, SAINT PAUL, MN, 55108","-93.159170719653,44.983869154966",97641119.0,R,27.0,123.0,30201.0,4001.0
3685,"2165 3RD ST E, ST PAUL, MN, 55119",Match,Exact,"2165 3RD ST E, SAINT PAUL, MN, 55119","-93.009413912738,44.956795287664",97653738.0,L,27.0,123.0,34702.0,4013.0
3686,"2145 3RD ST E, ST PAUL, MN, 55119",Match,Exact,"2145 3RD ST E, SAINT PAUL, MN, 55119","-93.01015604227,44.956795287715",97653738.0,L,27.0,123.0,34702.0,4013.0
3687,"1713 HOLTON ST, FALCON HEIGHTS, MN, 55113",Match,Exact,"1713 HOLTON ST, FALCON HEIGHTS, MN, 55113","-93.160495293375,44.993850018802",97640966.0,L,27.0,123.0,41900.0,1011.0
3688,"1370 BELMONT LN W, ROSEVILLE, MN, 55113",Match,Exact,"1370 BELMONT LN W, ROSEVILLE, MN, 55113","-93.158394987231,45.003512139609",97641631.0,L,27.0,123.0,41800.0,2006.0
3689,"1843 FERNWOOD AVE, ROSEVILLE, MN, 55113",Match,Non_Exact,"1843 N FERNWOOD ST, ROSEVILLE, MN, 55113","-93.151569730328,44.996864587028",97641709.0,L,27.0,123.0,41800.0,1001.0
3585,"1360 FRANKSON AVE, ST PAUL, MN, 55108",Match,Exact,"1360 FRANKSON AVE, SAINT PAUL, MN, 55108","-93.157775814896,44.982122059563",97641772.0,L,27.0,123.0,30201.0,4012.0
3584,"767 ROSELAWN AVE E, MAPLEWOOD, MN, 55117",Match,Non_Exact,"767 E ROSELAWN AVE, MAPLEWOOD, MN, 55117","-93.068279847764,44.999233698369",97649975.0,L,27.0,123.0,42202.0,1017.0
3583,"1354 FRANKSON AVE, ST PAUL, MN, 55108",Match,Exact,"1354 FRANKSON AVE, SAINT PAUL, MN, 55108","-93.157670338624,44.982113269865",97641772.0,L,27.0,123.0,30201.0,4012.0
3582,"1931 KENWOOD DR E, MAPLEWOOD, MN, 55117",Match,Non_Exact,"1931 E KENWOOD DR, MAPLEWOOD, MN, 55117","-93.068221494181,44.999900924582",647914966.0,L,27.0,123.0,42202.0,1017.0
3581,"1391 HAMLINE AVE N, ST PAUL, MN, 55108",Match,Exact,"1391 HAMLINE AVE N, SAINT PAUL, MN, 55108","-93.156786056445,44.983191046079",97641768.0,L,27.0,123.0,30201.0,4000.0
3580,"1410 ALBERT ST N, ST PAUL, MN, 55108",Match,Exact,"1410 ALBERT ST N, SAINT PAUL, MN, 55108","-93.159168435218,44.984091199037",97641119.0,R,27.0,123.0,30201.0,4001.0
3579,"1424 ALBERT ST N, ST PAUL, MN, 55108",Match,Exact,"1424 ALBERT ST N, SAINT PAUL, MN, 55108","-93.15916630308,44.98429844017",97641119.0,R,27.0,123.0,30201.0,4001.0
3578,"1403 MCKINLEY ST, ST PAUL, MN, 55108",Match,Non_Exact,"1403 W MCKINLEY ST, SAINT PAUL, MN, 55108","-93.160623395381,44.98392620778",97641118.0,L,27.0,123.0,30201.0,4003.0
3577,"1640 29TH AVE NW, NEW BRIGHTON, MN, 55112",Match,Exact,"1640 29TH AVE NW, NEW BRIGHTON, MN, 55112","-93.223788463528,45.075849161949",97633841.0,L,27.0,123.0,41104.0,2002.0
3576,"1437 SIMPSON ST, ST PAUL, MN, 55108",Match,Exact,"1437 SIMPSON ST, SAINT PAUL, MN, 55108","-93.163164640042,44.98445561373",97641092.0,L,27.0,123.0,30201.0,4005.0
3575,"2933 VALERIE LN, NEW BRIGHTON, MN, 55112",Match,Exact,"2933 VALERIE LN, NEW BRIGHTON, MN, 55112","-93.224924569409,45.076263301195",97675875.0,L,27.0,123.0,41104.0,2002.0
3696,"1410 BELMONT LN W, ROSEVILLE, MN, 55113",Match,Exact,"1410 BELMONT LN W, ROSEVILLE, MN, 55113","-93.159381342198,45.003499821237",97641631.0,L,27.0,123.0,41800.0,2006.0
3697,"1406 EDGCUMBE RD, ST PAUL, MN, 55116",Match,Exact,"1406 EDGCUMBE RD, SAINT PAUL, MN, 55116","-93.149773628907,44.922959979957",97646998.0,L,27.0,123.0,36600.0,5003.0
3698,"1398 ELDRIDGE AVE W, ROSEVILLE, MN, 55113",Match,Exact,"1398 ELDRIDGE AVE W, ROSEVILLE, MN, 55113","-93.159087394436,45.00439942121",97640942.0,L,27.0,123.0,41800.0,2009.0
3699,"1954 DIETER ST N, MAPLEWOOD, MN, 55109",Match,Non_Exact,"1954 N DIETER ST, MAPLEWOOD, MN, 55109","-93.036669945329,45.000253977626",97651286.0,R,27.0,123.0,42302.0,5011.0
3596,"576 MONTCALM PL, ST PAUL, MN, 55116",Match,Exact,"576 MONTCALM PL, SAINT PAUL, MN, 55116","-93.148234545924,44.924121117545",653424310.0,L,27.0,123.0,36600.0,5002.0
3595,"323 MOUNT CURVE BLVD, ST PAUL, MN, 55105",Match,Exact,"323 MOUNT CURVE BLVD, SAINT PAUL, MN, 55105","-93.193687208704,44.93185214637",97639402.0,R,27.0,123.0,43001.0,5001.0
3594,"1759 ARONA ST, FALCON HEIGHTS, MN, 55113",Match,Non_Exact,"1759 N ARONA ST, FALCON HEIGHTS, MN, 55113","-93.164308884429,44.994205491119",97640953.0,L,27.0,123.0,41900.0,3019.0
3593,"1864 ASBURY ST, FALCON HEIGHTS, MN, 55113",Match,Non_Exact,"1864 N ASBURY ST, FALCON HEIGHTS, MN, 55113","-93.165400541563,44.997068482449",97640917.0,R,27.0,123.0,41900.0,3018.0
3592,"1545 MIDWAY PKWY, ST PAUL, MN, 55108",No_Match,,,,,,,,,
3591,"1999 KENWOOD DR E, MAPLEWOOD, MN, 55117",Match,Non_Exact,"1999 E KENWOOD DR, MAPLEWOOD, MN, 55117","-93.068646316846,45.00165240747",647914966.0,L,27.0,123.0,42202.0,1017.0
3590,"1338 SIMPSON ST, ST PAUL, MN, 55108",Match,Exact,"1338 SIMPSON ST, SAINT PAUL, MN, 55108","-93.163039748466,44.981974780371",619253152.0,R,27.0,123.0,30201.0,4010.0
3589,"1330 SIMPSON ST, ST PAUL, MN, 55108",Match,Exact,"1330 SIMPSON ST, SAINT PAUL, MN, 55108","-93.163042000867,44.981819816647",619253152.0,R,27.0,123.0,30201.0,4010.0
3588,"1990 GREENBRIER ST N, MAPLEWOOD, MN, 55117",Match,Non_Exact,"1990 GREENBRIER ST, MAPLEWOOD, MN, 55117","-93.071142800715,45.001660538332",97649966.0,R,27.0,123.0,42202.0,1012.0
3587,"1384 FRANKSON AVE, ST PAUL, MN, 55108",Match,Exact,"1384 FRANKSON AVE, SAINT PAUL, MN, 55108","-93.158663327711,44.982194576443",97641125.0,L,27.0,123.0,30201.0,4012.0
3586,"751 ROSELAWN AVE E, MAPLEWOOD, MN, 55117",Match,Non_Exact,"751 E ROSELAWN AVE, MAPLEWOOD, MN, 55117","-93.068934500894,44.999228729509",97649975.0,L,27.0,123.0,42202.0,1017.0
3599,"2214 OXFORD ST N, ROSEVILLE, MN, 55113",Match,Non_Exact,"2214 N OXFORD ST, ROSEVILLE, MN, 55113","-93.14296009186,45.007940318868",97640734.0,R,27.0,123.0,41700.0,1004.0
3598,"2237 LILAC LN, WHITE BEAR LAKE, MN, 55110",Match,Exact,"2237 LILAC LN, WHITE BEAR LAKE, MN, 55110","-93.006195832503,45.068350271145",97637240.0,L,27.0,123.0,40301.0,2010.0
3597,"2249 LILAC LN, WHITE BEAR LAKE, MN, 55110",Match,Exact,"2249 LILAC LN, WHITE BEAR LAKE, MN, 55110","-93.005701979787,45.06835027111",97637240.0,L,27.0,123.0,40301.0,2010.0
3902,"3033 VICTORIA ST N, ROSEVILLE, MN, 55113",Match,Exact,"3033 VICTORIA ST N, ROSEVILLE, MN, 55113","-93.136793164425,45.032551005102",97640446.0,L,27.0,123.0,41500.0,2007.0
3903,"3029 VICTORIA ST N, ROSEVILLE, MN, 55113",Match,Exact,"3029 VICTORIA ST N, ROSEVILLE, MN, 55113","-93.136790833107,45.032421324526",97640446.0,L,27.0,123.0,41500.0,2007.0
3904,"5423 CARLSON RD, SHOREVIEW, MN, 55126",Match,Exact,"5423 CARLSON RD, SHOREVIEW, MN, 55126","-93.13045901246,45.106087925158",97635405.0,L,27.0,123.0,40707.0,1003.0
3905,"5415 CARLSON RD, SHOREVIEW, MN, 55126",Match,Exact,"5415 CARLSON RD, SHOREVIEW, MN, 55126","-93.130458661769,45.105995806808",97635405.0,L,27.0,123.0,40707.0,1003.0
3906,"3045 VICTORIA ST N, ROSEVILLE, MN, 55113",Match,Exact,"3045 VICTORIA ST N, ROSEVILLE, MN, 55113","-93.136800158378,45.032940046831",97640446.0,L,27.0,123.0,41500.0,2007.0
3907,"3013 VICTORIA ST N, ROSEVILLE, MN, 55113",Match,Exact,"3013 VICTORIA ST N, ROSEVILLE, MN, 55113","-93.136781507835,45.03190260222",97640446.0,L,27.0,123.0,41500.0,2007.0
3908,"888 BRENNER AVE W, ROSEVILLE, MN, 55113",Match,Non_Exact,"888 BRENNER AVE, ROSEVILLE, MN, 55113","-93.137016310725,45.033782406484",97640442.0,L,27.0,123.0,41500.0,2007.0
3909,"5433 CARLSON RD, SHOREVIEW, MN, 55126",Match,Exact,"5433 CARLSON RD, SHOREVIEW, MN, 55126","-93.130459450825,45.106203073094",97635405.0,L,27.0,123.0,40707.0,1003.0
3900,"1746 ALBERT ST N, FALCON HEIGHTS, MN, 55113",Match,Non_Exact,"1746 N ALBERT ST, FALCON HEIGHTS, MN, 55113","-93.159048233675,44.993457282086",97640969.0,R,27.0,123.0,41900.0,1014.0
3901,"3063 VICTORIA ST N, ROSEVILLE, MN, 55113",Match,Exact,"3063 VICTORIA ST N, ROSEVILLE, MN, 55113","-93.136810649309,45.033523609424",97640446.0,L,27.0,123.0,41500.0,2007.0
3913,"1357 LARPENTEUR AVE W, FALCON HEIGHTS, MN, 55113",Match,Exact,"1357 LARPENTEUR AVE W, FALCON HEIGHTS, MN, 55113","-93.157513808166,44.991888590311",97641067.0,R,27.0,123.0,41900.0,1014.0
3914,"1723 HAMLINE AVE N, FALCON HEIGHTS, MN, 55113",Match,Exact,"1723 HAMLINE AVE N, FALCON HEIGHTS, MN, 55113","-93.156644176068,44.994016543585",635777439.0,L,27.0,123.0,41900.0,1014.0
3915,"1727 HAMLINE AVE N, FALCON HEIGHTS, MN, 55113",Match,Exact,"1727 HAMLINE AVE N, FALCON HEIGHTS, MN, 55113","-93.156644349941,44.994086096387",635777439.0,L,27.0,123.0,41900.0,1014.0
3916,"1697 HAMLINE AVE N, FALCON HEIGHTS, MN, 55113",Match,Exact,"1697 HAMLINE AVE N, FALCON HEIGHTS, MN, 55113","-93.156642799262,44.993564352516",635777439.0,L,27.0,123.0,41900.0,1014.0
3917,"1733 HAMLINE AVE N, FALCON HEIGHTS, MN, 55113",Match,Exact,"1733 HAMLINE AVE N, FALCON HEIGHTS, MN, 55113","-93.156644610749,44.99419042559",635777439.0,L,27.0,123.0,41900.0,1014.0
3918,"2997 CHATSWORTH ST N, ROSEVILLE, MN, 55113",Match,Exact,"2997 CHATSWORTH ST N, ROSEVILLE, MN, 55113","-93.141816506875,45.031766441155",97640419.0,L,27.0,123.0,41500.0,2004.0
3919,"1749 HAMLINE AVE N, FALCON HEIGHTS, MN, 55113",Match,Exact,"1749 HAMLINE AVE N, FALCON HEIGHTS, MN, 55113","-93.156645306239,44.994468636798",635777439.0,L,27.0,123.0,41900.0,1014.0
3910,"1717 HAMLINE AVE N, FALCON HEIGHTS, MN, 55113",Match,Exact,"1717 HAMLINE AVE N, FALCON HEIGHTS, MN, 55113","-93.15664391526,44.993912214382",635777439.0,L,27.0,123.0,41900.0,1014.0
3911,"3055 VICTORIA ST N, ROSEVILLE, MN, 55113",Match,Exact,"3055 VICTORIA ST N, ROSEVILLE, MN, 55113","-93.136805986673,45.033264248271",97640446.0,L,27.0,123.0,41500.0,2007.0
3912,"1347 LARPENTEUR AVE W, FALCON HEIGHTS, MN, 55113",Match,Exact,"1347 LARPENTEUR AVE W, FALCON HEIGHTS, MN, 55113","-93.157147675806,44.991891146184",97641067.0,R,27.0,123.0,41900.0,1014.0
3803,"1887 BECKMAN AVE, ARDEN HILLS, MN, 55112",Match,Exact,"1887 BECKMAN AVE, ARDEN HILLS, MN, 55112","-93.180587227705,45.040792896437",97639777.0,R,27.0,123.0,40805.0,3002.0
3924,"1704 ALBERT ST N, FALCON HEIGHTS, MN, 55113",Match,Non_Exact,"1704 N ALBERT ST, FALCON HEIGHTS, MN, 55113","-93.159046393819,44.992014679118",97640969.0,R,27.0,123.0,41900.0,1014.0
3804,"3280 NEW BRIGHTON RD, ARDEN HILLS, MN, 55112",Match,Exact,"3280 NEW BRIGHTON RD, ARDEN HILLS, MN, 55112","-93.180506810128,45.040005971743",97639776.0,R,27.0,123.0,40805.0,3005.0
3925,"5475 CARLSON RD, SHOREVIEW, MN, 55126",Match,Exact,"5475 CARLSON RD, SHOREVIEW, MN, 55126","-93.130461291955,45.106686694429",97635405.0,L,27.0,123.0,40707.0,1003.0
3805,"1827 BECKMAN AVE, ARDEN HILLS, MN, 55112",Match,Exact,"1827 BECKMAN AVE, ARDEN HILLS, MN, 55112","-93.178534402573,45.041093427661",97639777.0,R,27.0,123.0,40805.0,3002.0
3926,"1375 LARPENTEUR AVE W, FALCON HEIGHTS, MN, 55113",Match,Exact,"1375 LARPENTEUR AVE W, FALCON HEIGHTS, MN, 55113","-93.158172846415,44.99188398974",97641067.0,R,27.0,123.0,41900.0,1014.0
3806,"3275 LAKE JOHANNA BLVD, ARDEN HILLS, MN, 55112",Match,Exact,"3275 LAKE JOHANNA BLVD, ARDEN HILLS, MN, 55112","-93.177609787798,45.040298522512",97668885.0,L,27.0,123.0,40805.0,3005.0
3927,"1381 LARPENTEUR AVE W, FALCON HEIGHTS, MN, 55113",Match,Exact,"1381 LARPENTEUR AVE W, FALCON HEIGHTS, MN, 55113","-93.158392525832,44.991882456216",97641067.0,R,27.0,123.0,41900.0,1014.0
3807,"1858 BECKMAN AVE, ARDEN HILLS, MN, 55112",Match,Exact,"1858 BECKMAN AVE, ARDEN HILLS, MN, 55112","-93.179664005368,45.040983521524",97639777.0,L,27.0,123.0,40805.0,3005.0
3928,"1389 LARPENTEUR AVE W, FALCON HEIGHTS, MN, 55113",Match,Exact,"1389 LARPENTEUR AVE W, FALCON HEIGHTS, MN, 55113","-93.15868543172,44.991880411518",97641067.0,R,27.0,123.0,41900.0,1014.0
3808,"1855 BECKMAN AVE, ARDEN HILLS, MN, 55112",Match,Exact,"1855 BECKMAN AVE, ARDEN HILLS, MN, 55112","-93.17952197173,45.041097525528",97639777.0,R,27.0,123.0,40805.0,3002.0
3929,"1764 ALBERT ST N, FALCON HEIGHTS, MN, 55113",Match,Non_Exact,"1764 N ALBERT ST, FALCON HEIGHTS, MN, 55113","-93.159049022184,44.9940755405",97640969.0,R,27.0,123.0,41900.0,1014.0
3809,"3253 LAKE JOHANNA BLVD, ARDEN HILLS, MN, 55112",Match,Exact,"3253 LAKE JOHANNA BLVD, ARDEN HILLS, MN, 55112","-93.17760683635,45.039802667559",97668885.0,L,27.0,123.0,40805.0,3005.0
3920,"5455 CARLSON RD, SHOREVIEW, MN, 55126",Match,Exact,"5455 CARLSON RD, SHOREVIEW, MN, 55126","-93.130460415226,45.106456398555",97635405.0,L,27.0,123.0,40707.0,1003.0
3800,"3308 NEW BRIGHTON RD, ARDEN HILLS, MN, 55112",Match,Exact,"3308 NEW BRIGHTON RD, ARDEN HILLS, MN, 55112","-93.181148375484,45.040922796706",97639765.0,R,27.0,123.0,40805.0,3002.0
3921,"5465 CARLSON RD, SHOREVIEW, MN, 55126",Match,Exact,"5465 CARLSON RD, SHOREVIEW, MN, 55126","-93.130460853591,45.106571546492",97635405.0,L,27.0,123.0,40707.0,1003.0
3801,"1870 BECKMAN AVE, ARDEN HILLS, MN, 55112",Match,Exact,"1870 BECKMAN AVE, ARDEN HILLS, MN, 55112","-93.180010052585,45.040869133045",97639777.0,L,27.0,123.0,40805.0,3005.0
3922,"1716 ALBERT ST N, FALCON HEIGHTS, MN, 55113",Match,Non_Exact,"1716 N ALBERT ST, FALCON HEIGHTS, MN, 55113","-93.159046919492,44.992426851394",97640969.0,R,27.0,123.0,41900.0,1014.0
3802,"1863 BECKMAN AVE, ARDEN HILLS, MN, 55112",Match,Exact,"1863 BECKMAN AVE, ARDEN HILLS, MN, 55112","-93.179830466872,45.04106091587",97639777.0,R,27.0,123.0,40805.0,3002.0
3923,"1710 ALBERT ST N, FALCON HEIGHTS, MN, 55113",Match,Non_Exact,"1710 N ALBERT ST, FALCON HEIGHTS, MN, 55113","-93.159046656656,44.992220765256",97640969.0,R,27.0,123.0,41900.0,1014.0
3814,"7841 SPRING LAKE RD, MOUNDS VIEW, MN, 55112",Match,Exact,"7841 SPRING LAKE RD, MOUNDS VIEW, MN, 55112","-93.224770099946,45.110200487768",649428313.0,R,27.0,123.0,41001.0,2017.0
3935,"1789 HAMLINE AVE N, FALCON HEIGHTS, MN, 55113",Match,Exact,"1789 HAMLINE AVE N, FALCON HEIGHTS, MN, 55113","-93.156647044963,44.995164164818",635777439.0,L,27.0,123.0,41900.0,1014.0
3815,"2841 COUNTY ROAD H2, MOUNDS VIEW, MN, 55112",Match,Exact,"2841 CO RD H2, MOUNDS VIEW, MN, 55112","-93.220383179377,45.100623690987",97633655.0,R,27.0,123.0,41002.0,1006.0
3936,"1785 HAMLINE AVE N, FALCON HEIGHTS, MN, 55113",Match,Exact,"1785 HAMLINE AVE N, FALCON HEIGHTS, MN, 55113","-93.15664687109,44.995094612016",635777439.0,L,27.0,123.0,41900.0,1014.0
3816,"2847 COUNTY ROAD H2, MOUNDS VIEW, MN, 55112",Match,Exact,"2847 CO RD H2, MOUNDS VIEW, MN, 55112","-93.220567476723,45.100621076853",97633655.0,R,27.0,123.0,41002.0,1006.0
3937,"1797 HAMLINE AVE N, FALCON HEIGHTS, MN, 55113",Match,Exact,"1797 HAMLINE AVE N, FALCON HEIGHTS, MN, 55113","-93.156647392707,44.995303270422",635777439.0,L,27.0,123.0,41900.0,1014.0
3817,"2837 COUNTY ROAD H2, MOUNDS VIEW, MN, 55112",Match,Exact,"2837 CO RD H2, MOUNDS VIEW, MN, 55112","-93.220260314479,45.100625433744",97633655.0,R,27.0,123.0,41002.0,1006.0
3938,"1546 CRAWFORD AVE, FALCON HEIGHTS, MN, 55113",Match,Exact,"1546 CRAWFORD AVE, FALCON HEIGHTS, MN, 55113","-93.164657803654,44.992773604366",97640927.0,L,27.0,123.0,41900.0,3020.0
3818,"7555 PLEASANT VIEW DR, MOUNDS VIEW, MN, 55112",Tie,,,,,,,,,
3939,"0 CARLSON RD, SHOREVIEW, MN, 55126",No_Match,,,,,,,,,
3819,"3011 CHATSWORTH ST N, ROSEVILLE, MN, 55113",Match,Exact,"3011 CHATSWORTH ST N, ROSEVILLE, MN, 55113","-93.141826661813,45.03234543817",97640418.0,L,27.0,123.0,41500.0,2004.0
3930,"1770 ALBERT ST N, FALCON HEIGHTS, MN, 55113",Match,Non_Exact,"1770 N ALBERT ST, FALCON HEIGHTS, MN, 55113","-93.159049285021,44.994281626639",97640969.0,R,27.0,123.0,41900.0,1014.0
3810,"2833 COUNTY ROAD H2, MOUNDS VIEW, MN, 55112",Match,Exact,"2833 CO RD H2, MOUNDS VIEW, MN, 55112","-93.220137449581,45.1006271765",97633655.0,R,27.0,123.0,41002.0,1006.0
3931,"5511 CARLSON RD, SHOREVIEW, MN, 55126",Match,Exact,"5511 CARLSON RD, SHOREVIEW, MN, 55126","-93.130462870067,45.107101227002",97635405.0,L,27.0,123.0,40707.0,1003.0
3811,"7325 KNOLLWOOD DR, MOUNDS VIEW, MN, 55112",Match,Exact,"7325 KNOLLWOOD DR, MOUNDS VIEW, MN, 55112","-93.222173868231,45.101025014308",97633636.0,R,27.0,123.0,41002.0,1006.0
3932,"1781 HAMLINE AVE N, FALCON HEIGHTS, MN, 55113",Match,Exact,"1781 HAMLINE AVE N, FALCON HEIGHTS, MN, 55113","-93.156646697218,44.995025059214",635777439.0,L,27.0,123.0,41900.0,1014.0
3812,"7821 SPRING LAKE RD, MOUNDS VIEW, MN, 55112",Match,Exact,"7821 SPRING LAKE RD, MOUNDS VIEW, MN, 55112","-93.224760177906,45.109790184769",649428313.0,R,27.0,123.0,41001.0,2017.0
3933,"1788 ALBERT ST N, FALCON HEIGHTS, MN, 55113",Match,Non_Exact,"1788 N ALBERT ST, FALCON HEIGHTS, MN, 55113","-93.15905007353,44.994899885053",97640969.0,R,27.0,123.0,41900.0,1014.0
3813,"7785 SPRING LAKE RD, MOUNDS VIEW, MN, 55112",Match,Exact,"7785 SPRING LAKE RD, MOUNDS VIEW, MN, 55112","-93.224084736718,45.10930708754",649428313.0,R,27.0,123.0,41001.0,2017.0
3934,"1776 ALBERT ST N, FALCON HEIGHTS, MN, 55113",Match,Non_Exact,"1776 N ALBERT ST, FALCON HEIGHTS, MN, 55113","-93.159049547857,44.994487712777",97640969.0,R,27.0,123.0,41900.0,1014.0
3704,"8431 GROVELAND RD, MOUNDS VIEW, MN, 55112",Match,Exact,"8431 GROVELAND RD, MOUNDS VIEW, MN, 55112","-93.221242842292,45.122162336411",97662861.0,R,27.0,123.0,41001.0,2001.0
3825,"1948 DIETER ST N, MAPLEWOOD, MN, 55109",Match,Non_Exact,"1948 N DIETER ST, MAPLEWOOD, MN, 55109","-93.036671252998,45.000079624871",97651286.0,R,27.0,123.0,42302.0,5011.0
3946,"659 MONTCALM PL, ST PAUL, MN, 55116",Match,Exact,"659 MONTCALM PL, SAINT PAUL, MN, 55116","-93.148594594396,44.921441239103",97656014.0,R,27.0,123.0,36600.0,5004.0
3705,"8455 GROVELAND RD, MOUNDS VIEW, MN, 55112",Match,Exact,"8455 GROVELAND RD, MOUNDS VIEW, MN, 55112","-93.221251307745,45.122839580328",97662861.0,R,27.0,123.0,41001.0,2001.0
3826,"1997 HAZELWOOD ST N, MAPLEWOOD, MN, 55109",Match,Non_Exact,"1997 HAZELWOOD ST, MAPLEWOOD, MN, 55109","-93.035548341061,45.001562015981",97671157.0,L,27.0,123.0,42302.0,5010.0
3947,"660 MONTCALM PL, ST PAUL, MN, 55116",Match,Exact,"660 MONTCALM PL, SAINT PAUL, MN, 55116","-93.14843647781,44.921416815999",97656014.0,L,27.0,123.0,36600.0,5002.0
3706,"2975 MOUNDS VIEW BLVD, MOUNDS VIEW, MN, 55112",No_Match,,,,,,,,,
3827,"2849 BRONSON DR, MOUNDS VIEW, MN, 55112",Match,Exact,"2849 BRONSON DR, MOUNDS VIEW, MN, 55112","-93.222245674652,45.104234393266",97633635.0,R,27.0,123.0,41002.0,1001.0
3948,"1970 WALNUT ST, LAUDERDALE, MN, 55113",Match,Exact,"1970 WALNUT ST, LAUDERDALE, MN, 55113","-93.204977268152,45.000041686069",97638289.0,R,27.0,123.0,42002.0,2003.0
3707,"1397 BELMONT LN W, ROSEVILLE, MN, 55113",Match,Exact,"1397 BELMONT LN W, ROSEVILLE, MN, 55113","-93.159038980084,45.003618706114",97641631.0,R,27.0,123.0,41800.0,2009.0
3828,"925 SHERREN ST W, ROSEVILLE, MN, 55113",Match,Exact,"925 SHERREN ST W, ROSEVILLE, MN, 55113","-93.138875347886,45.009106476094",97640752.0,R,27.0,123.0,41700.0,1002.0
3949,"1966 WALNUT ST, LAUDERDALE, MN, 55113",Match,Exact,"1966 WALNUT ST, LAUDERDALE, MN, 55113","-93.2049766206,44.999956639401",97638289.0,R,27.0,123.0,42002.0,2003.0
3708,"1424 BELMONT LN W, ROSEVILLE, MN, 55113",Match,Exact,"1424 BELMONT LN W, ROSEVILLE, MN, 55113","-93.159726566436,45.003495509807",97641631.0,L,27.0,123.0,41800.0,2006.0
3829,"2857 BRONSON DR, MOUNDS VIEW, MN, 55112",Match,Exact,"2857 BRONSON DR, MOUNDS VIEW, MN, 55112","-93.222478415981,45.104229463956",97633576.0,R,27.0,123.0,41002.0,1001.0
3709,"433 WHEELOCK PKWY W, ST PAUL, MN, 55117",Match,Exact,"433 WHEELOCK PKWY W, SAINT PAUL, MN, 55117","-93.11704513118,44.983963687212",97643640.0,R,27.0,123.0,30400.0,3000.0
3940,"5495 CARLSON RD, SHOREVIEW, MN, 55126",Match,Exact,"5495 CARLSON RD, SHOREVIEW, MN, 55126","-93.130462168684,45.106916990303",97635405.0,L,27.0,123.0,40707.0,1003.0
3820,"1675 ELEANOR AVE, ST PAUL, MN, 55116",Match,Non_Exact,"1675 W ELEANOR AVE, SAINT PAUL, MN, 55116","-93.17145064029,44.920709600356",97646025.0,R,27.0,123.0,36400.0,2014.0
3941,"680 MONTCALM PL, ST PAUL, MN, 55116",Match,Exact,"680 MONTCALM PL, SAINT PAUL, MN, 55116","-93.148607911948,44.920860357832",97656014.0,L,27.0,123.0,36600.0,5002.0
3700,"1967 HAZELWOOD ST N, MAPLEWOOD, MN, 55109",Match,Non_Exact,"1967 HAZELWOOD ST, MAPLEWOOD, MN, 55109","-93.035547212135,45.000549328433",97651288.0,L,27.0,123.0,42302.0,5011.0
3821,"1752 FLANDRAU ST N, MAPLEWOOD, MN, 55109",Match,Exact,"1752 FLANDRAU ST N, MAPLEWOOD, MN, 55109","-93.027750119958,44.995276020725",97652965.0,R,27.0,123.0,42402.0,1014.0
3942,"674 MONTCALM PL, ST PAUL, MN, 55116",Match,Exact,"674 MONTCALM PL, SAINT PAUL, MN, 55116","-93.148556481706,44.921027295282",97656014.0,L,27.0,123.0,36600.0,5002.0
3701,"1961 HAZELWOOD ST N, MAPLEWOOD, MN, 55109",Match,Non_Exact,"1961 HAZELWOOD ST, MAPLEWOOD, MN, 55109","-93.035546790806,45.000380787579",97651288.0,L,27.0,123.0,42302.0,5011.0
3822,"1748 FLANDRAU ST N, MAPLEWOOD, MN, 55109",Match,Exact,"1748 FLANDRAU ST N, MAPLEWOOD, MN, 55109","-93.027750228006,44.995190131569",97652965.0,R,27.0,123.0,42402.0,1014.0
3943,"681 MONTCALM PL, ST PAUL, MN, 55116",Match,Exact,"681 MONTCALM PL, SAINT PAUL, MN, 55116","-93.148783171948,44.92082913512",97656014.0,R,27.0,123.0,36600.0,5004.0
3702,"985 SHERREN ST W, ROSEVILLE, MN, 55113",Match,Exact,"985 SHERREN ST W, ROSEVILLE, MN, 55113","-93.141543176183,45.009144954799",97640735.0,R,27.0,123.0,41700.0,1002.0
3823,"1951 HAZELWOOD ST N, MAPLEWOOD, MN, 55109",Match,Non_Exact,"1951 HAZELWOOD ST, MAPLEWOOD, MN, 55109","-93.035546088591,45.000099886156",97651288.0,L,27.0,123.0,42302.0,5011.0
3944,"673 MONTCALM PL, ST PAUL, MN, 55116",Match,Exact,"673 MONTCALM PL, SAINT PAUL, MN, 55116","-93.148714598292,44.921051718386",97656014.0,R,27.0,123.0,36600.0,5004.0
3703,"2011 NORTONIA AVE, ST PAUL, MN, 55119",Match,Exact,"2011 NORTONIA AVE, SAINT PAUL, MN, 55119","-93.015628036795,44.965503875044",97653657.0,L,27.0,123.0,31802.0,3014.0
3824,"1950 DIETER ST N, MAPLEWOOD, MN, 55109",Match,Non_Exact,"1950 N DIETER ST, MAPLEWOOD, MN, 55109","-93.036670817108,45.000137742456",97651286.0,R,27.0,123.0,42302.0,5011.0
3945,"665 MONTCALM PL, ST PAUL, MN, 55116",Match,Exact,"665 MONTCALM PL, SAINT PAUL, MN, 55116","-93.148646024637,44.921274301653",97656014.0,R,27.0,123.0,36600.0,5004.0
3715,"786 MONTANA AVE W, ST PAUL, MN, 55117",Match,Non_Exact,"786 W MONTANA AVE, SAINT PAUL, MN, 55117","-93.133080583067,44.987277990543",97641967.0,L,27.0,123.0,30300.0,1031.0
3836,"2242 OXFORD ST N, ROSEVILLE, MN, 55113",Match,Non_Exact,"2242 N OXFORD ST, ROSEVILLE, MN, 55113","-93.142966798652,45.008311024387",97640734.0,R,27.0,123.0,41700.0,1004.0
3957,"2284 HIGHWAY 36 W, ROSEVILLE, MN, 55113",Match,Non_Exact,"2284 STATE HWY 36 SVC RD, ROSEVILLE, MN, 55113","-93.196724330569,45.009807701518",97638167.0,L,27.0,123.0,41301.0,3008.0
3716,"1658 RANDOLPH AVE, ST PAUL, MN, 55105",Match,Exact,"1658 RANDOLPH AVE, SAINT PAUL, MN, 55105","-93.170393330563,44.926947614057",97645988.0,L,27.0,123.0,36400.0,2001.0
3837,"2234 OXFORD ST N, ROSEVILLE, MN, 55113",Match,Non_Exact,"2234 N OXFORD ST, ROSEVILLE, MN, 55113","-93.142964882426,45.008205108524",97640734.0,R,27.0,123.0,41700.0,1004.0
3958,"0 COUNTY ROAD I W, SHOREVIEW, MN, 55126",No_Match,,,,,,,,,
3717,"1665 JUNO AVE, ST PAUL, MN, 55116",Match,Non_Exact,"1665 W JUNO AVE, SAINT PAUL, MN, 55116","-93.170637399639,44.926154076125",97645990.0,R,27.0,123.0,36400.0,2002.0
3838,"2241 OXFORD ST N, ROSEVILLE, MN, 55113",Match,Non_Exact,"2241 N OXFORD ST, ROSEVILLE, MN, 55113","-93.143128381051,45.008283079742",97640734.0,L,27.0,123.0,41700.0,1005.0
3959,"756 COUNTY ROAD I W, SHOREVIEW, MN, 55126",Match,Exact,"756 CO RD I W, SHOREVIEW, MN, 55126","-93.133140054568,45.108098117362",617573537.0,L,27.0,123.0,40707.0,1003.0
3718,"1456 IOWA AVE W, FALCON HEIGHTS, MN, 55108",Match,Non_Exact,"1456 W IOWA AVE, FALCON HEIGHTS, MN, 55108","-93.161496059464,44.989038252751",97641064.0,L,27.0,123.0,41900.0,2016.0
3839,"3008 COUNTY ROAD I, MOUNDS VIEW, MN, 55112",Match,Exact,"3008 CO RD I, MOUNDS VIEW, MN, 55112","-93.225368718078,45.107090849074",97633320.0,L,27.0,123.0,41002.0,1003.0
3719,"525 COUNTY ROAD B E, MAPLEWOOD, MN, 55117",Match,Exact,"525 CO RD B E, MAPLEWOOD, MN, 55117","-93.078648230637,45.006379956095",97649472.0,L,27.0,123.0,42202.0,5007.0
3950,"2653 EASTMAN DR, NEW BRIGHTON, MN, 55112",Match,Exact,"2653 EASTMAN DR, NEW BRIGHTON, MN, 55112","-93.221335086617,45.092105772655",97633715.0,L,27.0,123.0,41105.0,5013.0
3830,"965 SHERREN ST W, ROSEVILLE, MN, 55113",Match,Exact,"965 SHERREN ST W, ROSEVILLE, MN, 55113","-93.140645383862,45.009132339386",97640735.0,R,27.0,123.0,41700.0,1002.0
3951,"2529 EASTMAN DR, NEW BRIGHTON, MN, 55112",Match,Exact,"2529 EASTMAN DR, NEW BRIGHTON, MN, 55112","-93.219447084076,45.092132514772",97633715.0,L,27.0,123.0,41105.0,5013.0
3710,"1664 RANDOLPH AVE, ST PAUL, MN, 55105",Match,Exact,"1664 RANDOLPH AVE, SAINT PAUL, MN, 55105","-93.170640070287,44.926948485946",97645988.0,L,27.0,123.0,36400.0,2001.0
3831,"0 BRENNER AVE W, ROSEVILLE, MN, 55113",No_Match,,,,,,,,,
3952,"1385 SEARLE ST, ST PAUL, MN, 55130",Match,Exact,"1385 SEARLE ST, SAINT PAUL, MN, 55130","-93.074861542226,44.982135502757",97650117.0,L,27.0,123.0,30602.0,3010.0
3711,"1607 JUNO AVE, ST PAUL, MN, 55116",Match,Non_Exact,"1607 W JUNO AVE, SAINT PAUL, MN, 55116","-93.168937377421,44.926148062194",97646154.0,R,27.0,123.0,36400.0,2000.0
3832,"7435 SPRING LAKE RD, MOUNDS VIEW, MN, 55112",Match,Exact,"7435 SPRING LAKE RD, MOUNDS VIEW, MN, 55112","-93.22494136283,45.102930069901",97633574.0,R,27.0,123.0,41002.0,1005.0
3953,"1401 PAYNE AVE, ST PAUL, MN, 55130",Match,Exact,"1401 PAYNE AVE, SAINT PAUL, MN, 55130","-93.073692204642,44.98338935154",97650123.0,L,27.0,123.0,30602.0,3003.0
3712,"1635 JUNO AVE, ST PAUL, MN, 55116",Match,Non_Exact,"1635 W JUNO AVE, SAINT PAUL, MN, 55116","-93.169421321559,44.926149772278",97646154.0,R,27.0,123.0,36400.0,2000.0
3833,"1027 COUNTY ROAD B W, ROSEVILLE, MN, 55113",Match,Exact,"1027 CO RD B W, ROSEVILLE, MN, 55113","-93.143341514353,45.006434648086",97640649.0,R,27.0,123.0,41700.0,1005.0
3954,"2276 HIGHWAY 36 W, ROSEVILLE, MN, 55113",Match,Non_Exact,"2276 STATE HWY 36 SVC RD, ROSEVILLE, MN, 55113","-93.196369250021,45.009807701493",97638167.0,L,27.0,123.0,41301.0,3008.0
3713,"1615 JUNO AVE, ST PAUL, MN, 55116",Match,Non_Exact,"1615 W JUNO AVE, SAINT PAUL, MN, 55116","-93.169075647174,44.926148550789",97646154.0,R,27.0,123.0,36400.0,2000.0
3834,"1035 COUNTY ROAD B W, ROSEVILLE, MN, 55113",Match,Exact,"1035 CO RD B W, ROSEVILLE, MN, 55113","-93.143673817184,45.00643904365",97640649.0,R,27.0,123.0,41700.0,1005.0
3955,"2258 FULHAM ST, ROSEVILLE, MN, 55113",Match,Exact,"2258 FULHAM ST, ROSEVILLE, MN, 55113","-93.197336726726,45.009127491343",97638166.0,R,27.0,123.0,41301.0,3008.0
3714,"1610 RANDOLPH AVE, ST PAUL, MN, 55105",Match,Exact,"1610 RANDOLPH AVE, SAINT PAUL, MN, 55105","-93.167734200277,44.926931512351",97646152.0,L,27.0,123.0,36400.0,2000.0
3835,"2224 OXFORD ST N, ROSEVILLE, MN, 55113",Match,Non_Exact,"2224 N OXFORD ST, ROSEVILLE, MN, 55113","-93.142962487143,45.008072713696",97640734.0,R,27.0,123.0,41700.0,1004.0
3956,"2280 HIGHWAY 36 W, ROSEVILLE, MN, 55113",Match,Non_Exact,"2280 STATE HWY 36 SVC RD, ROSEVILLE, MN, 55113","-93.196546790295,45.009807701506",97638167.0,L,27.0,123.0,41301.0,3008.0
3970,"2223 MARION RD, ROSEVILLE, MN, 55113",Match,Exact,"2223 MARION RD, ROSEVILLE, MN, 55113","-93.19363836727,45.00816423613",97638230.0,L,27.0,123.0,41301.0,3013.0
3604,"2195 FLORAL DR, WHITE BEAR LAKE, MN, 55110",Match,Exact,"2195 FLORAL DR, WHITE BEAR LAKE, MN, 55110","-93.008163679436,45.065764858202",97637229.0,L,27.0,123.0,40301.0,2015.0
3726,"1792 ELEANOR AVE, ST PAUL, MN, 55116",Match,Non_Exact,"1792 W ELEANOR AVE, SAINT PAUL, MN, 55116","-93.176043038887,44.920613649795",97646004.0,L,27.0,123.0,36400.0,3009.0
3847,"1554 ALBERT ST N, ST PAUL, MN, 55108",Match,Non_Exact,"1554 N ALBERT ST, SAINT PAUL, MN, 55108","-93.159133492989,44.987376795887",97641081.0,R,27.0,123.0,30201.0,2002.0
3968,"2211 MARION RD, ROSEVILLE, MN, 55113",Match,Exact,"2211 MARION RD, ROSEVILLE, MN, 55113","-93.193548984366,45.007974155942",97638230.0,L,27.0,123.0,41301.0,3013.0
3603,"2211 FLORAL DR, WHITE BEAR LAKE, MN, 55110",Match,Exact,"2211 FLORAL DR, WHITE BEAR LAKE, MN, 55110","-93.007503711549,45.065761344573",97637229.0,L,27.0,123.0,40301.0,2015.0
3727,"1753 HOLTON ST, FALCON HEIGHTS, MN, 55113",Match,Exact,"1753 HOLTON ST, FALCON HEIGHTS, MN, 55113","-93.160495293278,44.994557778012",97640966.0,L,27.0,123.0,41900.0,1011.0
3848,"696 SHRYER AVE W, ROSEVILLE, MN, 55113",Match,Exact,"696 SHRYER AVE W, ROSEVILLE, MN, 55113","-93.127857452406,45.001752794213",97643365.0,L,27.0,123.0,41700.0,4000.0
3969,"2187 MARION RD, ROSEVILLE, MN, 55113",Match,Exact,"2187 MARION RD, ROSEVILLE, MN, 55113","-93.193370218559,45.007593995568",97638230.0,L,27.0,123.0,41301.0,3013.0
3602,"2199 GARDENETTE DR N, WHITE BEAR LAKE, MN, 55110",Match,Exact,"2199 GARDENETTE DR N, WHITE BEAR LAKE, MN, 55110","-93.008794987937,45.067759740739",97637241.0,L,27.0,123.0,40301.0,2014.0
3728,"1701 HOLTON ST, FALCON HEIGHTS, MN, 55113",Match,Exact,"1701 HOLTON ST, FALCON HEIGHTS, MN, 55113","-93.160495293405,44.993637691039",97640966.0,L,27.0,123.0,41900.0,1011.0
3849,"628 SHRYER AVE W, ROSEVILLE, MN, 55113",Match,Exact,"628 SHRYER AVE W, ROSEVILLE, MN, 55113","-93.126368719984,45.001729687395",97643365.0,L,27.0,123.0,41700.0,4000.0
3601,"2187 GARDENETTE DR N, WHITE BEAR LAKE, MN, 55110",Match,Exact,"2187 GARDENETTE DR N, WHITE BEAR LAKE, MN, 55110","-93.009027699784,45.067761177249",97637241.0,L,27.0,123.0,40301.0,2014.0
3729,"1390 IOWA AVE W, FALCON HEIGHTS, MN, 55108",Match,Non_Exact,"1390 W IOWA AVE, FALCON HEIGHTS, MN, 55108","-93.15891047329,44.989064645617",97641742.0,L,27.0,123.0,41900.0,2017.0
3600,"2183 GARDENETTE DR N, WHITE BEAR LAKE, MN, 55110",Match,Exact,"2183 GARDENETTE DR N, WHITE BEAR LAKE, MN, 55110","-93.009105270399,45.067761656085",97637241.0,L,27.0,123.0,40301.0,2014.0
3960,"2222 MARION RD, ROSEVILLE, MN, 55113",Match,Exact,"2222 MARION RD, ROSEVILLE, MN, 55113","-93.193448217265,45.008123088804",97638230.0,R,27.0,123.0,41301.0,3011.0
3840,"2185 OXFORD ST N, ROSEVILLE, MN, 55113",Match,Non_Exact,"2185 N OXFORD ST, ROSEVILLE, MN, 55113","-93.143114967468,45.007541668704",97640734.0,L,27.0,123.0,41700.0,1005.0
3961,"2230 MARION RD, ROSEVILLE, MN, 55113",Match,Exact,"2230 MARION RD, ROSEVILLE, MN, 55113","-93.193505422324,45.008244740124",97638230.0,R,27.0,123.0,41301.0,3011.0
3720,"1394 IOWA AVE W, FALCON HEIGHTS, MN, 55108",Match,Non_Exact,"1394 W IOWA AVE, FALCON HEIGHTS, MN, 55108","-93.15900947252,44.989063956933",97641742.0,L,27.0,123.0,41900.0,2017.0
3841,"2175 OXFORD ST N, ROSEVILLE, MN, 55113",Match,Non_Exact,"2175 N OXFORD ST, ROSEVILLE, MN, 55113","-93.143112572186,45.007409273876",97640734.0,L,27.0,123.0,41700.0,1005.0
3962,"2240 MARION RD, ROSEVILLE, MN, 55113",Match,Exact,"2240 MARION RD, ROSEVILLE, MN, 55113","-93.193573021509,45.008394934405",97638230.0,R,27.0,123.0,41301.0,3011.0
3609,"2200 FLORAL DR, WHITE BEAR LAKE, MN, 55110",Match,Exact,"2200 FLORAL DR, WHITE BEAR LAKE, MN, 55110","-93.007917414403,45.065648952493",97637229.0,R,27.0,123.0,40301.0,2016.0
3721,"1381 HOYT AVE W, FALCON HEIGHTS, MN, 55108",Match,Exact,"1381 HOYT AVE W, FALCON HEIGHTS, MN, 55108","-93.158342999458,44.988274305023",97641082.0,R,27.0,123.0,41900.0,2017.0
3842,"2223 OXFORD ST N, ROSEVILLE, MN, 55113",Match,Non_Exact,"2223 N OXFORD ST, ROSEVILLE, MN, 55113","-93.143124069542,45.008044769051",97640734.0,L,27.0,123.0,41700.0,1005.0
3963,"2250 MARION RD, ROSEVILLE, MN, 55113",Match,Exact,"2250 MARION RD, ROSEVILLE, MN, 55113","-93.193735867108,45.008553742795",97638230.0,R,27.0,123.0,41301.0,3011.0
3608,"2216 FLORAL DR, WHITE BEAR LAKE, MN, 55110",Match,Exact,"2216 FLORAL DR, WHITE BEAR LAKE, MN, 55110","-93.007257446516,45.065645438864",97637229.0,R,27.0,123.0,40301.0,2016.0
3722,"1443 HOYT AVE W, FALCON HEIGHTS, MN, 55108",Match,Exact,"1443 HOYT AVE W, FALCON HEIGHTS, MN, 55108","-93.161053465392,44.988255349565",97641073.0,R,27.0,123.0,41900.0,2016.0
3843,"676 MONTANA AVE E, ST PAUL, MN, 55106",Match,Exact,"676 MONTANA AVE E, SAINT PAUL, MN, 55106","-93.072058237852,44.987345945018",97650101.0,R,27.0,123.0,30602.0,5019.0
3964,"2180 HIGHWAY 36 W, ROSEVILLE, MN, 55113",Match,Non_Exact,"2180 STATE HWY 36 SVC RD, ROSEVILLE, MN, 55113","-93.192731592708,45.009794659453",97638225.0,L,27.0,123.0,41301.0,3011.0
3607,"2210 GARDENETTE DR S, WHITE BEAR LAKE, MN, 55110",Match,Exact,"2210 GARDENETTE DR S, WHITE BEAR LAKE, MN, 55110","-93.006748011317,45.066978507981",97637242.0,R,27.0,123.0,40301.0,2015.0
3723,"1382 IOWA AVE W, FALCON HEIGHTS, MN, 55108",Match,Non_Exact,"1382 W IOWA AVE, FALCON HEIGHTS, MN, 55108","-93.158712474828,44.989066022984",97641742.0,L,27.0,123.0,41900.0,2017.0
3844,"674 MONTANA AVE E, ST PAUL, MN, 55106",Match,Exact,"674 MONTANA AVE E, SAINT PAUL, MN, 55106","-93.0721369874,44.987345383529",97650101.0,R,27.0,123.0,30602.0,5019.0
3965,"784 COUNTY ROAD I W, SHOREVIEW, MN, 55126",Match,Exact,"784 CO RD I W, SHOREVIEW, MN, 55126","-93.134274576466,45.108092542395",617573537.0,L,27.0,123.0,40707.0,1003.0
3606,"2164 GARDENETTE DR S, WHITE BEAR LAKE, MN, 55110",Match,Exact,"2164 GARDENETTE DR S, WHITE BEAR LAKE, MN, 55110","-93.008243433716,45.066638629822",97637242.0,R,27.0,123.0,40301.0,2015.0
3724,"1453 HOYT AVE W, FALCON HEIGHTS, MN, 55108",Match,Exact,"1453 HOYT AVE W, FALCON HEIGHTS, MN, 55108","-93.161439174262,44.9882525546",97641073.0,R,27.0,123.0,41900.0,2016.0
3845,"666 MONTANA AVE E, ST PAUL, MN, 55106",Match,Exact,"666 MONTANA AVE E, SAINT PAUL, MN, 55106","-93.072451985594,44.987343137574",97650101.0,R,27.0,123.0,30602.0,5019.0
3966,"792 COUNTY ROAD I W, SHOREVIEW, MN, 55126",Match,Exact,"792 CO RD I W, SHOREVIEW, MN, 55126","-93.134598725579,45.108090949547",617573537.0,L,27.0,123.0,40707.0,1003.0
3605,"2217 FLORAL DR, WHITE BEAR LAKE, MN, 55110",Match,Exact,"2217 FLORAL DR, WHITE BEAR LAKE, MN, 55110","-93.007256223591,45.065760026962",97637229.0,L,27.0,123.0,40301.0,2015.0
3725,"1796 ELEANOR AVE, ST PAUL, MN, 55116",Match,Non_Exact,"1796 W ELEANOR AVE, SAINT PAUL, MN, 55116","-93.176207843611,44.920614231129",97646004.0,L,27.0,123.0,36400.0,3009.0
3846,"1556 SNELLING AVE N, ST PAUL, MN, 55108",Match,Non_Exact,"1556 N SNELLING AVE, SAINT PAUL, MN, 55108","-93.166838774054,44.986886585426",97688219.0,R,27.0,123.0,30201.0,2008.0
3967,"2195 MARION RD, ROSEVILLE, MN, 55113",Match,Exact,"2195 MARION RD, ROSEVILLE, MN, 55113","-93.193429807162,45.007720715693",97638230.0,L,27.0,123.0,41301.0,3013.0
3980,"1667 HARTFORD AVE, ST PAUL, MN, 55116",Match,Non_Exact,"1667 W HARTFORD AVE, SAINT PAUL, MN, 55116","-93.170721973186,44.923436367166",97645999.0,R,27.0,123.0,36400.0,2007.0
3860,"1525 PASCAL ST N, ST PAUL, MN, 55108",Match,Exact,"1525 PASCAL ST N, SAINT PAUL, MN, 55108","-93.161851733242,44.986856854217",97641074.0,L,27.0,123.0,30201.0,2005.0
3981,"1696 HARTFORD AVE, ST PAUL, MN, 55116",Match,Non_Exact,"1696 W HARTFORD AVE, SAINT PAUL, MN, 55116","-93.17195183247,44.923326135629",97645999.0,L,27.0,123.0,36400.0,2010.0
3615,"2208 FLORAL DR, WHITE BEAR LAKE, MN, 55110",Match,Exact,"2208 FLORAL DR, WHITE BEAR LAKE, MN, 55110","-93.00758743046,45.065647195678",97637229.0,R,27.0,123.0,40301.0,2016.0
3737,"1864 ROME AVE, ST PAUL, MN, 55116",Match,Non_Exact,"1864 W ROME AVE, SAINT PAUL, MN, 55116","-93.179269612815,44.913384562573",97646057.0,L,27.0,123.0,37500.0,3010.0
3858,"1551 PASCAL ST N, ST PAUL, MN, 55108",Match,Exact,"1551 PASCAL ST N, SAINT PAUL, MN, 55108","-93.161845023649,44.987306392821",97641074.0,L,27.0,123.0,30201.0,2005.0
3979,"551 SNELLING AVE S, ST PAUL, MN, 55116",Match,Exact,"551 SNELLING AVE S, SAINT PAUL, MN, 55116","-93.167105706949,44.924869459168",97646165.0,R,27.0,123.0,36400.0,2005.0
3614,"2184 FLORAL DR, WHITE BEAR LAKE, MN, 55110",Match,Exact,"2184 FLORAL DR, WHITE BEAR LAKE, MN, 55110","-93.00857738229,45.065652466121",97637229.0,R,27.0,123.0,40301.0,2016.0
3738,"1887 BEECHWOOD AVE, ST PAUL, MN, 55116",Match,Exact,"1887 BEECHWOOD AVE, SAINT PAUL, MN, 55116","-93.180116604526,44.915298181781",97645967.0,R,27.0,123.0,37500.0,3000.0
3859,"1558 PASCAL ST N, ST PAUL, MN, 55108",Match,Exact,"1558 PASCAL ST N, SAINT PAUL, MN, 55108","-93.161681165051,44.987429094493",97641074.0,R,27.0,123.0,30201.0,2004.0
3613,"2170 FLORAL DR, WHITE BEAR LAKE, MN, 55110",Match,Exact,"2170 FLORAL DR, WHITE BEAR LAKE, MN, 55110","-93.009154854191,45.065655540547",97637229.0,R,27.0,123.0,40301.0,2016.0
3739,"1891 BEECHWOOD AVE, ST PAUL, MN, 55116",Match,Exact,"1891 BEECHWOOD AVE, SAINT PAUL, MN, 55116","-93.180288491474,44.915297762045",97645967.0,R,27.0,123.0,37500.0,3000.0
3612,"2190 FLORAL DR, WHITE BEAR LAKE, MN, 55110",Match,Exact,"2190 FLORAL DR, WHITE BEAR LAKE, MN, 55110","-93.008329894333,45.065651148511",97637229.0,R,27.0,123.0,40301.0,2016.0
3611,"2162 FLORAL DR, WHITE BEAR LAKE, MN, 55110",Match,Exact,"2162 FLORAL DR, WHITE BEAR LAKE, MN, 55110","-93.009484838135,45.065657297361",97637229.0,R,27.0,123.0,40301.0,2016.0
3610,"2176 FLORAL DR, WHITE BEAR LAKE, MN, 55110",Match,Exact,"2176 FLORAL DR, WHITE BEAR LAKE, MN, 55110","-93.008907366234,45.065654222936",97637229.0,R,27.0,123.0,40301.0,2016.0
3850,"1552 SNELLING AVE N, ST PAUL, MN, 55108",Match,Non_Exact,"1552 N SNELLING AVE, SAINT PAUL, MN, 55108","-93.166840305778,44.986852717407",97688219.0,R,27.0,123.0,30201.0,2008.0
3971,"1680 BAYARD AVE, ST PAUL, MN, 55116",Match,Non_Exact,"1680 W BAYARD AVE, SAINT PAUL, MN, 55116","-93.171295934773,44.922408712506",97646001.0,L,27.0,123.0,36400.0,2011.0
3730,"1707 HOLTON ST, FALCON HEIGHTS, MN, 55113",Match,Exact,"1707 HOLTON ST, FALCON HEIGHTS, MN, 55113","-93.16049529339,44.99374385492",97640966.0,L,27.0,123.0,41900.0,1011.0
3851,"1537 PASCAL ST N, ST PAUL, MN, 55108",Match,Exact,"1537 PASCAL ST N, SAINT PAUL, MN, 55108","-93.161848636507,44.987064333573",97641074.0,L,27.0,123.0,30201.0,2005.0
3972,"1645 SCHEFFER AVE, ST PAUL, MN, 55116",Match,Non_Exact,"1645 W SCHEFFER AVE, SAINT PAUL, MN, 55116","-93.169820668844,44.921615171253",97646179.0,R,27.0,123.0,36400.0,2011.0
3731,"1438 IOWA AVE W, FALCON HEIGHTS, MN, 55108",Match,Non_Exact,"1438 W IOWA AVE, FALCON HEIGHTS, MN, 55108","-93.160780561987,44.989045837481",97641064.0,L,27.0,123.0,41900.0,2016.0
3852,"1552 ARONA ST, ST PAUL, MN, 55108",Match,Non_Exact,"1552 N ARONA ST, SAINT PAUL, MN, 55108","-93.164254120273,44.987312662571",97641050.0,R,27.0,123.0,30201.0,2006.0
3973,"1627 NILES AVE, ST PAUL, MN, 55116",Match,Non_Exact,"1627 W NILES AVE, SAINT PAUL, MN, 55116","-93.169287162404,44.925240284238",97646156.0,R,27.0,123.0,36400.0,2004.0
3732,"1770 PASCAL ST N, FALCON HEIGHTS, MN, 55113",Match,Non_Exact,"1770 N PASCAL ST, FALCON HEIGHTS, MN, 55113","-93.161615757896,44.994548898434",97640964.0,R,27.0,123.0,41900.0,1011.0
3853,"1549 ALBERT ST N, ST PAUL, MN, 55108",Match,Non_Exact,"1549 N ALBERT ST, SAINT PAUL, MN, 55108","-93.159296164879,44.98728951041",97641081.0,L,27.0,123.0,30201.0,2003.0
3974,"1617 WATSON AVE, ST PAUL, MN, 55116",Match,Non_Exact,"1617 W WATSON AVE, SAINT PAUL, MN, 55116","-93.169113598895,44.924338042233",97646158.0,R,27.0,123.0,36400.0,2005.0
3619,"609 MONTCALM PL, ST PAUL, MN, 55116",Match,Exact,"609 MONTCALM PL, SAINT PAUL, MN, 55116","-93.148239077856,44.922937011698",97662337.0,R,27.0,123.0,36600.0,5003.0
3733,"1415 HOYT AVE W, FALCON HEIGHTS, MN, 55108",Match,Exact,"1415 HOYT AVE W, FALCON HEIGHTS, MN, 55108","-93.159859320197,44.988263790747",97641076.0,R,27.0,123.0,41900.0,2016.0
3854,"1516 SIMPSON ST, ST PAUL, MN, 55108",Match,Exact,"1516 SIMPSON ST, SAINT PAUL, MN, 55108","-93.162990837294,44.986559811466",97641054.0,R,27.0,123.0,30201.0,2005.0
3975,"1596 WATSON AVE, ST PAUL, MN, 55116",Match,Non_Exact,"1596 W WATSON AVE, SAINT PAUL, MN, 55116","-93.168768883207,44.924221013265",97646158.0,L,27.0,123.0,36400.0,2008.0
3618,"4165 MCKNIGHT RD N, WHITE BEAR LAKE, MN, 55110",Match,Exact,"4165 MCKNIGHT RD N, WHITE BEAR LAKE, MN, 55110","-93.005283428171,45.067140616346",97655842.0,R,27.0,123.0,40301.0,2015.0
3734,"1422 IOWA AVE W, FALCON HEIGHTS, MN, 55108",Match,Non_Exact,"1422 W IOWA AVE, FALCON HEIGHTS, MN, 55108","-93.160144564229,44.989052579464",97641064.0,L,27.0,123.0,41900.0,2016.0
3855,"1558 SIMPSON ST, ST PAUL, MN, 55108",Match,Exact,"1558 SIMPSON ST, SAINT PAUL, MN, 55108","-93.162987260921,44.986919232022",97641054.0,R,27.0,123.0,30201.0,2005.0
3976,"1682 BAYARD AVE, ST PAUL, MN, 55116",Match,Non_Exact,"1682 W BAYARD AVE, SAINT PAUL, MN, 55116","-93.171377871375,44.922408712512",97646001.0,L,27.0,123.0,36400.0,2011.0
3617,"2185 COUNTY ROAD F E, WHITE BEAR LAKE, MN, 55110",Match,Non_Exact,"2185 E CO RD F, WHITE BEAR LAKE, MN, 55110","-93.008374435384,45.064734486685",97637248.0,L,27.0,123.0,40301.0,2016.0
3735,"1452 IOWA AVE W, FALCON HEIGHTS, MN, 55108",Match,Non_Exact,"1452 W IOWA AVE, FALCON HEIGHTS, MN, 55108","-93.161337060025,44.989039938247",97641064.0,L,27.0,123.0,41900.0,2016.0
3856,"1556 SIMPSON ST, ST PAUL, MN, 55108",Match,Exact,"1556 SIMPSON ST, SAINT PAUL, MN, 55108","-93.162987431224,44.986902116757",97641054.0,R,27.0,123.0,30201.0,2005.0
3977,"804 COUNTY ROAD I W, SHOREVIEW, MN, 55126",Match,Exact,"804 CO RD I W, SHOREVIEW, MN, 55126","-93.135084949249,45.108088560275",617573537.0,L,27.0,123.0,40707.0,1003.0
3616,"2154 FLORAL DR, WHITE BEAR LAKE, MN, 55110",Match,Exact,"2154 FLORAL DR, WHITE BEAR LAKE, MN, 55110","-93.009814822078,45.065659054175",97637229.0,R,27.0,123.0,40301.0,2016.0
3736,"1870 ROME AVE, ST PAUL, MN, 55116",Match,Non_Exact,"1870 W ROME AVE, SAINT PAUL, MN, 55116","-93.179541012443,44.913382576741",97646057.0,L,27.0,123.0,37500.0,3010.0
3857,"1557 PASCAL ST N, ST PAUL, MN, 55108",Match,Exact,"1557 PASCAL ST N, SAINT PAUL, MN, 55108","-93.161843475282,44.987410132499",97641074.0,L,27.0,123.0,30201.0,2005.0
3978,"1606 WATSON AVE, ST PAUL, MN, 55116",Match,Non_Exact,"1606 W WATSON AVE, SAINT PAUL, MN, 55116","-93.168942047292,44.924222234894",97646158.0,L,27.0,123.0,36400.0,2008.0
3990,"1622 NILES AVE, ST PAUL, MN, 55116",Match,Non_Exact,"1622 W NILES AVE, SAINT PAUL, MN, 55116","-93.169218703323,44.925125449944",97646156.0,L,27.0,123.0,36400.0,2005.0
3870,"7313 SPRING LAKE RD, MOUNDS VIEW, MN, 55112",Match,Exact,"7313 SPRING LAKE RD, MOUNDS VIEW, MN, 55112","-93.224903771289,45.100765853545",97633574.0,R,27.0,123.0,41002.0,1005.0
3991,"1634 BAYARD AVE, ST PAUL, MN, 55116",Match,Non_Exact,"1634 W BAYARD AVE, SAINT PAUL, MN, 55116","-93.169426503422,44.922408183335",97646160.0,L,27.0,123.0,36400.0,2012.0
3750,"3584 WILLOW AVE, WHITE BEAR LAKE, MN, 55110",Match,Exact,"3584 WILLOW AVE, WHITE BEAR LAKE, MN, 55110","-93.025499710408,45.049655781932",97671814.0,R,27.0,123.0,40402.0,1004.0
3871,"2933 COUNTY ROAD H2, MOUNDS VIEW, MN, 55112",Match,Exact,"2933 CO RD H2, MOUNDS VIEW, MN, 55112","-93.223167676172,45.100582109052",97633582.0,R,27.0,123.0,41002.0,1005.0
3992,"1634 HARTFORD AVE, ST PAUL, MN, 55116",Match,Non_Exact,"1634 W HARTFORD AVE, SAINT PAUL, MN, 55116","-93.169331369128,44.923315981592",97646173.0,L,27.0,123.0,36400.0,2009.0
3505,"896 RUTH ST N, ST PAUL, MN, 55119",Match,Exact,"896 RUTH ST N, SAINT PAUL, MN, 55119","-93.015886752188,44.966496282606",97653581.0,R,27.0,123.0,31802.0,3009.0
3626,"1465 SHELDON ST, ST PAUL, MN, 55108",Tie,,,,,,,,,
3748,"7656 SILVER LAKE RD, MOUNDS VIEW, MN, 55112",Match,Exact,"7656 SILVER LAKE RD, MOUNDS VIEW, MN, 55112","-93.219269246305,45.106907025417",97633378.0,L,27.0,123.0,41002.0,1000.0
3869,"7337 SPRING LAKE RD, MOUNDS VIEW, MN, 55112",Match,Exact,"7337 SPRING LAKE RD, MOUNDS VIEW, MN, 55112","-93.224911166346,45.101191601025",97633574.0,R,27.0,123.0,41002.0,1005.0
3504,"2043 MANITOU AVE, ST PAUL, MN, 55119",Match,Exact,"2043 MANITOU AVE, SAINT PAUL, MN, 55119","-93.0148757471,44.967923385883",97653594.0,L,27.0,123.0,31802.0,3003.0
3625,"1391 ARLINGTON AVE W, ST PAUL, MN, 55108",Match,Exact,"1391 ARLINGTON AVE W, SAINT PAUL, MN, 55108","-93.159004172097,44.984653663281",97641120.0,R,27.0,123.0,30201.0,2014.0
3749,"3572 WILLOW AVE, WHITE BEAR LAKE, MN, 55110",Match,Exact,"3572 WILLOW AVE, WHITE BEAR LAKE, MN, 55110","-93.025499710442,45.049405580355",97671814.0,R,27.0,123.0,40402.0,1004.0
3503,"1967 STILLWATER AVE, ST PAUL, MN, 55119",Match,Exact,"1967 STILLWATER AVE, SAINT PAUL, MN, 55119","-93.017398702598,44.968740119551",97653569.0,L,27.0,123.0,31802.0,1013.0
3624,"1395 ARLINGTON AVE W, ST PAUL, MN, 55108",Match,Exact,"1395 ARLINGTON AVE W, SAINT PAUL, MN, 55108","-93.159084530536,44.984652539392",97641120.0,R,27.0,123.0,30201.0,2014.0
3502,"1971 STILLWATER AVE, ST PAUL, MN, 55119",Match,Exact,"1971 STILLWATER AVE, SAINT PAUL, MN, 55119","-93.017232750644,44.968784373399",97653569.0,L,27.0,123.0,31802.0,1013.0
3623,"1338 HILLCREST AVE, ST PAUL, MN, 55116",Match,Non_Exact,"1338 W HILLCREST AVE, SAINT PAUL, MN, 55116","-93.155471955578,44.916931285285",97646954.0,L,27.0,123.0,36600.0,1019.0
3501,"705 MOUNT VERNON AVE E, MAPLEWOOD, MN, 55117",Match,Non_Exact,"705 MT VERNON AVE, MAPLEWOOD, MN, 55117","-93.071091753753,45.0008232855",97649971.0,L,27.0,123.0,42202.0,1012.0
3622,"1333 BOHLAND PL, ST PAUL, MN, 55116",Match,Non_Exact,"1333 W BOHLAND PL, SAINT PAUL, MN, 55116","-93.155418874913,44.916146302974",97646955.0,R,27.0,123.0,36600.0,1019.0
3500,"1915 MINNEHAHA AVE E, ST PAUL, MN, 55119",Match,Exact,"1915 MINNEHAHA AVE E, SAINT PAUL, MN, 55119","-93.019534807926,44.963131287437",97653519.0,L,27.0,123.0,31802.0,3018.0
3621,"1314 HILLCREST AVE, ST PAUL, MN, 55116",Match,Non_Exact,"1314 W HILLCREST AVE, SAINT PAUL, MN, 55116","-93.155279859337,44.916929248916",97646954.0,L,27.0,123.0,36600.0,1019.0
3620,"1309 BOHLAND PL, ST PAUL, MN, 55116",Match,Non_Exact,"1309 W BOHLAND PL, SAINT PAUL, MN, 55116","-93.154932838017,44.916144588524",97646955.0,R,27.0,123.0,36600.0,1019.0
3740,"1872 BOHLAND AVE, ST PAUL, MN, 55116",Match,Exact,"1872 BOHLAND AVE, SAINT PAUL, MN, 55116","-93.17951214645,44.916096368578",97645966.0,L,27.0,123.0,37500.0,3000.0
3861,"1528 PASCAL ST N, ST PAUL, MN, 55108",Match,Exact,"1528 PASCAL ST N, SAINT PAUL, MN, 55108","-93.161689068176,44.986899589888",97641074.0,R,27.0,123.0,30201.0,2004.0
3982,"1650 HARTFORD AVE, ST PAUL, MN, 55116",Match,Non_Exact,"1650 W HARTFORD AVE, SAINT PAUL, MN, 55116","-93.170067291067,44.923319452726",97645999.0,L,27.0,123.0,36400.0,2010.0
3741,"1871 SAUNDERS AVE, ST PAUL, MN, 55116",Match,Non_Exact,"1871 W SAUNDERS AVE, SAINT PAUL, MN, 55116","-93.179430813572,44.914390860912",97646055.0,R,27.0,123.0,37500.0,3009.0
3862,"1529 PASCAL ST N, ST PAUL, MN, 55108",Match,Exact,"1529 PASCAL ST N, SAINT PAUL, MN, 55108","-93.161850700997,44.986926014002",97641074.0,L,27.0,123.0,30201.0,2005.0
3983,"1631 WATSON AVE, ST PAUL, MN, 55116",Match,Non_Exact,"1631 W WATSON AVE, SAINT PAUL, MN, 55116","-93.169356028614,44.924339752512",97646158.0,R,27.0,123.0,36400.0,2005.0
3742,"1941 MONTREAL AVE, ST PAUL, MN, 55116",Match,Non_Exact,"1941 W MONTREAL AVE, SAINT PAUL, MN, 55116","-93.182107550314,44.912581825435",97646041.0,R,27.0,123.0,37500.0,3011.0
3863,"1524 PASCAL ST N, ST PAUL, MN, 55108",Match,Exact,"1524 PASCAL ST N, SAINT PAUL, MN, 55108","-93.161690121926,44.986828989274",97641074.0,R,27.0,123.0,30201.0,2004.0
3984,"1625 BAYARD AVE, ST PAUL, MN, 55116",Match,Non_Exact,"1625 W BAYARD AVE, SAINT PAUL, MN, 55116","-93.169252533174,44.922522162483",97646160.0,R,27.0,123.0,36400.0,2009.0
3743,"1842 BOHLAND AVE, ST PAUL, MN, 55116",Match,Exact,"1842 BOHLAND AVE, SAINT PAUL, MN, 55116","-93.178224641622,44.916093220555",97645966.0,L,27.0,123.0,37500.0,3000.0
3864,"1520 PASCAL ST N, ST PAUL, MN, 55108",Match,Exact,"1520 PASCAL ST N, SAINT PAUL, MN, 55108","-93.161691175677,44.98675838866",97641074.0,R,27.0,123.0,30201.0,2004.0
3985,"1697 BAYARD AVE, ST PAUL, MN, 55116",Match,Non_Exact,"1697 W BAYARD AVE, SAINT PAUL, MN, 55116","-93.17195142757,44.922523303932",97646001.0,R,27.0,123.0,36400.0,2010.0
3509,"1435 MIDWAY PKWY, ST PAUL, MN, 55108",Match,Exact,"1435 MIDWAY PKWY, SAINT PAUL, MN, 55108","-93.158538751322,44.981013620267",647914382.0,R,27.0,123.0,30201.0,4014.0
3744,"1933 ORCHARD LN, WHITE BEAR LAKE, MN, 55110",Match,Exact,"1933 ORCHARD LN, WHITE BEAR LAKE, MN, 55110","-93.018726631804,45.043069275702",97663713.0,L,27.0,123.0,40402.0,1009.0
3865,"1516 PASCAL ST N, ST PAUL, MN, 55108",Match,Exact,"1516 PASCAL ST N, SAINT PAUL, MN, 55108","-93.161692229427,44.986687788046",97641074.0,R,27.0,123.0,30201.0,2004.0
3986,"1655 BAYARD AVE, ST PAUL, MN, 55116",Match,Non_Exact,"1655 W BAYARD AVE, SAINT PAUL, MN, 55116","-93.170230758937,44.922523303813",97646001.0,R,27.0,123.0,36400.0,2010.0
3508,"1331 MURRAY ST, ST PAUL, MN, 55116",Match,Non_Exact,"1331 S MURRAY ST, SAINT PAUL, MN, 55116","-93.186170157156,44.901327369706",97639722.0,R,27.0,123.0,37601.0,2005.0
3629,"1996 NORFOLK AVE, ST PAUL, MN, 55116",Match,Exact,"1996 NORFOLK AVE, SAINT PAUL, MN, 55116","-93.184686065425,44.89891450952",97639730.0,L,27.0,123.0,37601.0,2009.0
3745,"1936 ELM ST, WHITE BEAR LAKE, MN, 55110",Match,Exact,"1936 ELM ST, WHITE BEAR LAKE, MN, 55110","-93.018723950629,45.046581683792",617573588.0,R,27.0,123.0,40402.0,1009.0
3866,"1533 PASCAL ST N, ST PAUL, MN, 55108",Match,Exact,"1533 PASCAL ST N, SAINT PAUL, MN, 55108","-93.161849668752,44.986995173787",97641074.0,L,27.0,123.0,30201.0,2005.0
3987,"1597 WATSON AVE, ST PAUL, MN, 55116",Match,Non_Exact,"1597 W WATSON AVE, SAINT PAUL, MN, 55116","-93.168767270724,44.924335598976",97646158.0,R,27.0,123.0,36400.0,2005.0
3507,"1953 STILLWATER AVE, ST PAUL, MN, 55119",Match,Exact,"1953 STILLWATER AVE, SAINT PAUL, MN, 55119","-93.018133725825,44.968518130353",97653416.0,L,27.0,123.0,31802.0,1011.0
3628,"1445 SHELDON ST, ST PAUL, MN, 55108",Tie,,,,,,,,,
3746,"7658 SILVER LAKE RD, MOUNDS VIEW, MN, 55112",Match,Exact,"7658 SILVER LAKE RD, MOUNDS VIEW, MN, 55112","-93.219269880317,45.10694950461",97633378.0,L,27.0,123.0,41002.0,1000.0
3867,"1532 PASCAL ST N, ST PAUL, MN, 55108",Match,Exact,"1532 PASCAL ST N, SAINT PAUL, MN, 55108","-93.161688014426,44.986970190502",97641074.0,R,27.0,123.0,30201.0,2004.0
3988,"1619 SCHEFFER AVE, ST PAUL, MN, 55116",Match,Non_Exact,"1619 W SCHEFFER AVE, SAINT PAUL, MN, 55116","-93.16873904652,44.921608128084",97646181.0,R,27.0,123.0,36400.0,2012.0
3506,"946 JORDAN AVE, ST PAUL, MN, 55119",Match,Non_Exact,"946 N JORDAN AVE, SAINT PAUL, MN, 55119","-93.017819412808,44.969488335833",97653558.0,R,27.0,123.0,31802.0,1010.0
3627,"1447 SHELDON ST, ST PAUL, MN, 55108",Tie,,,,,,,,,
3747,"7653 GROVELAND RD, MOUNDS VIEW, MN, 55112",Match,Exact,"7653 GROVELAND RD, MOUNDS VIEW, MN, 55112","-93.220984446998,45.106946838278",97633370.0,R,27.0,123.0,41002.0,1000.0
3868,"7347 SPRING LAKE RD, MOUNDS VIEW, MN, 55112",Match,Exact,"7347 SPRING LAKE RD, MOUNDS VIEW, MN, 55112","-93.22491424762,45.101368995808",97633574.0,R,27.0,123.0,41002.0,1005.0
3989,"1601 SCHEFFER AVE, ST PAUL, MN, 55116",Match,Non_Exact,"1601 W SCHEFFER AVE, SAINT PAUL, MN, 55116","-93.167941533986,44.921605303788",97646184.0,R,27.0,123.0,36400.0,2012.0
4410,"2123 JUNO AVE, ST PAUL, MN, 55116",Match,Non_Exact,"2123 W JUNO AVE, SAINT PAUL, MN, 55116","-93.190067590081,44.92620430465",97639534.0,R,27.0,123.0,43001.0,4002.0
4408,"2330 GASTON AVE, WHITE BEAR TOWN, MN, 55110",Match,Non_Exact,"2330 GASTON AVE, WHITE BEAR TOWNSHIP, MN, 55110","-93.002181935133,45.106009872975",97637287.0,R,27.0,123.0,40102.0,2016.0
4409,"1563 ARCADE ST, ST PAUL, MN, 55106",Match,Exact,"1563 ARCADE ST, SAINT PAUL, MN, 55106","-93.066154422548,44.988468626858",97650248.0,L,27.0,123.0,30602.0,5013.0
4400,"684 2ND AVE NW, NEW BRIGHTON, MN, 55112",Match,Exact,"684 2ND AVE NW, NEW BRIGHTON, MN, 55112","-93.18937490604,45.060684833931",97634591.0,L,27.0,123.0,41200.0,1021.0
4401,"618 2ND AVE NW, NEW BRIGHTON, MN, 55112",Match,Exact,"618 2ND AVE NW, NEW BRIGHTON, MN, 55112","-93.189352196952,45.059543694148",97634591.0,L,27.0,123.0,41200.0,1021.0
4402,"640 HIGHWAY 96 W, SHOREVIEW, MN, 55126",Match,Non_Exact,"640 CO RD 96, SHOREVIEW, MN, 55126","-93.12864515575,45.079295621022",97635702.0,L,27.0,123.0,40708.0,2004.0
4403,"660 2ND AVE NW, NEW BRIGHTON, MN, 55112",Match,Exact,"660 2ND AVE NW, NEW BRIGHTON, MN, 55112","-93.18936664819,45.06026987401",97634591.0,L,27.0,123.0,41200.0,1021.0
4404,"672 2ND AVE NW, NEW BRIGHTON, MN, 55112",Match,Exact,"672 2ND AVE NW, NEW BRIGHTON, MN, 55112","-93.189370777115,45.060477353971",97634591.0,L,27.0,123.0,41200.0,1021.0
4405,"2048 ARLINGTON AVE E, ST PAUL, MN, 55119",Match,Exact,"2048 ARLINGTON AVE E, SAINT PAUL, MN, 55119","-93.013844201559,44.984681949481",97653246.0,R,27.0,123.0,30702.0,1009.0
4406,"2056 ARLINGTON AVE E, ST PAUL, MN, 55119",Match,Exact,"2056 ARLINGTON AVE E, SAINT PAUL, MN, 55119","-93.013648383961,44.984682301341",97653246.0,R,27.0,123.0,30702.0,1009.0
4407,"1914 WAGENER PL, ROSEVILLE, MN, 55113",Match,Exact,"1914 WAGENER PL, ROSEVILLE, MN, 55113","-93.107782265613,44.998492584248",649858346.0,R,27.0,123.0,41602.0,2012.0
4420,"1397 PRIOR AVE S, ST PAUL, MN, 55116",Match,Non_Exact,"1397 S PRIOR AVE, SAINT PAUL, MN, 55116","-93.182374815782,44.899067685411",97647313.0,R,27.0,123.0,37601.0,2008.0
4300,"1014 HOYT AVE W, ST PAUL, MN, 55117",Match,Exact,"1014 HOYT AVE W, SAINT PAUL, MN, 55117","-93.143133818038,44.988256854744",97641871.0,L,27.0,123.0,30300.0,4017.0
4421,"1678 NORTH RIDGEWOOD LN W, ROSEVILLE, MN, 55113",Match,Non_Exact,"1678 RIDGEWOOD LN N, ROSEVILLE, MN, 55113","-93.169709422149,45.002074507851",97640879.0,L,27.0,123.0,41301.0,1018.0
4419,"2103 NOKOMIS AVE, ST PAUL, MN, 55119",Match,Exact,"2103 NOKOMIS AVE, SAINT PAUL, MN, 55119","-93.012772298103,44.967451112383",97653604.0,L,27.0,123.0,31802.0,3001.0
4411,"1168 TRANSIT AVE, ROSEVILLE, MN, 55113",Match,Exact,"1168 TRANSIT AVE, ROSEVILLE, MN, 55113","-93.14891082202,45.015321376389",97640602.0,L,27.0,123.0,41400.0,2008.0
4412,"1624 SOUTH RIDGEWOOD LN W, ROSEVILLE, MN, 55113",Match,Non_Exact,"1624 RIDGEWOOD LN S, ROSEVILLE, MN, 55113","-93.169176406814,45.001163527619",97640888.0,L,27.0,123.0,41301.0,1015.0
4413,"1614 SOUTH RIDGEWOOD LN W, ROSEVILLE, MN, 55113",Match,Non_Exact,"1614 RIDGEWOOD LN S, ROSEVILLE, MN, 55113","-93.169017791765,45.001157013641",97640888.0,L,27.0,123.0,41301.0,1015.0
4414,"1831 PLEASANT ST, LAUDERDALE, MN, 55113",Match,Exact,"1831 PLEASANT ST, LAUDERDALE, MN, 55113","-93.199953708403,44.996238670124",97638353.0,L,27.0,123.0,42002.0,2020.0
4415,"2141 NORTONIA AVE, ST PAUL, MN, 55119",Match,Exact,"2141 NORTONIA AVE, SAINT PAUL, MN, 55119","-93.011247260708,44.967383876959",97653637.0,L,27.0,123.0,31802.0,3012.0
4416,"2561 FLANDRAU ST N, MAPLEWOOD, MN, 55109",Match,Non_Exact,"2561 FLANDRAU ST, MAPLEWOOD, MN, 55109","-93.029043822381,45.018337483189",97652113.0,L,27.0,123.0,42401.0,1005.0
4417,"868 ALGONQUIN AVE, ST PAUL, MN, 55119",Match,Non_Exact,"868 N ALGONQUIN AVE, SAINT PAUL, MN, 55119","-93.017909564422,44.967570828987",97653571.0,R,27.0,123.0,31802.0,3005.0
4418,"936 IROQUOIS AVE, ST PAUL, MN, 55119",Match,Exact,"936 IROQUOIS AVE, SAINT PAUL, MN, 55119","-93.016263281749,44.969692935243",97653560.0,R,27.0,123.0,31802.0,1014.0
4430,"2005 KENWOOD DR E, MAPLEWOOD, MN, 55117",Match,Non_Exact,"2005 E KENWOOD DR, MAPLEWOOD, MN, 55117","-93.068533795065,45.00181847408",647914966.0,L,27.0,123.0,42202.0,1017.0
4310,"1814 PHALEN PL N, MAPLEWOOD, MN, 55109",Match,Non_Exact,"1814 PHALEN PL, MAPLEWOOD, MN, 55109","-93.053200786819,44.996244933768",97651054.0,R,27.0,123.0,42302.0,1000.0
4431,"7981 SPRING LAKE PARK RD, SPRING LAKE PARK, MN, 55432",Match,Exact,"7981 SPRING LAKE PARK RD, SPRING LAKE PARK, MN, 55432","-93.224817422399,45.112734860003",616655056.0,L,27.0,123.0,41001.0,2016.0
4311,"894 ARLINGTON AVE W, ST PAUL, MN, 55117",Match,Exact,"894 ARLINGTON AVE W, SAINT PAUL, MN, 55117","-93.136207209513,44.984588669326",97641972.0,L,27.0,123.0,30300.0,2003.0
4432,"7934 FAIRCHILD AVE, MOUNDS VIEW, MN, 55112",Match,Exact,"7934 FAIRCHILD AVE, MOUNDS VIEW, MN, 55112","-93.219286712111,45.112145212112",97633359.0,L,27.0,123.0,41001.0,2010.0
4309,"1115 GORDON AVE E, MAPLEWOOD, MN, 55109",Match,Non_Exact,"1115 GORDON AVE, MAPLEWOOD, MN, 55109","-93.054345608287,44.996193693991",97667597.0,L,27.0,123.0,42302.0,1008.0
4301,"995 MONTANA AVE W, ST PAUL, MN, 55117",Match,Non_Exact,"995 W MONTANA AVE, SAINT PAUL, MN, 55117","-93.142283003496,44.987468551723",97641873.0,R,27.0,123.0,30300.0,4017.0
4422,"4135 MCKNIGHT RD N, WHITE BEAR LAKE, MN, 55110",Match,Exact,"4135 MCKNIGHT RD N, WHITE BEAR LAKE, MN, 55110","-93.005279706509,45.066390960701",97637244.0,L,27.0,123.0,40301.0,2015.0
4302,"1004 HOYT AVE W, ST PAUL, MN, 55117",Match,Exact,"1004 HOYT AVE W, SAINT PAUL, MN, 55117","-93.142712885021,44.988255118909",97641871.0,L,27.0,123.0,30300.0,4017.0
4423,"2124 FLORAL DR, WHITE BEAR LAKE, MN, 55110",Match,Exact,"2124 FLORAL DR, WHITE BEAR LAKE, MN, 55110","-93.011017170736,45.065666673146",97637190.0,R,27.0,123.0,40301.0,2011.0
4303,"1001 MONTANA AVE W, ST PAUL, MN, 55117",Match,Non_Exact,"1001 W MONTANA AVE, SAINT PAUL, MN, 55117","-93.14249948449,44.987470337149",97641873.0,R,27.0,123.0,30300.0,4017.0
4424,"2208 HENDRY PL N, MAPLEWOOD, MN, 55117",Match,Non_Exact,"2208 HENDRY PL, MAPLEWOOD, MN, 55117","-93.078542792697,45.008025790635",97649451.0,R,27.0,123.0,42202.0,5007.0
4304,"1010 HOYT AVE W, ST PAUL, MN, 55117",Match,Exact,"1010 HOYT AVE W, SAINT PAUL, MN, 55117","-93.142965444831,44.98825616041",97641871.0,L,27.0,123.0,30300.0,4017.0
4425,"1937 KENWOOD DR W, MAPLEWOOD, MN, 55117",Match,Non_Exact,"1937 W KENWOOD DR, MAPLEWOOD, MN, 55117","-93.069988380099,44.99922610782",97649972.0,L,27.0,123.0,42202.0,1011.0
4305,"833 MARYLAND AVE W, ST PAUL, MN, 55117",Match,Exact,"833 MARYLAND AVE W, SAINT PAUL, MN, 55117","-93.132535562511,44.977444306287",652845904.0,R,27.0,123.0,30300.0,2026.0
4426,"1583 EDGCUMBE RD, ST PAUL, MN, 55116",Match,Exact,"1583 EDGCUMBE RD, SAINT PAUL, MN, 55116","-93.152171420056,44.917024048764",97647026.0,R,27.0,123.0,36600.0,1012.0
4306,"820 WHEELOCK PKWY W, ST PAUL, MN, 55117",Match,Non_Exact,"820 W WHEELOCK PKWY, SAINT PAUL, MN, 55117","-93.134203883299,44.978220378112",97642335.0,L,27.0,123.0,30300.0,2026.0
4427,"1326 CLEVELAND AVE S, ST PAUL, MN, 55116",Match,Non_Exact,"1326 S CLEVELAND AVE, SAINT PAUL, MN, 55116","-93.187315034403,44.901470422538",97639720.0,L,27.0,123.0,37601.0,2005.0
4307,"1228 VICTORIA ST N, ST PAUL, MN, 55117",Match,Non_Exact,"1228 N VICTORIA ST, SAINT PAUL, MN, 55117","-93.135290038716,44.978522219253",619859823.0,R,27.0,123.0,30300.0,2024.0
4428,"1327 PRIOR AVE S, ST PAUL, MN, 55116",Match,Non_Exact,"1327 S PRIOR AVE, SAINT PAUL, MN, 55116","-93.18237867268,44.901366074056",97647310.0,R,27.0,123.0,37601.0,2008.0
4308,"1224 VICTORIA ST N, ST PAUL, MN, 55117",Match,Non_Exact,"1224 N VICTORIA ST, SAINT PAUL, MN, 55117","-93.13529154492,44.978404736607",619859823.0,R,27.0,123.0,30300.0,2024.0
4429,"1671 SCHEFFER AVE, ST PAUL, MN, 55116",Match,Non_Exact,"1671 W SCHEFFER AVE, SAINT PAUL, MN, 55116","-93.170885846715,44.921618948554",97646179.0,R,27.0,123.0,36400.0,2011.0
4440,"1531 ASBURY ST, ST PAUL, MN, 55108",Match,Non_Exact,"1531 N ASBURY ST, SAINT PAUL, MN, 55108","-93.165694617917,44.986924493754",97641000.0,L,27.0,123.0,30201.0,2008.0
4320,"1111 GORDON AVE E, MAPLEWOOD, MN, 55109",Match,Non_Exact,"1111 GORDON AVE, MAPLEWOOD, MN, 55109","-93.054371091907,44.996205881813",97667597.0,L,27.0,123.0,42302.0,1008.0
4441,"1503 HOLTON ST, ST PAUL, MN, 55108",Match,Non_Exact,"1503 N HOLTON ST, SAINT PAUL, MN, 55108","-93.160598329112,44.986485074842",97641075.0,L,27.0,123.0,30201.0,2004.0
4200,"878 ARLINGTON AVE W, ST PAUL, MN, 55117",Match,Exact,"878 ARLINGTON AVE W, SAINT PAUL, MN, 55117","-93.135945681405,44.984586821052",97641972.0,L,27.0,123.0,30300.0,2003.0
4321,"1784 PHALEN PL N, MAPLEWOOD, MN, 55109",Match,Non_Exact,"1784 PHALEN PL, MAPLEWOOD, MN, 55109","-93.053154002005,44.994973658203",97660358.0,R,27.0,123.0,42302.0,1010.0
4442,"1512 ASBURY ST, ST PAUL, MN, 55108",Match,Non_Exact,"1512 N ASBURY ST, SAINT PAUL, MN, 55108","-93.165537780363,44.986507479619",97641000.0,R,27.0,123.0,30201.0,2007.0
4201,"884 ARLINGTON AVE W, ST PAUL, MN, 55117",Match,Exact,"884 ARLINGTON AVE W, SAINT PAUL, MN, 55117","-93.136043754446,44.984587514155",97641972.0,L,27.0,123.0,30300.0,2003.0
4322,"1113 GORDON AVE E, MAPLEWOOD, MN, 55109",Match,Non_Exact,"1113 GORDON AVE, MAPLEWOOD, MN, 55109","-93.054358350097,44.996199787902",97667597.0,L,27.0,123.0,42302.0,1008.0
4443,"1536 ASBURY ST, ST PAUL, MN, 55108",Match,Non_Exact,"1536 N ASBURY ST, SAINT PAUL, MN, 55108","-93.165535225815,44.986712862987",97641000.0,R,27.0,123.0,30201.0,2007.0
4312,"1566 HIGHWAY 96 E, WHITE BEAR TOWN, MN, 55110",Match,Non_Exact,"1566 HWY 96 E, WHITE BEAR TOWNSHIP, MN, 55110","-93.033601381879,45.079134426002",97636557.0,R,27.0,123.0,40503.0,1004.0
4433,"1402 CALIFORNIA AVE W, FALCON HEIGHTS, MN, 55108",Match,Non_Exact,"1402 CALIFORNIA AVE, FALCON HEIGHTS, MN, 55108","-93.159311707195,44.99084359019",97641060.0,L,27.0,123.0,41900.0,2013.0
4313,"4544 OTTER LAKE RD, WHITE BEAR TOWN, MN, 55110",Match,Non_Exact,"4544 OTTER LAKE RD, WHITE BEAR TOWNSHIP, MN, 55110","-93.035674161116,45.07871049709",97666314.0,R,27.0,123.0,40503.0,1004.0
4434,"1616 NORTH RIDGEWOOD LN W, ROSEVILLE, MN, 55113",Match,Non_Exact,"1616 RIDGEWOOD LN N, ROSEVILLE, MN, 55113","-93.16882267873,45.002058700708",97640879.0,L,27.0,123.0,41301.0,1018.0
4314,"4510 OTTER LAKE RD, WHITE BEAR TOWN, MN, 55110",Match,Non_Exact,"4510 OTTER LAKE RD, WHITE BEAR TOWNSHIP, MN, 55110","-93.035674162665,45.077864366624",97666313.0,R,27.0,123.0,40503.0,1004.0
4435,"1630 NORTH RIDGEWOOD LN W, ROSEVILLE, MN, 55113",Match,Non_Exact,"1630 RIDGEWOOD LN N, ROSEVILLE, MN, 55113","-93.169022386347,45.002058700722",97640879.0,L,27.0,123.0,41301.0,1018.0
4315,"4520 OTTER LAKE RD, WHITE BEAR TOWN, MN, 55110",Match,Non_Exact,"4520 OTTER LAKE RD, WHITE BEAR TOWNSHIP, MN, 55110","-93.035674162609,45.078270461384",97666313.0,R,27.0,123.0,40503.0,1004.0
4436,"1675 SOUTH RIDGEWOOD LN W, ROSEVILLE, MN, 55113",Match,Non_Exact,"1675 RIDGEWOOD LN S, ROSEVILLE, MN, 55113","-93.169960085462,45.001310496187",97640888.0,R,27.0,123.0,41301.0,1018.0
4316,"1541 PARK AVE, WHITE BEAR TOWN, MN, 55110",Match,Non_Exact,"1541 PARK AVE, WHITE BEAR TOWNSHIP, MN, 55110","-93.035346601244,45.077458922778",97662137.0,R,27.0,123.0,40503.0,1004.0
4437,"2023 SNELLING AVE N, ROSEVILLE, MN, 55113",Match,Non_Exact,"2023 SNELLING DR, ROSEVILLE, MN, 55113","-93.166905384824,45.001915688557",97640881.0,L,27.0,123.0,41301.0,1013.0
4317,"1109 GORDON AVE E, MAPLEWOOD, MN, 55109",Match,Non_Exact,"1109 GORDON AVE, MAPLEWOOD, MN, 55109","-93.054383833717,44.996211975725",97667597.0,L,27.0,123.0,42302.0,1008.0
4438,"1561 OSCEOLA AVE, ST PAUL, MN, 55105",Match,Exact,"1561 OSCEOLA AVE, SAINT PAUL, MN, 55105","-93.165769626267,44.936158514659",97645812.0,R,27.0,123.0,35200.0,3004.0
4318,"1771 EDWARD ST N, MAPLEWOOD, MN, 55109",Match,Non_Exact,"1771 EDWARD ST, MAPLEWOOD, MN, 55109","-93.052108328102,44.994877025328",97651070.0,L,27.0,123.0,42302.0,1010.0
4439,"1514 ARONA ST, ST PAUL, MN, 55108",Match,Non_Exact,"1514 N ARONA ST, SAINT PAUL, MN, 55108","-93.164265560988,44.986655643718",97641050.0,R,27.0,123.0,30201.0,2006.0
4319,"1776 PHALEN PL N, MAPLEWOOD, MN, 55109",Match,Non_Exact,"1776 PHALEN PL, MAPLEWOOD, MN, 55109","-93.053162102339,44.994756570024",97660358.0,R,27.0,123.0,42302.0,1010.0
4450,"1862 KOHLMAN AVE E, MAPLEWOOD, MN, 55109",Match,Non_Exact,"1862 E KOHLMAN AVE, MAPLEWOOD, MN, 55109","-93.021094838873,45.0226503605",97652131.0,R,27.0,123.0,42401.0,4002.0
4330,"1447 BLAIR AVE, ST PAUL, MN, 55104",Match,Non_Exact,"1447 W BLAIR AVE, SAINT PAUL, MN, 55104","-93.161360564473,44.961164350806",97641581.0,R,27.0,123.0,32200.0,3004.0
4451,"8330 GROVELAND RD, MOUNDS VIEW, MN, 55112",Match,Exact,"8330 GROVELAND RD, MOUNDS VIEW, MN, 55112","-93.221349808115,45.119068760233",97633330.0,L,27.0,123.0,41001.0,2002.0
4210,"890 PARKVIEW AVE, ST PAUL, MN, 55117",Match,Non_Exact,"890 W PARKVIEW AVE, SAINT PAUL, MN, 55117","-93.137140854878,44.983432543826",97641932.0,L,27.0,123.0,30300.0,4032.0
4331,"1417 BLAIR AVE, ST PAUL, MN, 55104",Match,Non_Exact,"1417 W BLAIR AVE, SAINT PAUL, MN, 55104","-93.16011294704,44.961173075318",97641581.0,R,27.0,123.0,32200.0,3004.0
4452,"3313 LAKE JOHANNA BLVD, ARDEN HILLS, MN, 55112",Match,Exact,"3313 LAKE JOHANNA BLVD, ARDEN HILLS, MN, 55112","-93.177620106145,45.041428681329",97639792.0,L,27.0,123.0,40805.0,3002.0
4211,"900 ARLINGTON AVE W, ST PAUL, MN, 55117",Match,Non_Exact,"900 W ARLINGTON AVE, SAINT PAUL, MN, 55117","-93.138213404435,44.984598789364",97641970.0,L,27.0,123.0,30300.0,4031.0
4332,"1443 BLAIR AVE, ST PAUL, MN, 55104",Match,Non_Exact,"1443 W BLAIR AVE, SAINT PAUL, MN, 55104","-93.161194215482,44.961165514074",97641581.0,R,27.0,123.0,32200.0,3004.0
4453,"1400 SKILES LN, ARDEN HILLS, MN, 55112",Match,Exact,"1400 SKILES LN, ARDEN HILLS, MN, 55112","-93.160453968282,45.046395904275",97639864.0,L,27.0,123.0,40804.0,1001.0
4212,"862 ARLINGTON AVE W, ST PAUL, MN, 55117",Match,Exact,"862 ARLINGTON AVE W, SAINT PAUL, MN, 55117","-93.135684153298,44.984584972778",97641972.0,L,27.0,123.0,30300.0,2003.0
4333,"3006 16TH ST NW, NEW BRIGHTON, MN, 55112",Match,Exact,"3006 16TH ST NW, NEW BRIGHTON, MN, 55112","-93.225683940214,45.075220255253",97633845.0,R,27.0,123.0,41104.0,2002.0
4454,"3447 GLENARDEN RD, ARDEN HILLS, MN, 55112",Match,Exact,"3447 GLENARDEN RD, ARDEN HILLS, MN, 55112","-93.158348503636,45.044804529085",97662208.0,L,27.0,123.0,40804.0,1001.0
4202,"892 ARLINGTON AVE W, ST PAUL, MN, 55117",Match,Exact,"892 ARLINGTON AVE W, SAINT PAUL, MN, 55117","-93.1361745185,44.984588438291",97641972.0,L,27.0,123.0,30300.0,2003.0
4323,"1790 PHALEN PL N, MAPLEWOOD, MN, 55109",Match,Non_Exact,"1790 PHALEN PL, MAPLEWOOD, MN, 55109","-93.053151764836,44.995200967169",97660587.0,R,27.0,123.0,42302.0,1010.0
4444,"1548 ARONA ST, ST PAUL, MN, 55108",Match,Non_Exact,"1548 N ARONA ST, SAINT PAUL, MN, 55108","-93.164255324558,44.987243502692",97641050.0,R,27.0,123.0,30201.0,2006.0
4203,"899 PARKVIEW AVE, ST PAUL, MN, 55117",Match,Non_Exact,"899 W PARKVIEW AVE, SAINT PAUL, MN, 55117","-93.137772827981,44.983550274432",97641932.0,R,27.0,123.0,30300.0,4031.0
4324,"1789 EDWARD ST N, MAPLEWOOD, MN, 55109",Match,Non_Exact,"1789 EDWARD ST, MAPLEWOOD, MN, 55109","-93.052108328092,44.994949472817",97651070.0,L,27.0,123.0,42302.0,1010.0
4445,"1545 SIMPSON ST, ST PAUL, MN, 55108",Match,Exact,"1545 SIMPSON ST, SAINT PAUL, MN, 55108","-93.163146644029,44.98718445183",97641054.0,L,27.0,123.0,30201.0,2006.0
4204,"895 PARKVIEW AVE, ST PAUL, MN, 55117",Match,Non_Exact,"895 W PARKVIEW AVE, SAINT PAUL, MN, 55117","-93.1376872726,44.983549849834",97641932.0,R,27.0,123.0,30300.0,4031.0
4325,"1654 VALERIE LN, NEW BRIGHTON, MN, 55112",Match,Exact,"1654 VALERIE LN, NEW BRIGHTON, MN, 55112","-93.226205742802,45.076137746538",97666527.0,L,27.0,123.0,41104.0,2002.0
4446,"1543 HOLTON ST, ST PAUL, MN, 55108",Match,Non_Exact,"1543 N HOLTON ST, SAINT PAUL, MN, 55108","-93.160594888243,44.987176670378",97641075.0,L,27.0,123.0,30201.0,2004.0
4205,"896 PARKVIEW AVE, ST PAUL, MN, 55117",Match,Non_Exact,"896 W PARKVIEW AVE, SAINT PAUL, MN, 55117","-93.137220816253,44.983432940662",97641932.0,L,27.0,123.0,30300.0,4032.0
4326,"3044 16TH ST NW, NEW BRIGHTON, MN, 55112",Match,Exact,"3044 16TH ST NW, NEW BRIGHTON, MN, 55112","-93.226369620053,45.075211994097",97633845.0,R,27.0,123.0,41104.0,2002.0
4447,"2654 VAN DYKE ST N, MAPLEWOOD, MN, 55109",Match,Non_Exact,"2654 N VAN DYKE ST, MAPLEWOOD, MN, 55109","-93.022222585406,45.021849090866",97652129.0,R,27.0,123.0,42401.0,4002.0
4206,"903 PARKVIEW AVE, ST PAUL, MN, 55117",Match,Non_Exact,"903 W PARKVIEW AVE, SAINT PAUL, MN, 55117","-93.137858383362,44.983550699031",97641932.0,R,27.0,123.0,30300.0,4031.0
4327,"3052 16TH ST NW, NEW BRIGHTON, MN, 55112",Match,Exact,"3052 16TH ST NW, NEW BRIGHTON, MN, 55112","-93.226513973704,45.075210254906",97633845.0,R,27.0,123.0,41104.0,2002.0
4448,"2666 VAN DYKE ST N, MAPLEWOOD, MN, 55109",Match,Non_Exact,"2666 N VAN DYKE ST, MAPLEWOOD, MN, 55109","-93.022225172642,45.022065386267",97652129.0,R,27.0,123.0,42401.0,4002.0
4207,"891 PARKVIEW AVE, ST PAUL, MN, 55117",Match,Non_Exact,"891 W PARKVIEW AVE, SAINT PAUL, MN, 55117","-93.137601717219,44.983549425235",97641932.0,R,27.0,123.0,30300.0,4031.0
4328,"1442 VAN BUREN AVE, ST PAUL, MN, 55104",Match,Non_Exact,"1442 W VAN BUREN AVE, SAINT PAUL, MN, 55104","-93.161199134368,44.961950927277",97641579.0,L,27.0,123.0,32200.0,3004.0
4449,"1896 KOHLMAN AVE E, MAPLEWOOD, MN, 55109",Match,Non_Exact,"1896 E KOHLMAN AVE, MAPLEWOOD, MN, 55109","-93.02047126751,45.022654798688",97652131.0,R,27.0,123.0,42401.0,4002.0
4208,"908 PARKVIEW AVE, ST PAUL, MN, 55117",Match,Non_Exact,"908 W PARKVIEW AVE, SAINT PAUL, MN, 55117","-93.137380739004,44.983433734334",97641932.0,L,27.0,123.0,30300.0,4032.0
4329,"1434 VAN BUREN AVE, ST PAUL, MN, 55104",Match,Non_Exact,"1434 W VAN BUREN AVE, SAINT PAUL, MN, 55104","-93.160865195365,44.961953254355",97641579.0,L,27.0,123.0,32200.0,3004.0
4209,"874 ARLINGTON AVE W, ST PAUL, MN, 55117",Match,Exact,"874 ARLINGTON AVE W, SAINT PAUL, MN, 55117","-93.135880299379,44.984586358984",97641972.0,L,27.0,123.0,30300.0,2003.0
4460,"1706 ST ALBANS ST N, ROSEVILLE, MN, 55113",Match,Non_Exact,"1706 N ST ALBANS ST, ROSEVILLE, MN, 55113","-93.128562867466,44.991979826152",97643375.0,R,27.0,123.0,41700.0,4000.0
4340,"4480 OTTER LAKE RD, WHITE BEAR TOWN, MN, 55110",Match,Non_Exact,"4480 OTTER LAKE RD, WHITE BEAR TOWNSHIP, MN, 55110","-93.035432745805,45.076826501537",97636549.0,R,27.0,123.0,40503.0,1003.0
4461,"2533 FLANDRAU ST N, MAPLEWOOD, MN, 55109",Match,Non_Exact,"2533 FLANDRAU ST, MAPLEWOOD, MN, 55109","-93.029040742164,45.017845869764",97652113.0,L,27.0,123.0,42401.0,1005.0
4220,"912 MILLWOOD AVE, ROSEVILLE, MN, 55113",Match,Exact,"912 MILLWOOD AVE, ROSEVILLE, MN, 55113","-93.138761509311,45.029792185645",649686880.0,L,27.0,123.0,41500.0,2014.0
4341,"4488 OTTER LAKE RD, WHITE BEAR TOWN, MN, 55110",Match,Non_Exact,"4488 OTTER LAKE RD, WHITE BEAR TOWNSHIP, MN, 55110","-93.035526965595,45.076944188752",97636549.0,R,27.0,123.0,40503.0,1003.0
4462,"1612 COUNTY ROAD C E, MAPLEWOOD, MN, 55109",Match,Exact,"1612 CO RD C E, MAPLEWOOD, MN, 55109","-93.032708478508,45.020767870329",647901773.0,R,27.0,123.0,42401.0,1005.0
4100,"2358 SOUTH AVE E, NORTH ST PAUL, MN, 55109",No_Match,,,,,,,,,
4221,"907 COUNTY ROAD C2 W, ROSEVILLE, MN, 55113",Match,Exact,"907 CO RD C2 W, ROSEVILLE, MN, 55113","-93.139966232542,45.027925586038",97671369.0,R,27.0,123.0,41500.0,2014.0
4342,"4484 OTTER LAKE RD, WHITE BEAR TOWN, MN, 55110",Match,Non_Exact,"4484 OTTER LAKE RD, WHITE BEAR TOWNSHIP, MN, 55110","-93.0354798557,45.076885345144",97636549.0,R,27.0,123.0,40503.0,1003.0
4463,"1628 COUNTY ROAD C E, MAPLEWOOD, MN, 55109",Match,Exact,"1628 CO RD C E, MAPLEWOOD, MN, 55109","-93.032029642345,45.020765778336",647901773.0,R,27.0,123.0,42401.0,1005.0
4101,"2090 ARLINGTON AVE E, ST PAUL, MN, 55119",Match,Exact,"2090 ARLINGTON AVE E, SAINT PAUL, MN, 55119","-93.012816159171,44.984683796746",97653246.0,R,27.0,123.0,30702.0,1009.0
4222,"1299 IDAHO AVE W, ST PAUL, MN, 55108",Match,Exact,"1299 IDAHO AVE W, SAINT PAUL, MN, 55108","-93.154725989139,44.990120968737",97641753.0,R,27.0,123.0,30201.0,1002.0
4343,"7685 GROVELAND RD, MOUNDS VIEW, MN, 55112",Match,Exact,"7685 GROVELAND RD, MOUNDS VIEW, MN, 55112","-93.220992985404,45.107521763077",97633370.0,R,27.0,123.0,41002.0,1000.0
4464,"2587 FLANDRAU ST N, MAPLEWOOD, MN, 55109",Match,Non_Exact,"2587 FLANDRAU ST, MAPLEWOOD, MN, 55109","-93.029046682582,45.01879398137",97652113.0,L,27.0,123.0,42401.0,1005.0
4102,"2093 SHERWOOD AVE, ST PAUL, MN, 55119",Match,Exact,"2093 SHERWOOD AVE, SAINT PAUL, MN, 55119","-93.01277232242,44.983893667423",97653280.0,L,27.0,123.0,30702.0,1009.0
4223,"1840 CHANDLER AVE, ROSEVILLE, MN, 55113",Match,Exact,"1840 CHANDLER AVE, ROSEVILLE, MN, 55113","-93.121875102185,44.996619935764",97643405.0,R,27.0,123.0,41602.0,3001.0
4344,"7690 SILVER LAKE RD, MOUNDS VIEW, MN, 55112",Match,Exact,"7690 SILVER LAKE RD, MOUNDS VIEW, MN, 55112","-93.219280024506,45.107629171691",97633378.0,L,27.0,123.0,41002.0,1000.0
4465,"2607 FLANDRAU ST N, MAPLEWOOD, MN, 55109",Match,Non_Exact,"2607 FLANDRAU ST, MAPLEWOOD, MN, 55109","-93.029048882736,45.019145133816",97652113.0,L,27.0,123.0,42401.0,1005.0
4213,"3075 WOODBRIDGE ST, ROSEVILLE, MN, 55113",Match,Exact,"3075 WOODBRIDGE ST, ROSEVILLE, MN, 55113","-93.108360484168,45.033817822702",97642698.0,L,27.0,123.0,41601.0,1000.0
4334,"2973 VALERIE LN, NEW BRIGHTON, MN, 55112",No_Match,,,,,,,,,
4455,"1532 ARDEN PL, ARDEN HILLS, MN, 55112",Match,Exact,"1532 ARDEN PL, ARDEN HILLS, MN, 55112","-93.165017830444,45.046537036992",97639840.0,L,27.0,123.0,40804.0,1007.0
4214,"3054 WOODBRIDGE ST, ROSEVILLE, MN, 55113",Match,Exact,"3054 WOODBRIDGE ST, ROSEVILLE, MN, 55113","-93.10819304004,45.033224788508",97642698.0,R,27.0,123.0,41601.0,1007.0
4335,"3049 VALERIE LN, NEW BRIGHTON, MN, 55112",No_Match,,,,,,,,,
4456,"1454 SKILES LN, ARDEN HILLS, MN, 55112",Match,Exact,"1454 SKILES LN, ARDEN HILLS, MN, 55112","-93.162871812809,45.045908061572",97639866.0,L,27.0,123.0,40804.0,1007.0
4215,"1472 HAMLINE AVE N, ST PAUL, MN, 55108",Match,Exact,"1472 HAMLINE AVE N, SAINT PAUL, MN, 55108","-93.156575606135,44.985914845916",97641750.0,R,27.0,123.0,30201.0,2016.0
4336,"2952 16TH ST NW, NEW BRIGHTON, MN, 55112",Match,Exact,"2952 16TH ST NW, NEW BRIGHTON, MN, 55112","-93.224709553073,45.075231994791",97633845.0,R,27.0,123.0,41104.0,2002.0
4457,"3531 RIDGEWOOD CT, ARDEN HILLS, MN, 55112",Match,Exact,"3531 RIDGEWOOD CT, ARDEN HILLS, MN, 55112","-93.16514539404,45.048387923499",97688397.0,L,27.0,123.0,40804.0,1006.0
4216,"3034 WOODBRIDGE ST, ROSEVILLE, MN, 55113",Match,Exact,"3034 WOODBRIDGE ST, ROSEVILLE, MN, 55113","-93.108187738719,45.032631031271",97642698.0,R,27.0,123.0,41601.0,1007.0
4337,"2953 VALERIE LN, NEW BRIGHTON, MN, 55112",No_Match,,,,,,,,,
4458,"3558 RIDGEWOOD CT, ARDEN HILLS, MN, 55112",Match,Exact,"3558 RIDGEWOOD CT, ARDEN HILLS, MN, 55112","-93.165131393509,45.048908063055",97688397.0,R,27.0,123.0,40804.0,1006.0
4217,"3061 RICE ST, ROSEVILLE, MN, 55113",Match,Exact,"3061 RICE ST, ROSEVILLE, MN, 55113","-93.106268768738,45.033343033948",97643044.0,L,27.0,123.0,41601.0,1007.0
4338,"2972 16TH ST NW, NEW BRIGHTON, MN, 55112",Match,Exact,"2972 16TH ST NW, NEW BRIGHTON, MN, 55112","-93.225070437199,45.075227646814",97633845.0,R,27.0,123.0,41104.0,2002.0
4459,"3464 SIEMS CT, ARDEN HILLS, MN, 55112",Match,Exact,"3464 SIEMS CT, ARDEN HILLS, MN, 55112","-93.166638575529,45.046256033163",97639839.0,R,27.0,123.0,40804.0,1007.0
4218,"445 GLENWOOD AVE, ROSEVILLE, MN, 55113",Match,Non_Exact,"445 W GLENWOOD AVE, ROSEVILLE, MN, 55113","-93.118558547062,44.996313654409",97643557.0,R,27.0,123.0,41602.0,3001.0
4339,"7638 SILVER LAKE RD, MOUNDS VIEW, MN, 55112",Match,Exact,"7638 SILVER LAKE RD, MOUNDS VIEW, MN, 55112","-93.219263540199,45.106524712684",97633378.0,L,27.0,123.0,41002.0,1000.0
4219,"915 COUNTY ROAD C2 W, ROSEVILLE, MN, 55113",Match,Exact,"915 CO RD C2 W, ROSEVILLE, MN, 55113","-93.140145620202,45.027927140873",97671369.0,R,27.0,123.0,41500.0,2014.0
4470,"8160 GROVELAND RD, MOUNDS VIEW, MN, 55112",Match,Exact,"8160 GROVELAND RD, MOUNDS VIEW, MN, 55112","-93.22133503101,45.116320563162",97633346.0,L,27.0,123.0,41001.0,2009.0
4350,"1410 VAN BUREN AVE, ST PAUL, MN, 55104",Match,Non_Exact,"1410 W VAN BUREN AVE, SAINT PAUL, MN, 55104","-93.159863378356,44.96196023559",97641579.0,L,27.0,123.0,32200.0,3004.0
4471,"8421 SPRING LAKE RD, MOUNDS VIEW, MN, 55112",Match,Exact,"8421 SPRING LAKE RD, MOUNDS VIEW, MN, 55112","-93.224964974184,45.122085833613",97633295.0,R,27.0,123.0,41001.0,2003.0
4230,"1670 SCHEFFER AVE, ST PAUL, MN, 55116",Match,Non_Exact,"1670 W SCHEFFER AVE, SAINT PAUL, MN, 55116","-93.170886657207,44.921504358602",97646179.0,L,27.0,123.0,36400.0,2014.0
4351,"1450 VAN BUREN AVE, ST PAUL, MN, 55104",Match,Non_Exact,"1450 W VAN BUREN AVE, SAINT PAUL, MN, 55104","-93.161533073371,44.961948600199",97641579.0,L,27.0,123.0,32200.0,3004.0
4472,"8289 SPRING LAKE RD, MOUNDS VIEW, MN, 55112",Match,Exact,"8289 SPRING LAKE RD, MOUNDS VIEW, MN, 55112","-93.224909957936,45.118601440039",97633295.0,R,27.0,123.0,41001.0,2003.0
4110,"2105 1ST ST N, NORTH ST PAUL, MN, 55109",Match,Exact,"2105 1ST ST N, NORTH ST PAUL, MN, 55109","-92.997466719629,45.005133255821",656770959.0,L,27.0,123.0,42700.0,5005.0
4231,"462 HILLTOP AVE, ROSEVILLE, MN, 55113",Match,Non_Exact,"462 W HILLTOP AVE, ROSEVILLE, MN, 55113","-93.119894956586,44.997096790504",97643552.0,L,27.0,123.0,41602.0,3001.0
4352,"1429 BLAIR AVE, ST PAUL, MN, 55104",Match,Non_Exact,"1429 W BLAIR AVE, SAINT PAUL, MN, 55104","-93.160611994013,44.961169585513",97641581.0,R,27.0,123.0,32200.0,3004.0
4473,"8270 SPRING LAKE RD, MOUNDS VIEW, MN, 55112",Match,Exact,"8270 SPRING LAKE RD, MOUNDS VIEW, MN, 55112","-93.22506233612,45.117966637267",97633295.0,L,27.0,123.0,41001.0,2005.0
4111,"2480 BELMONT LN E, NORTH ST PAUL, MN, 55109",Match,Exact,"2480 BELMONT LN E, NORTH ST PAUL, MN, 55109","-92.995458334918,45.005022079646",97662745.0,R,27.0,123.0,42700.0,2005.0
4232,"892 MILLWOOD AVE, ROSEVILLE, MN, 55113",Match,Exact,"892 MILLWOOD AVE, ROSEVILLE, MN, 55113","-93.137985960857,45.029787198141",649686880.0,L,27.0,123.0,41500.0,2014.0
4353,"1414 VAN BUREN AVE, ST PAUL, MN, 55104",Match,Non_Exact,"1414 W VAN BUREN AVE, SAINT PAUL, MN, 55104","-93.160030347857,44.961959072051",97641579.0,L,27.0,123.0,32200.0,3004.0
4474,"8192 GROVELAND RD, MOUNDS VIEW, MN, 55112",Match,Exact,"8192 GROVELAND RD, MOUNDS VIEW, MN, 55112","-93.221332528564,45.116675903507",97633346.0,L,27.0,123.0,41001.0,2009.0
4112,"2493 SKILLMAN AVE E, NORTH ST PAUL, MN, 55109",Match,Exact,"2493 SKILLMAN AVE E, NORTH ST PAUL, MN, 55109","-92.995129160105,45.003016033454",97671227.0,L,27.0,123.0,42700.0,2005.0
4233,"1655 ELEANOR AVE, ST PAUL, MN, 55116",Match,Non_Exact,"1655 W ELEANOR AVE, SAINT PAUL, MN, 55116","-93.170965706682,44.920706161076",97646025.0,R,27.0,123.0,36400.0,2014.0
4354,"1418 VAN BUREN AVE, ST PAUL, MN, 55104",Match,Non_Exact,"1418 W VAN BUREN AVE, SAINT PAUL, MN, 55104","-93.160197317359,44.961957908512",97641579.0,L,27.0,123.0,32200.0,3004.0
4475,"8290 SPRING LAKE RD, MOUNDS VIEW, MN, 55112",Match,Exact,"8290 SPRING LAKE RD, MOUNDS VIEW, MN, 55112","-93.225071544266,45.118549825056",97633295.0,L,27.0,123.0,41001.0,2005.0
4113,"931 WILDER ST S, ST PAUL, MN, 55116",Match,Non_Exact,"931 S WILDER ST, SAINT PAUL, MN, 55116","-93.184243936,44.913470693029",97639679.0,R,27.0,123.0,37500.0,3012.0
4234,"1685 ELEANOR AVE, ST PAUL, MN, 55116",Match,Non_Exact,"1685 W ELEANOR AVE, SAINT PAUL, MN, 55116","-93.171693107094,44.920711319995",97646025.0,R,27.0,123.0,36400.0,2014.0
4355,"1411 BLAIR AVE, ST PAUL, MN, 55104",Match,Non_Exact,"1411 W BLAIR AVE, SAINT PAUL, MN, 55104","-93.159863423553,44.961174820221",97641581.0,R,27.0,123.0,32200.0,3004.0
4476,"8340 SPRING LAKE RD, MOUNDS VIEW, MN, 55112",Match,Exact,"8340 SPRING LAKE RD, MOUNDS VIEW, MN, 55112","-93.22509456463,45.120007794531",97633295.0,L,27.0,123.0,41001.0,2005.0
4103,"2083 SHERWOOD AVE, ST PAUL, MN, 55119",Match,Exact,"2083 SHERWOOD AVE, SAINT PAUL, MN, 55119","-93.013017094626,44.983892787755",97653280.0,L,27.0,123.0,30702.0,1009.0
4224,"1295 IDAHO AVE W, ST PAUL, MN, 55108",Match,Exact,"1295 IDAHO AVE W, SAINT PAUL, MN, 55108","-93.154536238795,44.990123595026",97641753.0,R,27.0,123.0,30201.0,1002.0
4345,"4456 OTTER LAKE RD, WHITE BEAR TOWN, MN, 55110",Match,Non_Exact,"4456 OTTER LAKE RD, WHITE BEAR TOWNSHIP, MN, 55110","-93.035150086437,45.076473439891",97636549.0,R,27.0,123.0,40503.0,1003.0
4466,"2553 FLANDRAU ST N, MAPLEWOOD, MN, 55109",Match,Non_Exact,"2553 FLANDRAU ST, MAPLEWOOD, MN, 55109","-93.029042942319,45.01819702221",97652113.0,L,27.0,123.0,42401.0,1005.0
4104,"2084 ARLINGTON AVE E, ST PAUL, MN, 55119",Match,Exact,"2084 ARLINGTON AVE E, SAINT PAUL, MN, 55119","-93.012963022369,44.98468353285",97653246.0,R,27.0,123.0,30702.0,1009.0
4225,"1281 ARLINGTON AVE W, ST PAUL, MN, 55108",Match,Exact,"1281 ARLINGTON AVE W, SAINT PAUL, MN, 55108","-93.154881422694,44.984675802112",97641781.0,R,27.0,123.0,30201.0,2017.0
4346,"1401 BLAIR AVE, ST PAUL, MN, 55104",Match,Non_Exact,"1401 W BLAIR AVE, SAINT PAUL, MN, 55104","-93.159447551076,44.961177728391",97641581.0,R,27.0,123.0,32200.0,3004.0
4467,"1662 COUNTY ROAD C E, MAPLEWOOD, MN, 55109",Match,Exact,"1662 CO RD C E, MAPLEWOOD, MN, 55109","-93.030587115498,45.020761332852",647901773.0,R,27.0,123.0,42401.0,1005.0
4105,"2346 BELMONT LN E, NORTH ST PAUL, MN, 55109",Match,Non_Exact,"2346 BELMONT LN, NORTH ST PAUL, MN, 55109","-93.002038538745,45.00383597262",619690963.0,R,27.0,123.0,42700.0,5006.0
4226,"506 HILLTOP AVE, ROSEVILLE, MN, 55113",Match,Non_Exact,"506 W HILLTOP AVE, ROSEVILLE, MN, 55113","-93.120532945903,44.997094897405",97643552.0,L,27.0,123.0,41602.0,3001.0
4347,"631 ALBERT ST N, ST PAUL, MN, 55104",Match,Non_Exact,"631 N ALBERT ST, SAINT PAUL, MN, 55104","-93.159446753638,44.960512483822",97641598.0,L,27.0,123.0,32200.0,3007.0
4468,"8355 PLEASANT VIEW DR, MOUNDS VIEW, MN, 55112",Match,Exact,"8355 PLEASANT VIEW DR, MOUNDS VIEW, MN, 55112","-93.226514927757,45.120372598905",97633297.0,R,27.0,123.0,41001.0,2005.0
4106,"2339 SKILLMAN AVE E, NORTH ST PAUL, MN, 55109",Match,Exact,"2339 SKILLMAN AVE E, NORTH ST PAUL, MN, 55109","-93.001741670732,45.002928744451",649147160.0,L,27.0,123.0,42700.0,5006.0
4227,"891 BERWOOD AVE W, VADNAIS HEIGHTS, MN, 55127",Match,Exact,"891 BERWOOD AVE W, VADNAIS HEIGHTS, MN, 55127","-93.063846881639,45.04315927882",97667200.0,L,27.0,123.0,40606.0,3008.0
4348,"1426 VAN BUREN AVE, ST PAUL, MN, 55104",Match,Non_Exact,"1426 W VAN BUREN AVE, SAINT PAUL, MN, 55104","-93.160531256362,44.961955581433",97641579.0,L,27.0,123.0,32200.0,3004.0
4469,"8465 GROVELAND RD, MOUNDS VIEW, MN, 55112",Match,Exact,"8465 GROVELAND RD, MOUNDS VIEW, MN, 55112","-93.221254835018,45.123121765293",97662861.0,R,27.0,123.0,41001.0,2001.0
4107,"2400 BURKE AVE E, NORTH ST PAUL, MN, 55109",Match,Exact,"2400 BURKE AVE E, NORTH ST PAUL, MN, 55109","-92.999137001351,45.005522897765",97652787.0,R,27.0,123.0,42700.0,5005.0
4228,"478 HILLTOP AVE, ROSEVILLE, MN, 55113",Match,Non_Exact,"478 W HILLTOP AVE, ROSEVILLE, MN, 55113","-93.120126952701,44.997096102104",97643552.0,L,27.0,123.0,41602.0,3001.0
4349,"1406 VAN BUREN AVE, ST PAUL, MN, 55104",Match,Non_Exact,"1406 W VAN BUREN AVE, SAINT PAUL, MN, 55104","-93.159696408854,44.961961399129",97641579.0,L,27.0,123.0,32200.0,3004.0
4108,"0 BURKE AVE E, NORTH ST PAUL, MN, 55109",No_Match,,,,,,,,,
4229,"1692 SCHEFFER AVE, ST PAUL, MN, 55116",Match,Non_Exact,"1692 W SCHEFFER AVE, SAINT PAUL, MN, 55116","-93.17178796156,44.92150755478",97646179.0,L,27.0,123.0,36400.0,2014.0
4109,"2406 BURKE AVE E, NORTH ST PAUL, MN, 55109",Match,Exact,"2406 BURKE AVE E, NORTH ST PAUL, MN, 55109","-92.998908813086,45.005525342623",97652787.0,R,27.0,123.0,42700.0,5005.0
4480,"2088 STILLWATER AVE, ST PAUL, MN, 55119",Match,Exact,"2088 STILLWATER AVE, SAINT PAUL, MN, 55119","-93.012163757,44.969125028057",97653630.0,R,27.0,123.0,31802.0,3001.0
4360,"1430 VAN BUREN AVE, ST PAUL, MN, 55104",Match,Non_Exact,"1430 W VAN BUREN AVE, SAINT PAUL, MN, 55104","-93.160698225863,44.961954417894",97641579.0,L,27.0,123.0,32200.0,3004.0
4481,"2116 NOKOMIS AVE, ST PAUL, MN, 55119",Match,Exact,"2116 NOKOMIS AVE, SAINT PAUL, MN, 55119","-93.012423603946,44.967577272285",97653604.0,R,27.0,123.0,31802.0,3012.0
4240,"1654 ELEANOR AVE, ST PAUL, MN, 55116",Match,Non_Exact,"1654 W ELEANOR AVE, SAINT PAUL, MN, 55116","-93.170967327536,44.920591575425",97646025.0,L,27.0,123.0,36400.0,2015.0
4361,"1422 VAN BUREN AVE, ST PAUL, MN, 55104",Match,Non_Exact,"1422 W VAN BUREN AVE, SAINT PAUL, MN, 55104","-93.16036428686,44.961956744972",97641579.0,L,27.0,123.0,32200.0,3004.0
4482,"2026 STILLWATER AVE, ST PAUL, MN, 55119",Match,Exact,"2026 STILLWATER AVE, SAINT PAUL, MN, 55119","-93.014751197213,44.969025715966",97653596.0,R,27.0,123.0,31802.0,3003.0
4120,"1544 SNELLING AVE N, ST PAUL, MN, 55108",Match,Non_Exact,"1544 N SNELLING AVE, SAINT PAUL, MN, 55108","-93.166843369226,44.98678498137",97688219.0,R,27.0,123.0,30201.0,2008.0
4241,"8044 GREENWOOD DR, MOUNDS VIEW, MN, 55112",Match,Exact,"8044 GREENWOOD DR, MOUNDS VIEW, MN, 55112","-93.21120980179,45.114257138136",97633388.0,L,27.0,123.0,41001.0,1011.0
4362,"1452 VAN BUREN AVE, ST PAUL, MN, 55104",Match,Non_Exact,"1452 W VAN BUREN AVE, SAINT PAUL, MN, 55104","-93.161616558122,44.961948018429",97641579.0,L,27.0,123.0,32200.0,3004.0
4483,"2013 MINNEHAHA AVE E, ST PAUL, MN, 55119",Match,Exact,"2013 MINNEHAHA AVE E, SAINT PAUL, MN, 55119","-93.015430048063,44.96312282537",97653520.0,L,27.0,123.0,31802.0,3017.0
4000,"1686 HARTFORD AVE, ST PAUL, MN, 55116",Match,Non_Exact,"1686 W HARTFORD AVE, SAINT PAUL, MN, 55116","-93.171542149556,44.923324682824",97645999.0,L,27.0,123.0,36400.0,2010.0
4121,"1757 SNELLING AVE N, FALCON HEIGHTS, MN, 55113",Match,Exact,"1757 SNELLING AVE N, FALCON HEIGHTS, MN, 55113","-93.166810834116,44.99269337489",624768568.0,L,27.0,123.0,41900.0,3022.0
4242,"8032 GREENWOOD DR, MOUNDS VIEW, MN, 55112",Match,Exact,"8032 GREENWOOD DR, MOUNDS VIEW, MN, 55112","-93.211206551846,45.114044264831",97633388.0,L,27.0,123.0,41001.0,1011.0
4363,"307 LAUREL AVE, ST PAUL, MN, 55102",Match,Non_Exact,"307 W LAUREL AVE, SAINT PAUL, MN, 55102","-93.113218970264,44.945446296511",97647868.0,R,27.0,123.0,35500.0,2000.0
4484,"2005 NORTONIA AVE, ST PAUL, MN, 55119",Match,Exact,"2005 NORTONIA AVE, SAINT PAUL, MN, 55119","-93.015907732856,44.965436528093",97653657.0,L,27.0,123.0,31802.0,3014.0
4001,"1646 BAYARD AVE, ST PAUL, MN, 55116",Match,Non_Exact,"1646 W BAYARD AVE, SAINT PAUL, MN, 55116","-93.169903012547,44.92240871241",97646001.0,L,27.0,123.0,36400.0,2011.0
4122,"1559 ASBURY ST, ST PAUL, MN, 55108",Match,Non_Exact,"1559 N ASBURY ST, SAINT PAUL, MN, 55108","-93.165688596483,44.987408611694",97641000.0,L,27.0,123.0,30201.0,2008.0
4243,"1527 OSCEOLA AVE, ST PAUL, MN, 55105",Match,Exact,"1527 OSCEOLA AVE, SAINT PAUL, MN, 55105","-93.164735838319,44.936151169734",97645812.0,R,27.0,123.0,35200.0,3004.0
4364,"313 LAUREL AVE, ST PAUL, MN, 55102",Match,Non_Exact,"313 W LAUREL AVE, SAINT PAUL, MN, 55102","-93.113286001693,44.945446296515",97647868.0,R,27.0,123.0,35500.0,2000.0
4485,"1990 NOKOMIS AVE, ST PAUL, MN, 55119",Match,Exact,"1990 NOKOMIS AVE, SAINT PAUL, MN, 55119","-93.016581643347,44.96589323511",97653583.0,R,27.0,123.0,31802.0,3014.0
4002,"1679 BAYARD AVE, ST PAUL, MN, 55116",Match,Non_Exact,"1679 W BAYARD AVE, SAINT PAUL, MN, 55116","-93.171213998156,44.922523303881",97646001.0,R,27.0,123.0,36400.0,2010.0
4123,"853 WILDER ST S, ST PAUL, MN, 55116",Match,Non_Exact,"853 S WILDER ST, SAINT PAUL, MN, 55116","-93.185540577278,44.915404701743",97639627.0,R,27.0,123.0,37500.0,3004.0
4244,"1523 OSCEOLA AVE, ST PAUL, MN, 55105",Match,Exact,"1523 OSCEOLA AVE, SAINT PAUL, MN, 55105","-93.164614216208,44.936150305626",97645812.0,R,27.0,123.0,35200.0,3004.0
4365,"301 LAUREL AVE, ST PAUL, MN, 55102",Match,Non_Exact,"301 W LAUREL AVE, SAINT PAUL, MN, 55102","-93.113151938835,44.945446296506",97647868.0,R,27.0,123.0,35500.0,2000.0
4486,"1964 UTICA AVE, ST PAUL, MN, 55119",Match,Non_Exact,"1964 E UTICA AVE, SAINT PAUL, MN, 55119","-93.017407093329,44.969394780336",97653561.0,R,27.0,123.0,31802.0,1013.0
4003,"1656 HARTFORD AVE, ST PAUL, MN, 55116",Match,Non_Exact,"1656 W HARTFORD AVE, SAINT PAUL, MN, 55116","-93.170313100815,44.923320324409",97645999.0,L,27.0,123.0,36400.0,2010.0
4124,"895 WILDER ST S, ST PAUL, MN, 55116",Match,Non_Exact,"895 S WILDER ST, SAINT PAUL, MN, 55116","-93.184889353952,44.914434201339",97639675.0,R,27.0,123.0,37500.0,3005.0
4245,"1535 OSCEOLA AVE, ST PAUL, MN, 55105",Match,Exact,"1535 OSCEOLA AVE, SAINT PAUL, MN, 55105","-93.164979082542,44.936152897952",97645812.0,R,27.0,123.0,35200.0,3004.0
4366,"146 FARRINGTON ST, ST PAUL, MN, 55102",Match,Non_Exact,"146 N FARRINGTON ST, SAINT PAUL, MN, 55102","-93.11330746954,44.945614914746",97647865.0,R,27.0,123.0,35500.0,2000.0
4487,"2015 NORTONIA AVE, ST PAUL, MN, 55119",Match,Exact,"2015 NORTONIA AVE, SAINT PAUL, MN, 55119","-93.015441572755,44.965548773011",97653657.0,L,27.0,123.0,31802.0,3014.0
4114,"2052 1ST ST N, NORTH ST PAUL, MN, 55109",Match,Exact,"2052 1ST ST N, NORTH ST PAUL, MN, 55109","-92.997319715132,45.003405510607",97659675.0,R,27.0,123.0,42700.0,2005.0
4235,"1640 ELEANOR AVE, ST PAUL, MN, 55116",Match,Non_Exact,"1640 W ELEANOR AVE, SAINT PAUL, MN, 55116","-93.17062787401,44.92058916793",97646025.0,L,27.0,123.0,36400.0,2015.0
4356,"678 PASCAL ST N, ST PAUL, MN, 55104",Match,Non_Exact,"678 N PASCAL ST, SAINT PAUL, MN, 55104","-93.161865633407,44.961785824885",97641578.0,R,27.0,123.0,32200.0,3004.0
4477,"7932 FAIRCHILD AVE, MOUNDS VIEW, MN, 55112",Match,Exact,"7932 FAIRCHILD AVE, MOUNDS VIEW, MN, 55112","-93.219286051784,45.112109642234",97633359.0,L,27.0,123.0,41001.0,2010.0
4115,"931 ST PAUL AVE, ST PAUL, MN, 55116",Match,Exact,"931 ST PAUL AVE, SAINT PAUL, MN, 55116","-93.185363617815,44.913042123593",97639677.0,R,27.0,123.0,37601.0,4001.0
4236,"899 BERWOOD AVE W, VADNAIS HEIGHTS, MN, 55127",Match,Exact,"899 BERWOOD AVE W, VADNAIS HEIGHTS, MN, 55127","-93.063144921531,45.04315798786",97667201.0,L,27.0,123.0,40606.0,3008.0
4357,"1407 BLAIR AVE, ST PAUL, MN, 55104",Match,Non_Exact,"1407 W BLAIR AVE, SAINT PAUL, MN, 55104","-93.159697074562,44.961175983489",97641581.0,R,27.0,123.0,32200.0,3004.0
4478,"900 RUTH ST N, ST PAUL, MN, 55119",Match,Non_Exact,"900 N RUTH ST, SAINT PAUL, MN, 55119","-93.015095838857,44.968880258256",97653577.0,R,27.0,123.0,31802.0,3003.0
4116,"891 WILDER ST S, ST PAUL, MN, 55116",Match,Non_Exact,"891 S WILDER ST, SAINT PAUL, MN, 55116","-93.184962585004,44.914543617189",97639675.0,R,27.0,123.0,37500.0,3005.0
4237,"1695 ELEANOR AVE, ST PAUL, MN, 55116",Match,Non_Exact,"1695 W ELEANOR AVE, SAINT PAUL, MN, 55116","-93.171935573898,44.920713039635",97646025.0,R,27.0,123.0,36400.0,2014.0
4358,"1436 VAN BUREN AVE, ST PAUL, MN, 55104",Match,Non_Exact,"1436 W VAN BUREN AVE, SAINT PAUL, MN, 55104","-93.160948680116,44.961952672585",97641579.0,L,27.0,123.0,32200.0,3004.0
4479,"2100 MOHAWK AVE, ST PAUL, MN, 55119",Match,Exact,"2100 MOHAWK AVE, SAINT PAUL, MN, 55119","-93.013455540898,44.967773548855",97653602.0,R,27.0,123.0,31802.0,3001.0
4117,"2489 SKILLMAN AVE E, NORTH ST PAUL, MN, 55109",Match,Exact,"2489 SKILLMAN AVE E, NORTH ST PAUL, MN, 55109","-92.995223934322,45.003014659921",97671227.0,L,27.0,123.0,42700.0,2005.0
4238,"923 BERWOOD AVE W, VADNAIS HEIGHTS, MN, 55127",Match,Exact,"923 BERWOOD AVE W, VADNAIS HEIGHTS, MN, 55127","-93.063022724902,45.043156063495",97667201.0,L,27.0,123.0,40606.0,3008.0
4359,"1444 VAN BUREN AVE, ST PAUL, MN, 55104",Match,Non_Exact,"1444 W VAN BUREN AVE, SAINT PAUL, MN, 55104","-93.161282619119,44.961950345507",97641579.0,L,27.0,123.0,32200.0,3004.0
4118,"849 WILDER ST S, ST PAUL, MN, 55116",Match,Non_Exact,"849 S WILDER ST, SAINT PAUL, MN, 55116","-93.185576174713,44.915457385967",97639627.0,R,27.0,123.0,37500.0,3004.0
4239,"1648 ELEANOR AVE, ST PAUL, MN, 55116",Match,Non_Exact,"1648 W ELEANOR AVE, SAINT PAUL, MN, 55116","-93.170821847453,44.920590543641",97646025.0,L,27.0,123.0,36400.0,2015.0
4119,"1525 ASBURY ST, ST PAUL, MN, 55108",Match,Non_Exact,"1525 N ASBURY ST, SAINT PAUL, MN, 55108","-93.165695908224,44.986820754196",97641000.0,L,27.0,123.0,30201.0,2008.0
4370,"2911 VICTORIA ST N, ROSEVILLE, MN, 55113",Match,Exact,"2911 VICTORIA ST N, ROSEVILLE, MN, 55113","-93.136730554426,45.028835727665",97640678.0,L,27.0,123.0,41500.0,2014.0
4491,"1941 MINNEHAHA AVE E, ST PAUL, MN, 55119",Match,Exact,"1941 MINNEHAHA AVE E, SAINT PAUL, MN, 55119","-93.018373083525,44.963129308031",97653520.0,L,27.0,123.0,31802.0,3017.0
4250,"7761 EASTWOOD RD, MOUNDS VIEW, MN, 55112",Match,Exact,"7761 EASTWOOD RD, MOUNDS VIEW, MN, 55112","-93.213011411256,45.109089006158",97633392.0,R,27.0,123.0,41001.0,1010.0
4371,"937 COUNTY ROAD C2 W, ROSEVILLE, MN, 55113",Match,Exact,"937 CO RD C2 W, ROSEVILLE, MN, 55113","-93.140638936268,45.02793141667",97671369.0,R,27.0,123.0,41500.0,2014.0
4492,"1986 NOKOMIS AVE, ST PAUL, MN, 55119",Match,Exact,"1986 NOKOMIS AVE, SAINT PAUL, MN, 55119","-93.016689611419,44.965867228207",97653583.0,R,27.0,123.0,31802.0,3014.0
4130,"1361 DALE ST N, ST PAUL, MN, 55117",Match,Exact,"1361 DALE ST N, SAINT PAUL, MN, 55117","-93.12634665553,44.981860643127",97643503.0,L,27.0,123.0,30300.0,2013.0
4251,"553 WHEELOCK PKWY W, ST PAUL, MN, 55117",Match,Exact,"553 WHEELOCK PKWY W, SAINT PAUL, MN, 55117","-93.123425252401,44.98103229202",97643518.0,R,27.0,123.0,30400.0,3008.0
4372,"944 MILLWOOD AVE, ROSEVILLE, MN, 55113",Match,Exact,"944 MILLWOOD AVE, ROSEVILLE, MN, 55113","-93.140080440036,45.029799186321",649686881.0,L,27.0,123.0,41500.0,2014.0
4493,"1973 MINNEHAHA AVE E, ST PAUL, MN, 55119",Match,Exact,"1973 MINNEHAHA AVE E, SAINT PAUL, MN, 55119","-93.017065067764,44.963126426848",97653520.0,L,27.0,123.0,31802.0,3017.0
4010,"1635 SCHEFFER AVE, ST PAUL, MN, 55116",Match,Non_Exact,"1635 W SCHEFFER AVE, SAINT PAUL, MN, 55116","-93.169343431196,44.92161258853",97646181.0,R,27.0,123.0,36400.0,2012.0
4131,"1509 PASCAL ST N, ST PAUL, MN, 55108",Match,Exact,"1509 PASCAL ST N, SAINT PAUL, MN, 55108","-93.161855862222,44.986580215076",97641074.0,L,27.0,123.0,30201.0,2005.0
4252,"7990 EASTWOOD RD, MOUNDS VIEW, MN, 55112",Match,Exact,"7990 EASTWOOD RD, MOUNDS VIEW, MN, 55112","-93.213238242025,45.113258506946",97633385.0,L,27.0,123.0,41001.0,1006.0
4373,"932 MILLWOOD AVE, ROSEVILLE, MN, 55113",Match,Exact,"932 MILLWOOD AVE, ROSEVILLE, MN, 55113","-93.13962047097,45.029797331574",649686881.0,L,27.0,123.0,41500.0,2014.0
4494,"1967 MINNEHAHA AVE E, ST PAUL, MN, 55119",Match,Exact,"1967 MINNEHAHA AVE E, SAINT PAUL, MN, 55119","-93.017310320719,44.96312696707",97653520.0,L,27.0,123.0,31802.0,3017.0
4011,"1654 BAYARD AVE, ST PAUL, MN, 55116",Match,Non_Exact,"1654 W BAYARD AVE, SAINT PAUL, MN, 55116","-93.170230758953,44.922408712432",97646001.0,L,27.0,123.0,36400.0,2011.0
4132,"997 ST ANTHONY AVE, ST PAUL, MN, 55104",Match,Exact,"997 ST ANTHONY AVE, SAINT PAUL, MN, 55104","-93.141919102692,44.952187297515",97646598.0,R,27.0,123.0,33500.0,3012.0
4253,"1350 KENT ST, ST PAUL, MN, 55117",Tie,,,,,,,,,
4374,"923 COUNTY ROAD C2 W, ROSEVILLE, MN, 55113",Match,Exact,"923 CO RD C2 W, ROSEVILLE, MN, 55113","-93.140325007863,45.027928695709",97671369.0,R,27.0,123.0,41500.0,2014.0
4495,"1923 MINNEHAHA AVE E, ST PAUL, MN, 55119",Match,Exact,"1923 MINNEHAHA AVE E, SAINT PAUL, MN, 55119","-93.019108842391,44.963130928697",97653520.0,L,27.0,123.0,31802.0,3017.0
4012,"1620 NILES AVE, ST PAUL, MN, 55116",Match,Non_Exact,"1620 W NILES AVE, SAINT PAUL, MN, 55116","-93.16918407063,44.92512532778",97646156.0,L,27.0,123.0,36400.0,2005.0
4133,"1005 ST ANTHONY AVE, ST PAUL, MN, 55104",Match,Exact,"1005 ST ANTHONY AVE, SAINT PAUL, MN, 55104","-93.142083590817,44.952187297527",97646598.0,R,27.0,123.0,33500.0,3012.0
4254,"7980 EASTWOOD RD, MOUNDS VIEW, MN, 55112",Match,Exact,"7980 EASTWOOD RD, MOUNDS VIEW, MN, 55112","-93.213235526447,45.113080634911",97633385.0,L,27.0,123.0,41001.0,1006.0
4375,"922 MILLWOOD AVE, ROSEVILLE, MN, 55113",Match,Exact,"922 MILLWOOD AVE, ROSEVILLE, MN, 55113","-93.139149283538,45.029794679397",649686880.0,L,27.0,123.0,41500.0,2014.0
4496,"2036 NORTONIA AVE, ST PAUL, MN, 55119",Match,Exact,"2036 NORTONIA AVE, SAINT PAUL, MN, 55119","-93.014689919773,44.965541862214",97653665.0,R,27.0,123.0,31802.0,2014.0
4013,"1621 WATSON AVE, ST PAUL, MN, 55116",Match,Non_Exact,"1621 W WATSON AVE, SAINT PAUL, MN, 55116","-93.169182864529,44.924338530884",97646158.0,R,27.0,123.0,36400.0,2005.0
4134,"963 BERWOOD AVE E, VADNAIS HEIGHTS, MN, 55110",Match,Exact,"963 BERWOOD AVE E, VADNAIS HEIGHTS, MN, 55110","-93.060160111476,45.043150278566",97649396.0,L,27.0,123.0,40606.0,3001.0
4255,"539 WHEELOCK PKWY W, ST PAUL, MN, 55117",Match,Exact,"539 WHEELOCK PKWY W, SAINT PAUL, MN, 55117","-93.122860504036,44.981032291981",97643518.0,R,27.0,123.0,30400.0,3008.0
4376,"945 COUNTY ROAD C2 W, ROSEVILLE, MN, 55113",Match,Exact,"945 CO RD C2 W, ROSEVILLE, MN, 55113","-93.140818323928,45.027932971506",97671369.0,R,27.0,123.0,41500.0,2014.0
4497,"2039 NORTONIA AVE, ST PAUL, MN, 55119",Match,Exact,"2039 NORTONIA AVE, SAINT PAUL, MN, 55119","-93.014270818681,44.965714815221",97653665.0,L,27.0,123.0,31802.0,3011.0
4014,"1606 JUNO AVE, ST PAUL, MN, 55116",Match,Non_Exact,"1606 W JUNO AVE, SAINT PAUL, MN, 55116","-93.168938185175,44.926033472231",97646154.0,L,27.0,123.0,36400.0,2004.0
4135,"985 BERWOOD AVE E, VADNAIS HEIGHTS, MN, 55110",Match,Exact,"985 BERWOOD AVE E, VADNAIS HEIGHTS, MN, 55110","-93.060130270384,45.043150278563",97649396.0,L,27.0,123.0,40606.0,3001.0
4256,"8018 SUNNYSIDE RD, MOUNDS VIEW, MN, 55112",Match,Exact,"8018 SUNNYSIDE RD, MOUNDS VIEW, MN, 55112","-93.215288790968,45.113717008698",97633382.0,L,27.0,123.0,41001.0,1007.0
4377,"1592 ROSELAWN AVE W, FALCON HEIGHTS, MN, 55113",Match,Exact,"1592 ROSELAWN AVE W, FALCON HEIGHTS, MN, 55113","-93.168140657617,44.998910178276",640770964.0,L,27.0,123.0,41900.0,3005.0
4498,"2050 NORTONIA AVE, ST PAUL, MN, 55119",Match,Exact,"2050 NORTONIA AVE, SAINT PAUL, MN, 55119","-93.014258847596,44.965599784034",97653665.0,R,27.0,123.0,31802.0,2014.0
4490,"1963 MINNEHAHA AVE E, ST PAUL, MN, 55119",Match,Exact,"1963 MINNEHAHA AVE E, SAINT PAUL, MN, 55119","-93.01747382269,44.963127327218",97653520.0,L,27.0,123.0,31802.0,3017.0
4004,"1601 BAYARD AVE, ST PAUL, MN, 55116",Match,Non_Exact,"1601 W BAYARD AVE, SAINT PAUL, MN, 55116","-93.168836939529,44.922520696515",97646160.0,R,27.0,123.0,36400.0,2009.0
4125,"1535 ARONA ST, ST PAUL, MN, 55108",Match,Non_Exact,"1535 N ARONA ST, SAINT PAUL, MN, 55108","-93.164421545383,44.987002854296",97641050.0,L,27.0,123.0,30201.0,2007.0
4246,"1531 OSCEOLA AVE, ST PAUL, MN, 55105",Match,Exact,"1531 OSCEOLA AVE, SAINT PAUL, MN, 55105","-93.164857460431,44.936152033843",97645812.0,R,27.0,123.0,35200.0,3004.0
4367,"885 COUNTY ROAD C2 W, ROSEVILLE, MN, 55113",Match,Exact,"885 CO RD C2 W, ROSEVILLE, MN, 55113","-93.139472916476,45.027921310241",97671369.0,R,27.0,123.0,41500.0,2014.0
4488,"1978 CASE AVE, ST PAUL, MN, 55119",Match,Exact,"1978 CASE AVE, SAINT PAUL, MN, 55119","-93.017022198164,44.970234694827",97653559.0,R,27.0,123.0,31802.0,1010.0
4005,"1620 HARTFORD AVE, ST PAUL, MN, 55116",Match,Non_Exact,"1620 W HARTFORD AVE, SAINT PAUL, MN, 55116","-93.168754552971,44.923311912301",97646173.0,L,27.0,123.0,36400.0,2009.0
4126,"1541 ARONA ST, ST PAUL, MN, 55108",Match,Non_Exact,"1541 N ARONA ST, SAINT PAUL, MN, 55108","-93.164419738954,44.987106594115",97641050.0,L,27.0,123.0,30201.0,2007.0
4247,"7901 RED OAK DR, MOUNDS VIEW, MN, 55112",Match,Exact,"7901 RED OAK DR, MOUNDS VIEW, MN, 55112","-93.217155478727,45.112768642668",97633360.0,R,27.0,123.0,41001.0,1007.0
4368,"2895 VICTORIA ST N, ROSEVILLE, MN, 55113",Match,Exact,"2895 VICTORIA ST N, ROSEVILLE, MN, 55113","-93.13689720094,45.028417585141",97640680.0,L,27.0,123.0,41500.0,2014.0
4489,"1993 MINNEHAHA AVE E, ST PAUL, MN, 55119",Match,Exact,"1993 MINNEHAHA AVE E, SAINT PAUL, MN, 55119","-93.016247557913,44.963124626109",97653520.0,L,27.0,123.0,31802.0,3017.0
4006,"1640 WATSON AVE, ST PAUL, MN, 55116",Match,Non_Exact,"1640 W WATSON AVE, SAINT PAUL, MN, 55116","-93.169657609321,44.924226999793",97645997.0,L,27.0,123.0,36400.0,2007.0
4127,"841 KENNETH ST, ST PAUL, MN, 55116",Match,Non_Exact,"841 S KENNETH ST, SAINT PAUL, MN, 55116","-93.184516049846,44.915944429018",97639632.0,R,27.0,123.0,37500.0,3003.0
4248,"525 WHEELOCK PKWY W, ST PAUL, MN, 55117",Match,Exact,"525 WHEELOCK PKWY W, SAINT PAUL, MN, 55117","-93.122216359679,44.981032291936",97643530.0,R,27.0,123.0,30400.0,3009.0
4369,"2890 VICTORIA ST N, ROSEVILLE, MN, 55113",Match,Exact,"2890 VICTORIA ST N, ROSEVILLE, MN, 55113","-93.136755103943,45.028358011949",97640680.0,R,27.0,123.0,41500.0,4001.0
4007,"1663 SCHEFFER AVE, ST PAUL, MN, 55116",Match,Non_Exact,"1663 W SCHEFFER AVE, SAINT PAUL, MN, 55116","-93.170558099678,44.921617786308",97646179.0,R,27.0,123.0,36400.0,2011.0
4128,"1557 SIMPSON ST, ST PAUL, MN, 55108",Match,Exact,"1557 SIMPSON ST, SAINT PAUL, MN, 55108","-93.163144579534,44.987391930751",97641054.0,L,27.0,123.0,30201.0,2006.0
4249,"7767 EASTWOOD RD, MOUNDS VIEW, MN, 55112",Match,Exact,"7767 EASTWOOD RD, MOUNDS VIEW, MN, 55112","-93.213013074922,45.109195758998",97633392.0,R,27.0,123.0,41001.0,1010.0
4008,"1600 BAYARD AVE, ST PAUL, MN, 55116",Match,Non_Exact,"1600 W BAYARD AVE, SAINT PAUL, MN, 55116","-93.168837745758,44.922406106547",97646160.0,L,27.0,123.0,36400.0,2012.0
4129,"1503 PASCAL ST N, ST PAUL, MN, 55108",Match,Exact,"1503 PASCAL ST N, SAINT PAUL, MN, 55108","-93.161857410589,44.986476475398",97641074.0,L,27.0,123.0,30201.0,2005.0
4009,"1597 HARTFORD AVE, ST PAUL, MN, 55116",Match,Non_Exact,"1597 W HARTFORD AVE, SAINT PAUL, MN, 55116","-93.167764112842,44.923419522086",97646173.0,R,27.0,123.0,36400.0,2008.0
4260,"803 NEVADA AVE E, ST PAUL, MN, 55106",Match,Exact,"803 NEVADA AVE E, SAINT PAUL, MN, 55106","-93.067276640901,44.98568735719",97650263.0,L,27.0,123.0,30602.0,5023.0
4381,"3567 RICE ST, SHOREVIEW, MN, 55126",Match,Exact,"3567 RICE ST, SHOREVIEW, MN, 55126","-93.106372373916,45.0495153782",639300396.0,L,27.0,123.0,40704.0,5004.0
4140,"0 LABORE RD, VADNAIS HEIGHTS, MN, 55127",No_Match,,,,,,,,,
4261,"1509 ARCADE ST, ST PAUL, MN, 55106",Match,Exact,"1509 ARCADE ST, SAINT PAUL, MN, 55106","-93.066133126456,44.98682985927",97650260.0,L,27.0,123.0,30602.0,5022.0
4382,"9 MONTCALM CT, ST PAUL, MN, 55116",Match,Exact,"9 MONTCALM CT, SAINT PAUL, MN, 55116","-93.149388246522,44.919458791887",97647025.0,L,27.0,123.0,36600.0,5002.0
4020,"1631 HARTFORD AVE, ST PAUL, MN, 55116",Match,Non_Exact,"1631 W HARTFORD AVE, SAINT PAUL, MN, 55116","-93.16916495208,44.923429404648",97646173.0,R,27.0,123.0,36400.0,2008.0
4141,"1541 OSCEOLA AVE, ST PAUL, MN, 55105",Match,Exact,"1541 OSCEOLA AVE, SAINT PAUL, MN, 55105","-93.165161515709,44.936154194115",97645812.0,R,27.0,123.0,35200.0,3004.0
4262,"2545 FLANDRAU ST N, MAPLEWOOD, MN, 55109",Match,Non_Exact,"2545 FLANDRAU ST, MAPLEWOOD, MN, 55109","-93.029042062257,45.018056561232",97652113.0,L,27.0,123.0,42401.0,1005.0
4383,"15 MONTCALM CT, ST PAUL, MN, 55116",Match,Exact,"15 MONTCALM CT, SAINT PAUL, MN, 55116","-93.149388711366,44.919460186422",97647025.0,L,27.0,123.0,36600.0,5002.0
4021,"1651 NILES AVE, ST PAUL, MN, 55116",Match,Non_Exact,"1651 W NILES AVE, SAINT PAUL, MN, 55116","-93.170066481919,44.92524304242",97645992.0,R,27.0,123.0,36400.0,2003.0
4142,"876 BERWOOD AVE W, VADNAIS HEIGHTS, MN, 55127",Match,Exact,"876 BERWOOD AVE W, VADNAIS HEIGHTS, MN, 55127","-93.064564207861,45.04304468749",97667200.0,R,27.0,123.0,40606.0,3003.0
4263,"8060 GROVELAND RD, MOUNDS VIEW, MN, 55112",Match,Exact,"8060 GROVELAND RD, MOUNDS VIEW, MN, 55112","-93.221252507641,45.11403709933",97633349.0,L,27.0,123.0,41001.0,2009.0
4384,"2094 SHERWOOD AVE, ST PAUL, MN, 55119",Match,Exact,"2094 SHERWOOD AVE, SAINT PAUL, MN, 55119","-93.013733330755,44.983775620853",97653280.0,R,27.0,123.0,30702.0,1007.0
4022,"1605 WATSON AVE, ST PAUL, MN, 55116",Match,Non_Exact,"1605 W WATSON AVE, SAINT PAUL, MN, 55116","-93.168905801992,44.924336576279",97646158.0,R,27.0,123.0,36400.0,2005.0
4143,"1322 CLEVELAND AVE S, ST PAUL, MN, 55116",Match,Non_Exact,"1322 S CLEVELAND AVE, SAINT PAUL, MN, 55116","-93.187315257008,44.90156481246",97639720.0,L,27.0,123.0,37601.0,2005.0
4264,"8106 GROVELAND RD, MOUNDS VIEW, MN, 55112",Match,Exact,"8106 GROVELAND RD, MOUNDS VIEW, MN, 55112","-93.221271476367,45.115206458258",97633347.0,L,27.0,123.0,41001.0,2009.0
4385,"792 ARLINGTON AVE W, ST PAUL, MN, 55117",Match,Exact,"792 ARLINGTON AVE W, SAINT PAUL, MN, 55117","-93.13351903747,44.984563595312",97641987.0,L,27.0,123.0,30300.0,2002.0
4023,"1650 NILES AVE, ST PAUL, MN, 55116",Match,Non_Exact,"1650 W NILES AVE, SAINT PAUL, MN, 55116","-93.169808000086,44.925127532973",97645992.0,L,27.0,123.0,36400.0,2006.0
4144,"2032 SHERIDAN AVE, ST PAUL, MN, 55116",Match,Non_Exact,"2032 W SHERIDAN AVE, SAINT PAUL, MN, 55116","-93.186171380171,44.90157316147",97639721.0,L,27.0,123.0,37601.0,2005.0
4265,"2711 MOUNDS VIEW BLVD, MOUNDS VIEW, MN, 55112",No_Match,,,,,,,,,
4386,"793 IVY AVE W, ST PAUL, MN, 55117",Match,Exact,"793 IVY AVE W, SAINT PAUL, MN, 55117","-93.133550328877,44.981066001921",97641996.0,R,27.0,123.0,30300.0,2008.0
4024,"1646 WATSON AVE, ST PAUL, MN, 55116",Match,Non_Exact,"1646 W WATSON AVE, SAINT PAUL, MN, 55116","-93.169747843182,44.924227319777",97645997.0,L,27.0,123.0,36400.0,2007.0
4145,"1389 SUMNER ST, ST PAUL, MN, 55116",Match,Exact,"1389 SUMNER ST, SAINT PAUL, MN, 55116","-93.183639637287,44.900161425609",97647309.0,R,27.0,123.0,37601.0,2007.0
4266,"8110 GROVELAND RD, MOUNDS VIEW, MN, 55112",Match,Exact,"8110 GROVELAND RD, MOUNDS VIEW, MN, 55112","-93.221276123598,45.115283137766",97633347.0,L,27.0,123.0,41001.0,2009.0
4387,"765 COTTAGE AVE W, ST PAUL, MN, 55117",Match,Exact,"765 COTTAGE AVE W, SAINT PAUL, MN, 55117","-93.130812774455,44.982792748975",97643453.0,R,27.0,123.0,30300.0,2005.0
4025,"1635 WATSON AVE, ST PAUL, MN, 55116",Match,Non_Exact,"1635 W WATSON AVE, SAINT PAUL, MN, 55116","-93.169425294248,44.924340241163",97646158.0,R,27.0,123.0,36400.0,2005.0
4146,"1321 RYAN AVE W, ROSEVILLE, MN, 55113",Match,Exact,"1321 RYAN AVE W, ROSEVILLE, MN, 55113","-93.154925947583,45.000963271806",97641642.0,R,27.0,123.0,41800.0,3022.0
4267,"8080 GROVELAND RD, MOUNDS VIEW, MN, 55112",Match,Exact,"8080 GROVELAND RD, MOUNDS VIEW, MN, 55112","-93.221257666333,45.114527181612",97633349.0,L,27.0,123.0,41001.0,2009.0
4388,"1879 HIGHLAND PKWY, ST PAUL, MN, 55116",Match,Non_Exact,"1879 W HIGHLAND PKWY, SAINT PAUL, MN, 55116","-93.17975953624,44.91982958805",97645957.0,R,27.0,123.0,36300.0,4010.0
4380,"1865 SNELLING AVE N, FALCON HEIGHTS, MN, 55113",Match,Non_Exact,"1865 SNELLING DR, FALCON HEIGHTS, MN, 55113","-93.166938596686,44.997667372416",640770965.0,L,27.0,123.0,41900.0,3005.0
4015,"1656 WATSON AVE, ST PAUL, MN, 55116",Match,Non_Exact,"1656 W WATSON AVE, SAINT PAUL, MN, 55116","-93.16989823295,44.924227853085",97645997.0,L,27.0,123.0,36400.0,2007.0
4136,"1577 OSCEOLA AVE, ST PAUL, MN, 55105",Match,Exact,"1577 OSCEOLA AVE, SAINT PAUL, MN, 55105","-93.166256114712,44.936161971095",97645812.0,R,27.0,123.0,35200.0,3004.0
4257,"2 MONTCALM HILL, ST PAUL, MN, 55116",Match,Exact,"2 MONTCALM HILL, SAINT PAUL, MN, 55116","-93.14792780832,44.920528502063",627111132.0,L,27.0,123.0,36600.0,5002.0
4378,"1893 SNELLING AVE N, FALCON HEIGHTS, MN, 55113",Match,Non_Exact,"1893 SNELLING DR, FALCON HEIGHTS, MN, 55113","-93.166928866546,44.99825117607",640770965.0,L,27.0,123.0,41900.0,3005.0
4499,"2035 BUSH AVE, ST PAUL, MN, 55119",Match,Exact,"2035 BUSH AVE, SAINT PAUL, MN, 55119","-93.014678374387,44.964931286838",97653668.0,L,27.0,123.0,31802.0,2014.0
4016,"1664 JUNO AVE, ST PAUL, MN, 55116",Match,Non_Exact,"1664 W JUNO AVE, SAINT PAUL, MN, 55116","-93.170638208824,44.926039486168",97645990.0,L,27.0,123.0,36400.0,2003.0
4137,"1571 OSCEOLA AVE, ST PAUL, MN, 55105",Match,Exact,"1571 OSCEOLA AVE, SAINT PAUL, MN, 55105","-93.166073681545,44.936160674931",97645812.0,R,27.0,123.0,35200.0,3004.0
4258,"1480 EDGCUMBE RD, ST PAUL, MN, 55116",Match,Exact,"1480 EDGCUMBE RD, SAINT PAUL, MN, 55116","-93.15020354571,44.920281130484",97647021.0,L,27.0,123.0,36600.0,5006.0
4379,"1875 SNELLING AVE N, FALCON HEIGHTS, MN, 55113",Match,Non_Exact,"1875 SNELLING DR, FALCON HEIGHTS, MN, 55113","-93.166935121636,44.997875873721",640770965.0,L,27.0,123.0,41900.0,3005.0
4017,"1635 NILES AVE, ST PAUL, MN, 55116",Match,Non_Exact,"1635 W NILES AVE, SAINT PAUL, MN, 55116","-93.169425693175,44.925240772892",97646156.0,R,27.0,123.0,36400.0,2004.0
4138,"885 ST PAUL AVE, ST PAUL, MN, 55116",Match,Exact,"885 ST PAUL AVE, SAINT PAUL, MN, 55116","-93.186100172565,44.914144715725",97639670.0,R,27.0,123.0,37601.0,4000.0
4259,"1481 ARCADE ST, ST PAUL, MN, 55106",Match,Exact,"1481 ARCADE ST, SAINT PAUL, MN, 55106","-93.066122820866,44.98604123887",97650262.0,L,27.0,123.0,30602.0,5023.0
4018,"1671 BAYARD AVE, ST PAUL, MN, 55116",Match,Non_Exact,"1671 W BAYARD AVE, SAINT PAUL, MN, 55116","-93.17088625175,44.922523303858",97646001.0,R,27.0,123.0,36400.0,2010.0
4139,"1573 OSCEOLA AVE, ST PAUL, MN, 55105",Match,Exact,"1573 OSCEOLA AVE, SAINT PAUL, MN, 55105","-93.166134492601,44.936161106986",97645812.0,R,27.0,123.0,35200.0,3004.0
4019,"1655 NILES AVE, ST PAUL, MN, 55116",Match,Non_Exact,"1655 W NILES AVE, SAINT PAUL, MN, 55116","-93.170230354733,44.925243623541",97645992.0,R,27.0,123.0,36400.0,2003.0
4150,"1340 KENNETH ST, ST PAUL, MN, 55116",Match,Non_Exact,"1340 S KENNETH ST, SAINT PAUL, MN, 55116","-93.18475606498,44.900692621084",97639727.0,L,27.0,123.0,37601.0,2007.0
4271,"2808 SHERWOOD RD, MOUNDS VIEW, MN, 55112",Match,Exact,"2808 SHERWOOD RD, MOUNDS VIEW, MN, 55112","-93.219482805549,45.115057455748",97633348.0,L,27.0,123.0,41001.0,2010.0
4392,"3899 SILVER LAKE RD, ST ANTHONY, MN, 55421",Match,Non_Exact,"3899 SILVER LAKE RD NE, SAINT ANTHONY, MN, 55421","-93.21819899221,45.039228474238",639712327.0,R,27.0,123.0,41103.0,1009.0
4030,"1641 BAYARD AVE, ST PAUL, MN, 55116",Match,Non_Exact,"1641 W BAYARD AVE, SAINT PAUL, MN, 55116","-93.169657202727,44.922523303773",97646001.0,R,27.0,123.0,36400.0,2010.0
4151,"0 RYAN AVE W, ROSEVILLE, MN, 55113",No_Match,,,,,,,,,
4272,"8065 GROVELAND RD, MOUNDS VIEW, MN, 55112",Match,Exact,"8065 GROVELAND RD, MOUNDS VIEW, MN, 55112","-93.221096024475,45.114597337395",97633349.0,R,27.0,123.0,41001.0,2010.0
4393,"1382 BAYARD AVE, ST PAUL, MN, 55116",Match,Non_Exact,"1382 W BAYARD AVE, SAINT PAUL, MN, 55116","-93.158644054449,44.922388101631",97646235.0,L,27.0,123.0,36500.0,1014.0
4031,"1647 NILES AVE, ST PAUL, MN, 55116",Match,Non_Exact,"1647 W NILES AVE, SAINT PAUL, MN, 55116","-93.169902609105,44.925242461299",97645992.0,R,27.0,123.0,36400.0,2003.0
4152,"2921 VICTORIA ST N, ROSEVILLE, MN, 55113",Match,Exact,"2921 VICTORIA ST N, ROSEVILLE, MN, 55113","-93.13673397512,45.029083730555",97640678.0,L,27.0,123.0,41500.0,2014.0
4273,"8084 FAIRCHILD AVE, MOUNDS VIEW, MN, 55112",Match,Exact,"8084 FAIRCHILD AVE, MOUNDS VIEW, MN, 55112","-93.219336236624,45.114812952967",97633359.0,L,27.0,123.0,41001.0,2010.0
4394,"1368 BAYARD AVE, ST PAUL, MN, 55116",Match,Non_Exact,"1368 W BAYARD AVE, SAINT PAUL, MN, 55116","-93.158067239119,44.922386066969",97646235.0,L,27.0,123.0,36500.0,1014.0
4032,"1601 WATSON AVE, ST PAUL, MN, 55116",Match,Non_Exact,"1601 W WATSON AVE, SAINT PAUL, MN, 55116","-93.168836536358,44.924336087627",97646158.0,R,27.0,123.0,36400.0,2005.0
4153,"1332 KENNETH ST, ST PAUL, MN, 55116",Match,Non_Exact,"1332 S KENNETH ST, SAINT PAUL, MN, 55116","-93.184756689949,44.900868868983",97639727.0,L,27.0,123.0,37601.0,2007.0
4274,"2824 SHERWOOD RD, MOUNDS VIEW, MN, 55112",Match,Exact,"2824 SHERWOOD RD, MOUNDS VIEW, MN, 55112","-93.219770022788,45.115050729368",97633348.0,L,27.0,123.0,41001.0,2010.0
4395,"1392 BAYARD AVE, ST PAUL, MN, 55116",Match,Non_Exact,"1392 W BAYARD AVE, SAINT PAUL, MN, 55116","-93.159056065399,44.922389554961",97646235.0,L,27.0,123.0,36500.0,1014.0
4033,"1659 NILES AVE, ST PAUL, MN, 55116",Match,Non_Exact,"1659 W NILES AVE, SAINT PAUL, MN, 55116","-93.170394227547,44.925244204661",97645992.0,R,27.0,123.0,36400.0,2003.0
4154,"1311 RYAN AVE W, ROSEVILLE, MN, 55113",Match,Exact,"1311 RYAN AVE W, ROSEVILLE, MN, 55113","-93.15472345128,45.000966227943",97641642.0,R,27.0,123.0,41800.0,3022.0
4275,"2812 SHERWOOD RD, MOUNDS VIEW, MN, 55112",Match,Exact,"2812 SHERWOOD RD, MOUNDS VIEW, MN, 55112","-93.219554609859,45.115055774153",97633348.0,L,27.0,123.0,41001.0,2010.0
4396,"1376 BAYARD AVE, ST PAUL, MN, 55116",Match,Non_Exact,"1376 W BAYARD AVE, SAINT PAUL, MN, 55116","-93.158396847879,44.922387229633",97646235.0,L,27.0,123.0,36500.0,1014.0
4034,"1662 WATSON AVE, ST PAUL, MN, 55116",Match,Non_Exact,"1662 W WATSON AVE, SAINT PAUL, MN, 55116","-93.169988466811,44.92422817307",97645997.0,L,27.0,123.0,36400.0,2007.0
4155,"1326 KENNETH ST, ST PAUL, MN, 55116",Match,Non_Exact,"1326 S KENNETH ST, SAINT PAUL, MN, 55116","-93.184757158675,44.901001054908",97639727.0,L,27.0,123.0,37601.0,2007.0
4276,"8064 FAIRCHILD AVE, MOUNDS VIEW, MN, 55112",Match,Exact,"8064 FAIRCHILD AVE, MOUNDS VIEW, MN, 55112","-93.219329633356,45.114457254186",97633359.0,L,27.0,123.0,41001.0,2010.0
4397,"1388 BAYARD AVE, ST PAUL, MN, 55116",Match,Non_Exact,"1388 W BAYARD AVE, SAINT PAUL, MN, 55116","-93.158891261019,44.922388973629",97646235.0,L,27.0,123.0,36500.0,1014.0
4035,"1693 SCHEFFER AVE, ST PAUL, MN, 55116",Match,Non_Exact,"1693 W SCHEFFER AVE, SAINT PAUL, MN, 55116","-93.171787151068,44.921622144732",97646179.0,R,27.0,123.0,36400.0,2011.0
4156,"1299 RYAN AVE W, ROSEVILLE, MN, 55113",Match,Exact,"1299 RYAN AVE W, ROSEVILLE, MN, 55113","-93.154480455716,45.000969775307",97641642.0,R,27.0,123.0,41800.0,3022.0
4277,"475 MOUNT CURVE BLVD, ST PAUL, MN, 55105",Match,Exact,"475 MOUNT CURVE BLVD, SAINT PAUL, MN, 55105","-93.193690877964,44.927718338849",97639410.0,R,27.0,123.0,43001.0,5009.0
4398,"1372 BAYARD AVE, ST PAUL, MN, 55116",Match,Non_Exact,"1372 W BAYARD AVE, SAINT PAUL, MN, 55116","-93.158232043499,44.922386648301",97646235.0,L,27.0,123.0,36500.0,1014.0
4036,"1647 HARTFORD AVE, ST PAUL, MN, 55116",Match,Non_Exact,"1647 W HARTFORD AVE, SAINT PAUL, MN, 55116","-93.169902607358,44.923433461556",97645999.0,R,27.0,123.0,36400.0,2007.0
4157,"1652 MCLEAN AVE, ST PAUL, MN, 55106",Match,Exact,"1652 MCLEAN AVE, SAINT PAUL, MN, 55106","-93.031403257142,44.950401155388",97654896.0,R,27.0,123.0,34701.0,2012.0
4278,"468 MOUNT CURVE BLVD, ST PAUL, MN, 55105",Match,Exact,"468 MOUNT CURVE BLVD, SAINT PAUL, MN, 55105","-93.193529114651,44.927639164982",97639410.0,L,27.0,123.0,43001.0,5008.0
4399,"633 3RD AVE NW, NEW BRIGHTON, MN, 55112",Match,Exact,"633 3RD AVE NW, NEW BRIGHTON, MN, 55112","-93.190454805377,45.059787364857",97634590.0,R,27.0,123.0,41200.0,1021.0
4390,"1088 HOYT AVE W, ST PAUL, MN, 55117",Match,Exact,"1088 HOYT AVE W, SAINT PAUL, MN, 55117","-93.146046724004,44.988276060376",97641814.0,L,27.0,123.0,30300.0,4016.0
4270,"2816 SHERWOOD RD, MOUNDS VIEW, MN, 55112",Match,Exact,"2816 SHERWOOD RD, MOUNDS VIEW, MN, 55112","-93.219626414169,45.115054092558",97633348.0,L,27.0,123.0,41001.0,2010.0
4391,"3012 39TH AVE NE, ST ANTHONY, MN, 55421",Match,Exact,"3012 39TH AVE NE, SAINT ANTHONY, MN, 55421","-93.218061780552,45.039230236297",97637771.0,R,27.0,123.0,41103.0,1009.0
4026,"1609 SCHEFFER AVE, ST PAUL, MN, 55116",Match,Non_Exact,"1609 W SCHEFFER AVE, SAINT PAUL, MN, 55116","-93.168275866664,44.921605303811",97646184.0,R,27.0,123.0,36400.0,2012.0
4147,"1378 SUMNER ST, ST PAUL, MN, 55116",Match,Exact,"1378 SUMNER ST, SAINT PAUL, MN, 55116","-93.183481034019,44.900746031674",97647309.0,L,27.0,123.0,37601.0,2008.0
4268,"455 MOUNT CURVE BLVD, ST PAUL, MN, 55105",Match,Exact,"455 MOUNT CURVE BLVD, SAINT PAUL, MN, 55105","-93.193690246223,44.928229992201",97639410.0,R,27.0,123.0,43001.0,5009.0
4389,"1885 HIGHLAND PKWY, ST PAUL, MN, 55116",Match,Non_Exact,"1885 W HIGHLAND PKWY, SAINT PAUL, MN, 55116","-93.180016048656,44.919830217546",97645957.0,R,27.0,123.0,36300.0,4010.0
4027,"1601 NILES AVE, ST PAUL, MN, 55116",Match,Non_Exact,"1601 W NILES AVE, SAINT PAUL, MN, 55116","-93.168836937397,44.925238696111",97646156.0,R,27.0,123.0,36400.0,2004.0
4148,"1358 KENNETH ST, ST PAUL, MN, 55116",Match,Non_Exact,"1358 S KENNETH ST, SAINT PAUL, MN, 55116","-93.184754658802,44.900296063312",97639727.0,L,27.0,123.0,37601.0,2007.0
4269,"2832 SHERWOOD RD, MOUNDS VIEW, MN, 55112",Match,Exact,"2832 SHERWOOD RD, MOUNDS VIEW, MN, 55112","-93.219913631408,45.115047366178",97633348.0,L,27.0,123.0,41001.0,2010.0
4028,"1616 HARTFORD AVE, ST PAUL, MN, 55116",Match,Non_Exact,"1616 W HARTFORD AVE, SAINT PAUL, MN, 55116","-93.168589748355,44.923310749647",97646173.0,L,27.0,123.0,36400.0,2009.0
4149,"1352 KENNETH ST, ST PAUL, MN, 55116",Match,Non_Exact,"1352 S KENNETH ST, SAINT PAUL, MN, 55116","-93.184755127528,44.900428249236",97639727.0,L,27.0,123.0,37601.0,2007.0
4029,"1658 NILES AVE, ST PAUL, MN, 55116",Match,Non_Exact,"1658 W NILES AVE, SAINT PAUL, MN, 55116","-93.169928311772,44.925127959619",97645992.0,L,27.0,123.0,36400.0,2006.0
4040,"1652 HARTFORD AVE, ST PAUL, MN, 55116",Match,Non_Exact,"1652 W HARTFORD AVE, SAINT PAUL, MN, 55116","-93.170149227649,44.923319743287",97645999.0,L,27.0,123.0,36400.0,2010.0
4161,"1604 MCLEAN AVE, ST PAUL, MN, 55106",Match,Exact,"1604 MCLEAN AVE, SAINT PAUL, MN, 55106","-93.032403642223,44.950394857124",97654896.0,R,27.0,123.0,34701.0,2012.0
4282,"2601 FLANDRAU ST N, MAPLEWOOD, MN, 55109",Match,Non_Exact,"2601 FLANDRAU ST, MAPLEWOOD, MN, 55109","-93.02904822269,45.019039788082",97652113.0,L,27.0,123.0,42401.0,1005.0
4041,"1651 BAYARD AVE, ST PAUL, MN, 55116",Match,Non_Exact,"1651 W BAYARD AVE, SAINT PAUL, MN, 55116","-93.170066885734,44.922523303801",97646001.0,R,27.0,123.0,36400.0,2010.0
4162,"1648 PACIFIC ST, ST PAUL, MN, 55106",Match,Exact,"1648 PACIFIC ST, SAINT PAUL, MN, 55106","-93.031946307326,44.951322391268",97654893.0,R,27.0,123.0,34701.0,2010.0
4283,"1345 CALIFORNIA AVE W, FALCON HEIGHTS, MN, 55108",Match,Non_Exact,"1345 CALIFORNIA AVE, FALCON HEIGHTS, MN, 55108","-93.157740056802,44.990969150923",97641069.0,R,27.0,123.0,41900.0,2011.0
4042,"1624 JUNO AVE, ST PAUL, MN, 55116",Match,Non_Exact,"1624 W JUNO AVE, SAINT PAUL, MN, 55116","-93.169249292121,44.926034571571",97646154.0,L,27.0,123.0,36400.0,2004.0
4163,"1624 SUBURBAN AVE, ST PAUL, MN, 55106",Match,Exact,"1624 SUBURBAN AVE, SAINT PAUL, MN, 55106","-93.029539497431,44.951235103464",638296376.0,R,27.0,123.0,34701.0,2011.0
4284,"3330 ARCADE ST, VADNAIS HEIGHTS, MN, 55127",Match,Exact,"3330 ARCADE ST, VADNAIS HEIGHTS, MN, 55127","-93.066470313983,45.04220920905",641493481.0,R,27.0,123.0,40606.0,3011.0
4043,"1596 NILES AVE, ST PAUL, MN, 55116",Match,Non_Exact,"1596 W NILES AVE, SAINT PAUL, MN, 55116","-93.168768478317,44.925123861817",97646156.0,L,27.0,123.0,36400.0,2005.0
4164,"565 CRETIN AVE S, ST PAUL, MN, 55116",Match,Non_Exact,"565 S CRETIN AVE, SAINT PAUL, MN, 55116","-93.192558287862,44.924446517989",97639535.0,R,27.0,123.0,43001.0,3000.0
4285,"3324 ARCADE ST, VADNAIS HEIGHTS, MN, 55127",Match,Exact,"3324 ARCADE ST, VADNAIS HEIGHTS, MN, 55127","-93.066469012939,45.042084307117",641493481.0,R,27.0,123.0,40606.0,3011.0
4044,"1601 HARTFORD AVE, ST PAUL, MN, 55116",Match,Non_Exact,"1601 W HARTFORD AVE, SAINT PAUL, MN, 55116","-93.167928917458,44.92342068474",97646173.0,R,27.0,123.0,36400.0,2008.0
4165,"1615 BURNS AVE, ST PAUL, MN, 55106",Match,Exact,"1615 BURNS AVE, SAINT PAUL, MN, 55106","-93.032083791554,44.948841021293",97654841.0,L,27.0,123.0,34701.0,2013.0
4286,"2600 GERMAIN ST N, MAPLEWOOD, MN, 55109",Match,Non_Exact,"2600 GERMAIN ST, MAPLEWOOD, MN, 55109","-93.033217254699,45.019049042134",97649846.0,R,27.0,123.0,42401.0,1005.0
4045,"1658 WATSON AVE, ST PAUL, MN, 55116",Match,Non_Exact,"1658 W WATSON AVE, SAINT PAUL, MN, 55116","-93.169928310904,44.924227959747",97645997.0,L,27.0,123.0,36400.0,2007.0
4166,"1621 BURNS AVE, ST PAUL, MN, 55106",Match,Exact,"1621 BURNS AVE, SAINT PAUL, MN, 55106","-93.031859195756,44.948841965949",97654841.0,L,27.0,123.0,34701.0,2013.0
4287,"1479 IDAHO AVE W, FALCON HEIGHTS, MN, 55108",Match,Non_Exact,"1479 W IDAHO AVE, FALCON HEIGHTS, MN, 55108","-93.162469721488,44.990045070683",97641047.0,R,27.0,123.0,41900.0,2014.0
4046,"1608 HARTFORD AVE, ST PAUL, MN, 55116",Match,Non_Exact,"1608 W HARTFORD AVE, SAINT PAUL, MN, 55116","-93.168260139122,44.923308424338",97646173.0,L,27.0,123.0,36400.0,2009.0
4167,"561 CRETIN AVE S, ST PAUL, MN, 55116",Match,Non_Exact,"561 S CRETIN AVE, SAINT PAUL, MN, 55116","-93.192558892006,44.924567350174",97639535.0,R,27.0,123.0,43001.0,3000.0
4288,"576 DESNOYER AVE, ST PAUL, MN, 55104",Match,Exact,"576 DESNOYER AVE, SAINT PAUL, MN, 55104","-93.205171313741,44.956199128206",97638841.0,R,27.0,123.0,43002.0,1010.0
4047,"1666 WATSON AVE, ST PAUL, MN, 55116",Match,Non_Exact,"1666 W WATSON AVE, SAINT PAUL, MN, 55116","-93.170048622719,44.924228386393",97645997.0,L,27.0,123.0,36400.0,2007.0
4168,"1618 SUBURBAN AVE, ST PAUL, MN, 55106",Match,Exact,"1618 SUBURBAN AVE, SAINT PAUL, MN, 55106","-93.029729886949,44.951255748127",638296376.0,R,27.0,123.0,34701.0,2011.0
4289,"1464 CALIFORNIA AVE W, FALCON HEIGHTS, MN, 55108",Match,Non_Exact,"1464 CALIFORNIA AVE, FALCON HEIGHTS, MN, 55108","-93.161790077412,44.990825855516",97641045.0,L,27.0,123.0,41900.0,2014.0
4280,"1622 COUNTY ROAD C E, MAPLEWOOD, MN, 55109",Match,Exact,"1622 CO RD C E, MAPLEWOOD, MN, 55109","-93.032284205906,45.020766562833",647901773.0,R,27.0,123.0,42401.0,1005.0
4160,"1592 PACIFIC ST, ST PAUL, MN, 55106",Match,Exact,"1592 PACIFIC ST, SAINT PAUL, MN, 55106","-93.033622687675,44.951318876959",97654893.0,R,27.0,123.0,34701.0,2010.0
4281,"1632 COUNTY ROAD C E, MAPLEWOOD, MN, 55109",Match,Exact,"1632 CO RD C E, MAPLEWOOD, MN, 55109","-93.031859933304,45.020765255338",647901773.0,R,27.0,123.0,42401.0,1005.0
4037,"1676 BAYARD AVE, ST PAUL, MN, 55116",Match,Non_Exact,"1676 W BAYARD AVE, SAINT PAUL, MN, 55116","-93.17113206157,44.922408712495",97646001.0,L,27.0,123.0,36400.0,2011.0
4158,"1598 PACIFIC ST, ST PAUL, MN, 55106",Match,Exact,"1598 PACIFIC ST, SAINT PAUL, MN, 55106","-93.033443075495,44.951319253492",97654893.0,R,27.0,123.0,34701.0,2010.0
4279,"3322 ARCADE ST, VADNAIS HEIGHTS, MN, 55127",Match,Exact,"3322 ARCADE ST, VADNAIS HEIGHTS, MN, 55127","-93.066468579257,45.042042673139",641493481.0,R,27.0,123.0,40606.0,3011.0
4038,"1605 BAYARD AVE, ST PAUL, MN, 55116",Match,Non_Exact,"1605 W BAYARD AVE, SAINT PAUL, MN, 55116","-93.168906205137,44.922520940843",97646160.0,R,27.0,123.0,36400.0,2009.0
4159,"1300 SHRYER AVE W, ROSEVILLE, MN, 55113",Match,Exact,"1300 SHRYER AVE W, ROSEVILLE, MN, 55113","-93.154942447883,45.001748425186",97641637.0,L,27.0,123.0,41800.0,3022.0
4039,"1670 BAYARD AVE, ST PAUL, MN, 55116",Match,Non_Exact,"1670 W BAYARD AVE, SAINT PAUL, MN, 55116","-93.170886251766,44.922408712478",97646001.0,L,27.0,123.0,36400.0,2011.0
4051,"1641 WATSON AVE, ST PAUL, MN, 55116",Match,Non_Exact,"1641 W WATSON AVE, SAINT PAUL, MN, 55116","-93.169656798753,44.924341589745",97645997.0,R,27.0,123.0,36400.0,2006.0
4172,"767 MONTANA AVE W, ST PAUL, MN, 55117",Match,Non_Exact,"767 W MONTANA AVE, SAINT PAUL, MN, 55117","-93.132670921158,44.987389176017",97641967.0,R,27.0,123.0,30300.0,1020.0
4293,"1438 COMO BLVD E, ST PAUL, MN, 55117",Match,Non_Exact,"1438 E COMO BLVD, SAINT PAUL, MN, 55117","-93.139899030462,44.984607774168",97641931.0,R,27.0,123.0,30300.0,4031.0
4052,"1612 NILES AVE, ST PAUL, MN, 55116",Match,Non_Exact,"1612 W NILES AVE, SAINT PAUL, MN, 55116","-93.169045539859,44.925124839126",97646156.0,L,27.0,123.0,36400.0,2005.0
4173,"570 MONTROSE LN, ST PAUL, MN, 55116",Match,Exact,"570 MONTROSE LN, SAINT PAUL, MN, 55116","-93.193509908397,44.924980806206",97639528.0,L,27.0,123.0,43001.0,3000.0
4294,"1388 COMO BLVD E, ST PAUL, MN, 55117",Match,Exact,"1388 COMO BLVD E, SAINT PAUL, MN, 55117","-93.139169684595,44.982066502496",656768055.0,R,27.0,123.0,30300.0,4033.0
4053,"1636 JUNO AVE, ST PAUL, MN, 55116",Match,Non_Exact,"1636 W JUNO AVE, SAINT PAUL, MN, 55116","-93.169456696752,44.926035304464",97646154.0,L,27.0,123.0,36400.0,2004.0
4174,"791 MONTANA AVE W, ST PAUL, MN, 55117",Match,Non_Exact,"791 W MONTANA AVE, SAINT PAUL, MN, 55117","-93.133160224775,44.987393253582",97641967.0,R,27.0,123.0,30300.0,1020.0
4295,"1426 COMO BLVD E, ST PAUL, MN, 55117",Match,Non_Exact,"1426 E COMO BLVD, SAINT PAUL, MN, 55117","-93.139903741879,44.98421516052",97641931.0,R,27.0,123.0,30300.0,4031.0
4054,"1630 WATSON AVE, ST PAUL, MN, 55116",Match,Non_Exact,"1630 W WATSON AVE, SAINT PAUL, MN, 55116","-93.169357641097,44.924225166801",97646158.0,L,27.0,123.0,36400.0,2008.0
4175,"504 MISSISSIPPI RIVER BLVD S, ST PAUL, MN, 55116",Match,Exact,"504 MISSISSIPPI RIVER BLVD S, SAINT PAUL, MN, 55116","-93.196811038363,44.926377211488",97639517.0,L,27.0,123.0,43001.0,3002.0
4296,"1434 COMO BLVD E, ST PAUL, MN, 55117",Match,Non_Exact,"1434 E COMO BLVD, SAINT PAUL, MN, 55117","-93.139900600934,44.984476902952",97641931.0,R,27.0,123.0,30300.0,4031.0
4055,"1660 NILES AVE, ST PAUL, MN, 55116",Match,Non_Exact,"1660 W NILES AVE, SAINT PAUL, MN, 55116","-93.169958389693,44.92512806628",97645992.0,L,27.0,123.0,36400.0,2006.0
4176,"779 MONTANA AVE W, ST PAUL, MN, 55117",Match,Non_Exact,"779 W MONTANA AVE, SAINT PAUL, MN, 55117","-93.132915572967,44.9873912148",97641967.0,R,27.0,123.0,30300.0,1020.0
4297,"1007 MONTANA AVE W, ST PAUL, MN, 55117",Match,Non_Exact,"1007 W MONTANA AVE, SAINT PAUL, MN, 55117","-93.142715965484,44.987472122574",97641873.0,R,27.0,123.0,30300.0,4017.0
4056,"1651 HARTFORD AVE, ST PAUL, MN, 55116",Match,Non_Exact,"1651 W HARTFORD AVE, SAINT PAUL, MN, 55116","-93.170066480524,44.923434042678",97645999.0,R,27.0,123.0,36400.0,2007.0
4177,"553 MONTROSE LN, ST PAUL, MN, 55116",Match,Exact,"553 MONTROSE LN, SAINT PAUL, MN, 55116","-93.193672618629,44.924286460403",97639528.0,R,27.0,123.0,43001.0,3001.0
4298,"992 HOYT AVE W, ST PAUL, MN, 55117",Match,Exact,"992 HOYT AVE W, SAINT PAUL, MN, 55117","-93.142207765399,44.988253035906",97641871.0,L,27.0,123.0,30300.0,4017.0
4057,"1659 BAYARD AVE, ST PAUL, MN, 55116",Match,Non_Exact,"1659 W BAYARD AVE, SAINT PAUL, MN, 55116","-93.170394632141,44.922523303824",97646001.0,R,27.0,123.0,36400.0,2010.0
4178,"755 MONTANA AVE W, ST PAUL, MN, 55117",Match,Non_Exact,"755 W MONTANA AVE, SAINT PAUL, MN, 55117","-93.13242626935,44.987387137235",97641967.0,R,27.0,123.0,30300.0,1020.0
4299,"1000 HOYT AVE W, ST PAUL, MN, 55117",Match,Exact,"1000 HOYT AVE W, SAINT PAUL, MN, 55117","-93.142544511813,44.988254424574",97641871.0,L,27.0,123.0,30300.0,4017.0
4058,"1649 SCHEFFER AVE, ST PAUL, MN, 55116",Match,Non_Exact,"1649 W SCHEFFER AVE, SAINT PAUL, MN, 55116","-93.169984542362,44.921615752377",97646179.0,R,27.0,123.0,36400.0,2011.0
4179,"768 MONTANA AVE W, ST PAUL, MN, 55117",Match,Non_Exact,"768 W MONTANA AVE, SAINT PAUL, MN, 55117","-93.132713605355,44.98727493237",97641967.0,L,27.0,123.0,30300.0,1031.0
4290,"1394 COMO BLVD E, ST PAUL, MN, 55117",Match,Exact,"1394 COMO BLVD E, SAINT PAUL, MN, 55117","-93.139188735304,44.9821268401",656768055.0,R,27.0,123.0,30300.0,4033.0
4170,"1624 MCLEAN AVE, ST PAUL, MN, 55106",Match,Exact,"1624 MCLEAN AVE, SAINT PAUL, MN, 55106","-93.031986815106,44.9503974814",97654896.0,R,27.0,123.0,34701.0,2012.0
4291,"1468 CALIFORNIA AVE W, FALCON HEIGHTS, MN, 55108",Match,Non_Exact,"1468 CALIFORNIA AVE, FALCON HEIGHTS, MN, 55108","-93.161861808348,44.990825100459",97641045.0,L,27.0,123.0,41900.0,2014.0
4050,"1650 WATSON AVE, ST PAUL, MN, 55116",Match,Non_Exact,"1650 W WATSON AVE, SAINT PAUL, MN, 55116","-93.169807999089,44.9242275331",97645997.0,L,27.0,123.0,36400.0,2007.0
4171,"773 MONTANA AVE W, ST PAUL, MN, 55117",Match,Non_Exact,"773 W MONTANA AVE, SAINT PAUL, MN, 55117","-93.132793247062,44.987390195409",97641967.0,R,27.0,123.0,30300.0,1020.0
4292,"1384 COMO BLVD E, ST PAUL, MN, 55117",Match,Exact,"1384 COMO BLVD E, SAINT PAUL, MN, 55117","-93.139114097816,44.982018856669",656768055.0,R,27.0,123.0,30300.0,4033.0
4048,"1697 SCHEFFER AVE, ST PAUL, MN, 55116",Match,Non_Exact,"1697 W SCHEFFER AVE, SAINT PAUL, MN, 55116","-93.171951024587,44.921622725855",97646179.0,R,27.0,123.0,36400.0,2011.0
4169,"544 MONTROSE LN, ST PAUL, MN, 55116",Match,Exact,"544 MONTROSE LN, SAINT PAUL, MN, 55116","-93.193509528111,44.925288043157",97639528.0,L,27.0,123.0,43001.0,3000.0
4049,"1632 JUNO AVE, ST PAUL, MN, 55116",Match,Non_Exact,"1632 W JUNO AVE, SAINT PAUL, MN, 55116","-93.169387561875,44.926035060166",97646154.0,L,27.0,123.0,36400.0,2004.0
4062,"1662 BAYARD AVE, ST PAUL, MN, 55116",Match,Non_Exact,"1662 W BAYARD AVE, SAINT PAUL, MN, 55116","-93.170558505359,44.922408712455",97646001.0,L,27.0,123.0,36400.0,2011.0
4183,"792 MONTANA AVE W, ST PAUL, MN, 55117",Match,Non_Exact,"792 W MONTANA AVE, SAINT PAUL, MN, 55117","-93.133202908972,44.987279009934",97641967.0,L,27.0,123.0,30300.0,1031.0
4063,"1668 HARTFORD AVE, ST PAUL, MN, 55116",Match,Non_Exact,"1668 W HARTFORD AVE, SAINT PAUL, MN, 55116","-93.170804720311,44.923322067775",97645999.0,L,27.0,123.0,36400.0,2010.0
4184,"777 LAKEVIEW AVE, ST PAUL, MN, 55117",Match,Non_Exact,"777 W LAKEVIEW AVE, SAINT PAUL, MN, 55117","-93.133129191059,44.981964159119",97641994.0,R,27.0,123.0,30300.0,2009.0
4064,"1604 HARTFORD AVE, ST PAUL, MN, 55116",Match,Non_Exact,"1604 W HARTFORD AVE, SAINT PAUL, MN, 55116","-93.168095334506,44.923307261684",97646173.0,L,27.0,123.0,36400.0,2009.0
4185,"1101 RIPLEY AVE E, MAPLEWOOD, MN, 55109",Match,Non_Exact,"1101 RIPLEY AVE, MAPLEWOOD, MN, 55109","-93.054004261135,44.995771817502",97660357.0,L,27.0,123.0,42302.0,1007.0
4065,"1650 BAYARD AVE, ST PAUL, MN, 55116",Match,Non_Exact,"1650 W BAYARD AVE, SAINT PAUL, MN, 55116","-93.17006688575,44.922408712421",97646001.0,L,27.0,123.0,36400.0,2011.0
4186,"883 BERWOOD AVE W, VADNAIS HEIGHTS, MN, 55127",Match,Exact,"883 BERWOOD AVE W, VADNAIS HEIGHTS, MN, 55127","-93.064564207845,45.04315927887",97667200.0,L,27.0,123.0,40606.0,3008.0
4066,"1614 PACIFIC ST, ST PAUL, MN, 55106",Match,Exact,"1614 PACIFIC ST, SAINT PAUL, MN, 55106","-93.032964109681,44.95132025758",97654893.0,R,27.0,123.0,34701.0,2010.0
4187,"783 LAKEVIEW AVE, ST PAUL, MN, 55117",Match,Non_Exact,"783 W LAKEVIEW AVE, SAINT PAUL, MN, 55117","-93.133265155118,44.981964526103",97641994.0,R,27.0,123.0,30300.0,2009.0
4067,"1626 PACIFIC ST, ST PAUL, MN, 55106",Match,Exact,"1626 PACIFIC ST, SAINT PAUL, MN, 55106","-93.032604885321,44.951321010646",97654893.0,R,27.0,123.0,34701.0,2010.0
4188,"1092 GORDON AVE E, MAPLEWOOD, MN, 55109",Match,Non_Exact,"1092 GORDON AVE, MAPLEWOOD, MN, 55109","-93.0545255828,44.996141430593",97667597.0,R,27.0,123.0,42302.0,1007.0
4068,"766 IOWA AVE W, ST PAUL, MN, 55117",Match,Exact,"766 IOWA AVE W, SAINT PAUL, MN, 55117","-93.132651886232,44.989083593239",97641961.0,L,27.0,123.0,30300.0,1017.0
4189,"765 LAKEVIEW AVE, ST PAUL, MN, 55117",Match,Non_Exact,"765 W LAKEVIEW AVE, SAINT PAUL, MN, 55117","-93.132857262943,44.981963425151",97641994.0,R,27.0,123.0,30300.0,2009.0
4069,"788 IOWA AVE W, ST PAUL, MN, 55117",Match,Exact,"788 IOWA AVE W, SAINT PAUL, MN, 55117","-93.133102433786,44.989087332254",97641961.0,L,27.0,123.0,30300.0,1017.0
4180,"546 MOUNT CURVE BLVD, ST PAUL, MN, 55116",Match,Non_Exact,"546 S MOUNT CURVE BLVD, SAINT PAUL, MN, 55116","-93.194908842054,44.924382706129",97639519.0,L,27.0,123.0,43001.0,3001.0
4060,"1625 NILES AVE, ST PAUL, MN, 55116",Match,Non_Exact,"1625 W NILES AVE, SAINT PAUL, MN, 55116","-93.169252529711,44.925240162074",97646156.0,R,27.0,123.0,36400.0,2004.0
4181,"774 MONTANA AVE W, ST PAUL, MN, 55117",Match,Non_Exact,"774 W MONTANA AVE, SAINT PAUL, MN, 55117","-93.132835931259,44.987275951761",97641967.0,L,27.0,123.0,30300.0,1031.0
4061,"1659 HARTFORD AVE, ST PAUL, MN, 55116",Match,Non_Exact,"1659 W HARTFORD AVE, SAINT PAUL, MN, 55116","-93.170394226855,44.923435204922",97645999.0,R,27.0,123.0,36400.0,2007.0
4182,"780 MONTANA AVE W, ST PAUL, MN, 55117",Match,Non_Exact,"780 W MONTANA AVE, SAINT PAUL, MN, 55117","-93.132958257163,44.987276971152",97641967.0,L,27.0,123.0,30300.0,1031.0
4059,"617 SNELLING AVE S, ST PAUL, MN, 55116",Match,Exact,"617 SNELLING AVE S, SAINT PAUL, MN, 55116","-93.167105704655,44.922930108091",97646174.0,R,27.0,123.0,36400.0,2009.0
4073,"1710 BIRCH LAKE AVE, WHITE BEAR LAKE, MN, 55110",Match,Exact,"1710 BIRCH LAKE AVE, WHITE BEAR LAKE, MN, 55110","-93.028928494861,45.082788679221",97666658.0,L,27.0,123.0,40504.0,4020.0
4194,"887 PARKVIEW AVE, ST PAUL, MN, 55117",Match,Non_Exact,"887 W PARKVIEW AVE, SAINT PAUL, MN, 55117","-93.137516161838,44.983549000637",97641932.0,R,27.0,123.0,30300.0,4031.0
4074,"1707 FLORENCE ST, WHITE BEAR LAKE, MN, 55110",Match,Exact,"1707 FLORENCE ST, WHITE BEAR LAKE, MN, 55110","-93.029236241742,45.081093145624",97662155.0,R,27.0,123.0,40504.0,4020.0
4195,"1839 WESTERN AVE N, ROSEVILLE, MN, 55113",Match,Non_Exact,"1839 N WESTERN AVE, ROSEVILLE, MN, 55113","-93.116081254953,44.996139657641",647898722.0,L,27.0,123.0,41602.0,3000.0
4075,"1717 FLORENCE ST, WHITE BEAR LAKE, MN, 55110",Match,Exact,"1717 FLORENCE ST, WHITE BEAR LAKE, MN, 55110","-93.028801574951,45.081092197575",97662155.0,R,27.0,123.0,40504.0,4020.0
4196,"866 ARLINGTON AVE W, ST PAUL, MN, 55117",Match,Exact,"866 ARLINGTON AVE W, SAINT PAUL, MN, 55117","-93.135749535325,44.984585434847",97641972.0,L,27.0,123.0,30300.0,2003.0
4076,"1716 FLORENCE ST, WHITE BEAR LAKE, MN, 55110",Match,Exact,"1716 FLORENCE ST, WHITE BEAR LAKE, MN, 55110","-93.028628209519,45.080977227512",97662155.0,L,27.0,123.0,40504.0,4021.0
4197,"890 ARLINGTON AVE W, ST PAUL, MN, 55117",Match,Exact,"890 ARLINGTON AVE W, SAINT PAUL, MN, 55117","-93.136141827486,44.984588207257",97641972.0,L,27.0,123.0,30300.0,2003.0
4077,"1713 HIGHWAY 96, WHITE BEAR LAKE, MN, 55110",Match,Exact,"1713 CO RD 96, WHITE BEAR LAKE, MN, 55110","-93.028454215599,45.079343595774",638347969.0,L,27.0,123.0,40504.0,4021.0
4198,"900 PARKVIEW AVE, ST PAUL, MN, 55117",Match,Non_Exact,"900 W PARKVIEW AVE, SAINT PAUL, MN, 55117","-93.137274123837,44.983433205219",97641932.0,L,27.0,123.0,30300.0,4032.0
4078,"1716 BIRCH LAKE AVE, WHITE BEAR LAKE, MN, 55110",Match,Exact,"1716 BIRCH LAKE AVE, WHITE BEAR LAKE, MN, 55110","-93.028673468047,45.082788679204",97666658.0,L,27.0,123.0,40504.0,4020.0
4199,"907 PARKVIEW AVE, ST PAUL, MN, 55117",Match,Non_Exact,"907 W PARKVIEW AVE, SAINT PAUL, MN, 55117","-93.137943938742,44.983551123629",97641932.0,R,27.0,123.0,30300.0,4031.0
4079,"1707 HIGHWAY 96, WHITE BEAR LAKE, MN, 55110",Match,Exact,"1707 CO RD 96, WHITE BEAR LAKE, MN, 55110","-93.028702017846,45.079340747489",638347969.0,L,27.0,123.0,40504.0,4021.0
4190,"1862 WESTERN AVE N, ROSEVILLE, MN, 55113",Match,Non_Exact,"1862 N WESTERN AVE, ROSEVILLE, MN, 55113","-93.115922348951,44.996513418416",647898722.0,R,27.0,123.0,41602.0,3000.0
4070,"748 IDAHO AVE W, ST PAUL, MN, 55117",Match,Exact,"748 IDAHO AVE W, SAINT PAUL, MN, 55117","-93.13226975635,44.989989533911",97641959.0,L,27.0,123.0,30300.0,1012.0
4191,"759 LAKEVIEW AVE, ST PAUL, MN, 55117",Match,Non_Exact,"759 W LAKEVIEW AVE, SAINT PAUL, MN, 55117","-93.132721298885,44.981963058167",97641994.0,R,27.0,123.0,30300.0,2009.0
4071,"742 IOWA AVE W, ST PAUL, MN, 55117",Match,Exact,"742 IOWA AVE W, SAINT PAUL, MN, 55117","-93.132160379809,44.989079514313",97641961.0,L,27.0,123.0,30300.0,1017.0
4192,"294 SOUTH MCCARRONS BLVD, ROSEVILLE, MN, 55113",Match,Non_Exact,"294 MCCARRONS BLVD S, ROSEVILLE, MN, 55113","-93.113068578421,44.996179430595",97643562.0,L,27.0,123.0,41602.0,3000.0
4072,"1037 ST ANTHONY AVE, ST PAUL, MN, 55104",Match,Exact,"1037 ST ANTHONY AVE, SAINT PAUL, MN, 55104","-93.142741543318,44.952187297572",97646598.0,R,27.0,123.0,33500.0,3012.0
4193,"771 LAKEVIEW AVE, ST PAUL, MN, 55117",Match,Non_Exact,"771 W LAKEVIEW AVE, SAINT PAUL, MN, 55117","-93.132993227001,44.981963792135",97641994.0,R,27.0,123.0,30300.0,2009.0
4084,"4447 OTTER LAKE RD, WHITE BEAR TOWN, MN, 55110",Match,Non_Exact,"4447 OTTER LAKE RD, WHITE BEAR TOWNSHIP, MN, 55110","-93.03492139416,45.075954948121",97636549.0,L,27.0,123.0,40503.0,3000.0
4085,"2069 COTTAGE AVE E, ST PAUL, MN, 55119",Match,Non_Exact,"2069 E COTTAGE AVE, SAINT PAUL, MN, 55119","-93.013685733196,44.982990296073",97653282.0,L,27.0,123.0,30702.0,1007.0
4086,"2016 GREENBRIER ST N, MAPLEWOOD, MN, 55117",Match,Non_Exact,"2016 GREENBRIER ST, MAPLEWOOD, MN, 55117","-93.07150700048,45.003893601884",97649491.0,R,27.0,123.0,42202.0,1013.0
4087,"2066 SHERWOOD AVE, ST PAUL, MN, 55119",Match,Exact,"2066 SHERWOOD AVE, SAINT PAUL, MN, 55119","-93.014221466405,44.98377386658",97653280.0,R,27.0,123.0,30702.0,1007.0
4088,"2061 COTTAGE AVE E, ST PAUL, MN, 55119",Match,Non_Exact,"2061 E COTTAGE AVE, SAINT PAUL, MN, 55119","-93.013901332826,44.98298951493",97653282.0,L,27.0,123.0,30702.0,1007.0
4089,"2057 COTTAGE AVE E, ST PAUL, MN, 55119",Match,Non_Exact,"2057 E COTTAGE AVE, SAINT PAUL, MN, 55119","-93.01400913264,44.982989124358",97653282.0,L,27.0,123.0,30702.0,1007.0
4080,"2134 ARLINGTON AVE E, ST PAUL, MN, 55119",Match,Exact,"2134 ARLINGTON AVE E, SAINT PAUL, MN, 55119","-93.011739162383,44.984685731975",97653246.0,R,27.0,123.0,30702.0,1009.0
4081,"2135 SHERWOOD AVE, ST PAUL, MN, 55119",Match,Exact,"2135 SHERWOOD AVE, SAINT PAUL, MN, 55119","-93.011744279156,44.983897362027",97653280.0,L,27.0,123.0,30702.0,1009.0
4082,"2141 SHERWOOD AVE, ST PAUL, MN, 55119",Match,Exact,"2141 SHERWOOD AVE, SAINT PAUL, MN, 55119","-93.011597415833,44.983897889827",97653280.0,L,27.0,123.0,30702.0,1009.0
4083,"4455 OTTER LAKE RD, WHITE BEAR TOWN, MN, 55110",Match,Non_Exact,"4455 OTTER LAKE RD, WHITE BEAR TOWNSHIP, MN, 55110","-93.035054410333,45.076121094778",97636549.0,L,27.0,123.0,40503.0,3000.0
4095,"2319 7TH AVE E, NORTH ST PAUL, MN, 55109",Match,Exact,"2319 7TH AVE E, NORTH ST PAUL, MN, 55109","-93.002681879271,45.006461869823",619598023.0,L,27.0,123.0,42700.0,3013.0
4096,"2293 7TH AVE E, NORTH ST PAUL, MN, 55109",Match,Exact,"2293 7TH AVE E, NORTH ST PAUL, MN, 55109","-93.004378892253,45.005479896997",647902588.0,L,27.0,123.0,42700.0,3021.0
4097,"2146 MCKNIGHT RD N, NORTH ST PAUL, MN, 55109",Match,Exact,"2146 MCKNIGHT RD N, NORTH ST PAUL, MN, 55109","-93.004898783307,45.005709390359",647897817.0,R,27.0,123.0,42700.0,3021.0
4098,"1027 ST ANTHONY AVE, ST PAUL, MN, 55104",Match,Exact,"1027 ST ANTHONY AVE, SAINT PAUL, MN, 55104","-93.142535933161,44.952187297558",97646598.0,R,27.0,123.0,33500.0,3012.0
4099,"2056 IVY ST, NORTH ST PAUL, MN, 55109",Match,Non_Exact,"2056 N IVY ST, NORTH ST PAUL, MN, 55109","-93.003606213856,45.00363088886",97652727.0,R,27.0,123.0,42700.0,5004.0
4090,"466 MISSISSIPPI RIVER BLVD S, ST PAUL, MN, 55105",Match,Exact,"466 MISSISSIPPI RIVER BLVD S, SAINT PAUL, MN, 55105","-93.196750149657,44.927517183027",97666738.0,L,27.0,123.0,43001.0,5014.0
4091,"454 MOUNT CURVE BLVD, ST PAUL, MN, 55105",Match,Exact,"454 MOUNT CURVE BLVD, SAINT PAUL, MN, 55105","-93.193528806438,44.927888789799",97639410.0,L,27.0,123.0,43001.0,5008.0
4092,"2865 FAIRVIEW AVE N, ROSEVILLE, MN, 55113",Match,Exact,"2865 FAIRVIEW AVE N, ROSEVILLE, MN, 55113","-93.177372757277,45.027403422934",97639960.0,L,27.0,123.0,41302.0,4000.0
4093,"1858 COUNTY ROAD C2 W, ROSEVILLE, MN, 55113",Match,Exact,"1858 CO RD C2 W, ROSEVILLE, MN, 55113","-93.178967854819,45.02777776513",97639949.0,L,27.0,123.0,41302.0,4000.0
4094,"1850 COUNTY ROAD C2 W, ROSEVILLE, MN, 55113",Match,Exact,"1850 CO RD C2 W, ROSEVILLE, MN, 55113","-93.178588947878,45.027781233443",97639952.0,L,27.0,123.0,41302.0,4000.0
4970,"1339 ARONA ST, ST PAUL, MN, 55108",Tie,,,,,,,,,
4850,"1432 PASCAL ST N, ST PAUL, MN, 55108",Match,Exact,"1432 PASCAL ST N, SAINT PAUL, MN, 55108","-93.161727402383,44.984315869271",97641094.0,R,27.0,123.0,30201.0,4003.0
4971,"1541 MIDWAY PKWY, ST PAUL, MN, 55108",No_Match,,,,,,,,,
4606,"1717 ASBURY ST, FALCON HEIGHTS, MN, 55113",Match,Non_Exact,"1717 N ASBURY ST, FALCON HEIGHTS, MN, 55113","-93.165574294345,44.99324630821",97640921.0,L,27.0,123.0,41900.0,3016.0
4727,"1510 CHELSEA ST, ST PAUL, MN, 55108",Match,Non_Exact,"1510 N CHELSEA ST, SAINT PAUL, MN, 55108","-93.15395102224,44.98683889161",97641759.0,R,27.0,123.0,30202.0,3000.0
4848,"1434 ASBURY ST, ST PAUL, MN, 55108",Tie,,,,,,,,,
4969,"1368 FRANKSON AVE, ST PAUL, MN, 55108",Match,Exact,"1368 FRANKSON AVE, SAINT PAUL, MN, 55108","-93.157907775768,44.982123702857",97641772.0,L,27.0,123.0,30201.0,4012.0
4607,"1821 ASBURY ST, FALCON HEIGHTS, MN, 55113",Match,Non_Exact,"1821 N ASBURY ST, FALCON HEIGHTS, MN, 55113","-93.165565750444,44.995802553019",97640917.0,L,27.0,123.0,41900.0,3017.0
4728,"1597 CHELSEA ST, ST PAUL, MN, 55108",Tie,,,,,,,,,
4849,"1423 SHELDON ST, ST PAUL, MN, 55108",Tie,,,,,,,,,
4608,"1809 ASBURY ST, FALCON HEIGHTS, MN, 55113",Match,Non_Exact,"1809 N ASBURY ST, FALCON HEIGHTS, MN, 55113","-93.165566653391,44.995441394047",97640917.0,L,27.0,123.0,41900.0,3017.0
4729,"1460 HAMLINE AVE N, ST PAUL, MN, 55108",Match,Exact,"1460 HAMLINE AVE N, SAINT PAUL, MN, 55108","-93.156579217771,44.985708468308",97641750.0,R,27.0,123.0,30201.0,2016.0
4609,"1850 SNELLING AVE N, FALCON HEIGHTS, MN, 55108",Match,Non_Exact,"1850 SNELLING AVE N, FALCON HEIGHTS, MN, 55113","-93.166439758348,44.992527390756",97674175.0,R,27.0,123.0,41900.0,3020.0
4840,"2169 GARDENETTE DR N, WHITE BEAR LAKE, MN, 55110",Match,Exact,"2169 GARDENETTE DR N, WHITE BEAR LAKE, MN, 55110","-93.009376767554,45.067763332012",97637241.0,L,27.0,123.0,40301.0,2014.0
4961,"1365 SHELDON ST, ST PAUL, MN, 55108",Tie,,,,,,,,,
4720,"1644 HAMLINE AVE N, ST PAUL, MN, 55108",Match,Exact,"1644 HAMLINE AVE N, SAINT PAUL, MN, 55108","-93.156492952651,44.990744020777",97641738.0,R,27.0,123.0,30201.0,1004.0
4841,"2194 GARDENETTE DR N, WHITE BEAR LAKE, MN, 55110",Match,Exact,"2194 GARDENETTE DR N, WHITE BEAR LAKE, MN, 55110","-93.008873976574,45.06764563259",97637241.0,R,27.0,123.0,40301.0,2013.0
4962,"1416 FRANKSON AVE, ST PAUL, MN, 55108",Match,Exact,"1416 FRANKSON AVE, SAINT PAUL, MN, 55108","-93.159902200799,44.982345553137",647902758.0,L,27.0,123.0,30201.0,4012.0
4600,"1528 ASBURY ST, ST PAUL, MN, 55108",Match,Non_Exact,"1528 N ASBURY ST, SAINT PAUL, MN, 55108","-93.165536077331,44.986644401864",97641000.0,R,27.0,123.0,30201.0,2007.0
4721,"1614 FERNWOOD ST, ST PAUL, MN, 55108",Tie,,,,,,,,,
4842,"2216 SOUTH SHORE BLVD, WHITE BEAR LAKE, MN, 55110",Match,Exact,"2216 S SHORE BLVD, WHITE BEAR LAKE, MN, 55110","-93.007017388252,45.069392477816",97662159.0,R,27.0,123.0,40301.0,2010.0
4963,"1398 FRANKSON AVE, ST PAUL, MN, 55108",Match,Exact,"1398 FRANKSON AVE, SAINT PAUL, MN, 55108","-93.159203414644,44.982338494015",97641125.0,L,27.0,123.0,30201.0,4012.0
4601,"1970 ASBURY ST, ROSEVILLE, MN, 55113",Match,Exact,"1970 ASBURY ST, ROSEVILLE, MN, 55113","-93.16480461208,45.001446042131",97640928.0,R,27.0,123.0,41800.0,2006.0
4722,"1544 HURON ST, ST PAUL, MN, 55108",Match,Non_Exact,"1544 N HURON ST, SAINT PAUL, MN, 55108","-93.155243369426,44.987240949926",97641758.0,R,27.0,123.0,30201.0,2000.0
4843,"2070 FLORAL DR, WHITE BEAR LAKE, MN, 55110",Match,Exact,"2070 FLORAL DR, WHITE BEAR LAKE, MN, 55110","-93.012899475225,45.065679928943",97637190.0,R,27.0,123.0,40301.0,2011.0
4964,"1454 FRANKSON AVE, ST PAUL, MN, 55108",Match,Exact,"1454 FRANKSON AVE, SAINT PAUL, MN, 55108","-93.161542206211,44.982514356417",647902758.0,L,27.0,123.0,30201.0,4012.0
4602,"1759 PHALEN PL N, MAPLEWOOD, MN, 55109",Match,Non_Exact,"1759 PHALEN PL, MAPLEWOOD, MN, 55109","-93.05328261427,44.994460044411",635553705.0,L,27.0,123.0,42302.0,1019.0
4723,"1529 CHELSEA ST, ST PAUL, MN, 55108",Match,Non_Exact,"1529 N CHELSEA ST, SAINT PAUL, MN, 55108","-93.154105719858,44.987327546474",97641759.0,L,27.0,123.0,30201.0,2000.0
4844,"2116 FLORAL DR, WHITE BEAR LAKE, MN, 55110",Match,Exact,"2116 FLORAL DR, WHITE BEAR LAKE, MN, 55110","-93.01129603066,45.065668636968",97637190.0,R,27.0,123.0,40301.0,2011.0
4965,"1359 HAMLINE AVE N, ST PAUL, MN, 55108",Match,Exact,"1359 HAMLINE AVE N, SAINT PAUL, MN, 55108","-93.156802555267,44.98227611824",97641768.0,L,27.0,123.0,30201.0,4000.0
4603,"1716 EAST SHORE DR N, MAPLEWOOD, MN, 55109",Match,Non_Exact,"1716 E SHORE DR, MAPLEWOOD, MN, 55109","-93.052494557707,44.993263509929",97662426.0,R,27.0,123.0,42302.0,1019.0
4724,"1535 CHELSEA ST, ST PAUL, MN, 55108",Match,Non_Exact,"1535 N CHELSEA ST, SAINT PAUL, MN, 55108","-93.154103104536,44.98750189973",97641759.0,L,27.0,123.0,30201.0,2000.0
4845,"2054 FLORAL DR, WHITE BEAR LAKE, MN, 55110",Match,Exact,"2054 FLORAL DR, WHITE BEAR LAKE, MN, 55110","-93.013457195074,45.065683856587",97637190.0,R,27.0,123.0,40301.0,2011.0
4966,"1343 ARONA ST, ST PAUL, MN, 55108",Tie,,,,,,,,,
4604,"1840 SNELLING AVE N, FALCON HEIGHTS, MN, 55108",Match,Non_Exact,"1840 SNELLING AVE N, FALCON HEIGHTS, MN, 55113","-93.166439758354,44.992480450934",97674175.0,R,27.0,123.0,41900.0,3020.0
4725,"1503 CHELSEA ST, ST PAUL, MN, 55108",Match,Non_Exact,"1503 N CHELSEA ST, SAINT PAUL, MN, 55108","-93.154117052922,44.9865720157",97641759.0,L,27.0,123.0,30201.0,2000.0
4846,"1399 SHELDON ST, ST PAUL, MN, 55108",Tie,,,,,,,,,
4967,"1350 ASBURY ST, ST PAUL, MN, 55108",Tie,,,,,,,,,
4605,"1861 ASBURY ST, FALCON HEIGHTS, MN, 55113",Match,Non_Exact,"1861 N ASBURY ST, FALCON HEIGHTS, MN, 55113","-93.16556274062,44.997006416259",97640917.0,L,27.0,123.0,41900.0,3017.0
4726,"1510 HURON ST, ST PAUL, MN, 55108",Match,Non_Exact,"1510 N HURON ST, SAINT PAUL, MN, 55108","-93.155253815582,44.986644031359",97641758.0,R,27.0,123.0,30201.0,2000.0
4847,"2225 LILAC LN, WHITE BEAR LAKE, MN, 55110",Match,Exact,"2225 LILAC LN, WHITE BEAR LAKE, MN, 55110","-93.006689685218,45.068350271179",97637240.0,L,27.0,123.0,40301.0,2010.0
4968,"1372 FRANKSON AVE, ST PAUL, MN, 55108",Match,Exact,"1372 FRANKSON AVE, SAINT PAUL, MN, 55108","-93.158153180301,44.982123702874",97641125.0,L,27.0,123.0,30201.0,4012.0
4980,"1366 ARONA ST, ST PAUL, MN, 55108",Tie,,,,,,,,,
4860,"1379 ASBURY ST, ST PAUL, MN, 55108",Tie,,,,,,,,,
4981,"2171 COUNTY ROAD F E, WHITE BEAR LAKE, MN, 55110",Match,Non_Exact,"2171 E CO RD F, WHITE BEAR LAKE, MN, 55110","-93.008962229017,45.064736554602",97637248.0,L,27.0,123.0,40301.0,2016.0
4740,"1592 CHELSEA ST, ST PAUL, MN, 55108",Tie,,,,,,,,,
4861,"1404 SIMPSON ST, ST PAUL, MN, 55108",Match,Exact,"1404 SIMPSON ST, SAINT PAUL, MN, 55108","-93.163016498424,44.983539835897",97641092.0,R,27.0,123.0,30201.0,4004.0
4982,"2191 COUNTY ROAD F E, WHITE BEAR LAKE, MN, 55110",Match,Non_Exact,"2191 E CO RD F, WHITE BEAR LAKE, MN, 55110","-93.008122523827,45.064733600435",97637248.0,L,27.0,123.0,40301.0,2016.0
4617,"1780 SNELLING AVE N, FALCON HEIGHTS, MN, 55108",Match,Non_Exact,"1780 SNELLING AVE N, FALCON HEIGHTS, MN, 55113","-93.166439758393,44.992198812005",97674175.0,R,27.0,123.0,41900.0,3020.0
4738,"1319 IDAHO AVE W, ST PAUL, MN, 55108",Match,Exact,"1319 IDAHO AVE W, SAINT PAUL, MN, 55108","-93.155466266447,44.990110731559",97641741.0,R,27.0,123.0,30201.0,1004.0
4859,"1557 MIDWAY PKWY, ST PAUL, MN, 55108",No_Match,,,,,,,,,
4618,"2841 COUNTY ROAD H, MOUNDS VIEW, MN, 55112",Match,Exact,"2841 CO RD H, MOUNDS VIEW, MN, 55112","-93.221324695729,45.093365844402",97633713.0,R,27.0,123.0,41002.0,1012.0
4739,"1586 FERNWOOD ST, ST PAUL, MN, 55108",Tie,,,,,,,,,
4619,"2909 COUNTY ROAD H, MOUNDS VIEW, MN, 55112",Match,Exact,"2909 CO RD H, MOUNDS VIEW, MN, 55112","-93.222839709475,45.093337229838",97633711.0,R,27.0,123.0,41002.0,1010.0
4730,"1595 HURON ST, ST PAUL, MN, 55108",Tie,,,,,,,,,
4851,"1411 ARONA ST, ST PAUL, MN, 55108",Tie,,,,,,,,,
4972,"2091 FLORAL DR, WHITE BEAR LAKE, MN, 55110",Match,Exact,"2091 FLORAL DR, WHITE BEAR LAKE, MN, 55110","-93.012200707803,45.065789605037",97637190.0,L,27.0,123.0,40301.0,2007.0
4610,"1746 SNELLING AVE N, FALCON HEIGHTS, MN, 55113",Match,Exact,"1746 SNELLING AVE N, FALCON HEIGHTS, MN, 55113","-93.166439758415,44.992039216611",97674175.0,R,27.0,123.0,41900.0,3020.0
4731,"1660 FERNWOOD ST, ST PAUL, MN, 55108",Tie,,,,,,,,,
4852,"1426 SIMPSON ST, ST PAUL, MN, 55108",Match,Exact,"1426 SIMPSON ST, SAINT PAUL, MN, 55108","-93.163007532169,44.984131603428",97641092.0,R,27.0,123.0,30201.0,4004.0
4973,"2065 FLORAL DR, WHITE BEAR LAKE, MN, 55110",Match,Exact,"2065 FLORAL DR, WHITE BEAR LAKE, MN, 55110","-93.013107002557,45.065795987459",97637190.0,L,27.0,123.0,40301.0,2007.0
4611,"1775 ASBURY ST, FALCON HEIGHTS, MN, 55113",Match,Non_Exact,"1775 N ASBURY ST, FALCON HEIGHTS, MN, 55113","-93.165569589635,44.99458709782",97640921.0,L,27.0,123.0,41900.0,3016.0
4732,"1587 HURON ST, ST PAUL, MN, 55108",Tie,,,,,,,,,
4853,"1391 PASCAL ST N, ST PAUL, MN, 55108",Match,Exact,"1391 PASCAL ST N, SAINT PAUL, MN, 55108","-93.161903509772,44.983310664387",97641094.0,L,27.0,123.0,30201.0,4004.0
4974,"4173 HAZEL ST N, WHITE BEAR LAKE, MN, 55110",Match,Non_Exact,"4173 N HAZEL ST, WHITE BEAR LAKE, MN, 55110","-93.010885442612,45.066967391152",97637226.0,L,27.0,123.0,40301.0,2007.0
4612,"1771 ASBURY ST, FALCON HEIGHTS, MN, 55113",Match,Non_Exact,"1771 N ASBURY ST, FALCON HEIGHTS, MN, 55113","-93.165569914098,44.994494629571",97640921.0,L,27.0,123.0,41900.0,3016.0
4733,"1204 HOYT AVE W, ST PAUL, MN, 55108",Match,Exact,"1204 HOYT AVE W, SAINT PAUL, MN, 55108","-93.150474147479,44.988239072526",97641792.0,L,27.0,123.0,30202.0,3000.0
4854,"1416 SHELDON ST, ST PAUL, MN, 55108",Tie,,,,,,,,,
4975,"2111 FLORAL DR, WHITE BEAR LAKE, MN, 55110",Match,Exact,"2111 FLORAL DR, WHITE BEAR LAKE, MN, 55110","-93.011503557992,45.065784695482",97637190.0,L,27.0,123.0,40301.0,2007.0
4613,"1770 SNELLING AVE N, FALCON HEIGHTS, MN, 55108",Match,Non_Exact,"1770 SNELLING AVE N, FALCON HEIGHTS, MN, 55113","-93.1664397584,44.992151872183",97674175.0,R,27.0,123.0,41900.0,3020.0
4734,"1576 MERRILL ST, ST PAUL, MN, 55108",Tie,,,,,,,,,
4855,"1394 ARONA ST, ST PAUL, MN, 55108",Tie,,,,,,,,,
4976,"2201 LILAC LN, WHITE BEAR LAKE, MN, 55110",Match,Exact,"2201 LILAC LN, WHITE BEAR LAKE, MN, 55110","-93.007346534032,45.068352054197",97637232.0,L,27.0,123.0,40301.0,2010.0
4614,"1725 ASBURY ST, FALCON HEIGHTS, MN, 55113",Match,Non_Exact,"1725 N ASBURY ST, FALCON HEIGHTS, MN, 55113","-93.165573645419,44.993431244708",97640921.0,L,27.0,123.0,41900.0,3016.0
4735,"1543 CHELSEA ST, ST PAUL, MN, 55108",Match,Non_Exact,"1543 N CHELSEA ST, SAINT PAUL, MN, 55108","-93.154099617439,44.987734370737",97641759.0,L,27.0,123.0,30201.0,2000.0
4856,"1411 SIMPSON ST, ST PAUL, MN, 55108",Match,Exact,"1411 SIMPSON ST, SAINT PAUL, MN, 55108","-93.163175236525,44.983756252103",97641092.0,L,27.0,123.0,30201.0,4005.0
4977,"2083 FLORAL DR, WHITE BEAR LAKE, MN, 55110",Match,Exact,"2083 FLORAL DR, WHITE BEAR LAKE, MN, 55110","-93.012479567727,45.065791568859",97637190.0,L,27.0,123.0,40301.0,2007.0
4615,"1826 SNELLING AVE N, FALCON HEIGHTS, MN, 55108",Match,Non_Exact,"1826 SNELLING AVE N, FALCON HEIGHTS, MN, 55113","-93.166439758364,44.992414735184",97674175.0,R,27.0,123.0,41900.0,3020.0
4736,"1566 MERRILL ST, ST PAUL, MN, 55108",Tie,,,,,,,,,
4857,"1411 ASBURY ST, ST PAUL, MN, 55108",Tie,,,,,,,,,
4978,"570 MONTCALM PL, ST PAUL, MN, 55116",Match,Exact,"570 MONTCALM PL, SAINT PAUL, MN, 55116","-93.148236293054,44.924316799166",653424310.0,L,27.0,123.0,36600.0,5002.0
4616,"1800 SNELLING AVE N, FALCON HEIGHTS, MN, 55108",Match,Non_Exact,"1800 SNELLING AVE N, FALCON HEIGHTS, MN, 55113","-93.16643975838,44.992292691648",97674175.0,R,27.0,123.0,41900.0,3020.0
4737,"1643 HURON ST, ST PAUL, MN, 55108",Tie,,,,,,,,,
4858,"1435 ASBURY ST, ST PAUL, MN, 55108",Tie,,,,,,,,,
4979,"1676 SCHEFFER AVE, ST PAUL, MN, 55116",Match,Non_Exact,"1676 W SCHEFFER AVE, SAINT PAUL, MN, 55116","-93.171132467485,44.921505230287",97646179.0,L,27.0,123.0,36400.0,2014.0
4990,"1056 PARKER AVE, ROSEVILLE, MN, 55113",Match,Exact,"1056 PARKER AVE, ROSEVILLE, MN, 55113","-93.144571522436,45.004093895891",616281990.0,L,27.0,123.0,41700.0,3001.0
4870,"1370 SHELDON ST, ST PAUL, MN, 55108",Tie,,,,,,,,,
4991,"1486 PASCAL ST N, ST PAUL, MN, 55108",Match,Exact,"1486 PASCAL ST N, SAINT PAUL, MN, 55108","-93.161698912681,44.986186538159",97641078.0,R,27.0,123.0,30201.0,2012.0
4750,"1309 ARLINGTON AVE W, ST PAUL, MN, 55108",Match,Exact,"1309 ARLINGTON AVE W, SAINT PAUL, MN, 55108","-93.155281822349,44.984684506481",97641781.0,R,27.0,123.0,30201.0,2017.0
4871,"1388 SHELDON ST, ST PAUL, MN, 55108",Tie,,,,,,,,,
4992,"1498 SIMPSON ST, ST PAUL, MN, 55108",Match,Exact,"1498 SIMPSON ST, SAINT PAUL, MN, 55108","-93.162993511972,44.986308182771",97641056.0,R,27.0,123.0,30201.0,2011.0
4630,"1125 RIPLEY AVE E, MAPLEWOOD, MN, 55109",Match,Non_Exact,"1125 RIPLEY AVE, MAPLEWOOD, MN, 55109","-93.052677087233,44.995918646143",97651069.0,L,27.0,123.0,42302.0,1000.0
4751,"1611 HOLLYWOOD CT, FALCON HEIGHTS, MN, 55108",Match,Exact,"1611 HOLLYWOOD CT, FALCON HEIGHTS, MN, 55108","-93.168310203939,44.990495326782",638479086.0,R,27.0,123.0,42001.0,1001.0
4872,"1420 ARONA ST, ST PAUL, MN, 55108",Tie,,,,,,,,,
4993,"1454 ARONA ST, ST PAUL, MN, 55108",Tie,,,,,,,,,
4507,"1974 UTICA AVE, ST PAUL, MN, 55119",Match,Non_Exact,"1974 E UTICA AVE, SAINT PAUL, MN, 55119","-93.01733258587,44.969406274596",97653561.0,R,27.0,123.0,31802.0,1013.0
4628,"1107 GORDON AVE E, MAPLEWOOD, MN, 55109",Match,Non_Exact,"1107 GORDON AVE, MAPLEWOOD, MN, 55109","-93.054396575527,44.996218069636",97667597.0,L,27.0,123.0,42302.0,1008.0
4749,"1639 HURON ST, ST PAUL, MN, 55108",Tie,,,,,,,,,
4508,"2004 NOKOMIS AVE, ST PAUL, MN, 55119",Match,Exact,"2004 NOKOMIS AVE, SAINT PAUL, MN, 55119","-93.016203755096,44.965984259271",97653583.0,R,27.0,123.0,31802.0,3014.0
4629,"1763 EDWARD ST N, MAPLEWOOD, MN, 55109",Match,Non_Exact,"1763 EDWARD ST, MAPLEWOOD, MN, 55109","-93.052108328107,44.994844826444",97651070.0,L,27.0,123.0,42302.0,1010.0
4509,"2040 NOKOMIS AVE, ST PAUL, MN, 55119",Match,Exact,"2040 NOKOMIS AVE, SAINT PAUL, MN, 55119","-93.014765354342,44.966331111191",97653599.0,R,27.0,123.0,31802.0,3011.0
4620,"7070 SILVER LAKE RD, MOUNDS VIEW, MN, 55112",No_Match,,,,,,,,,
4741,"1552 HURON ST, ST PAUL, MN, 55108",Match,Non_Exact,"1552 N HURON ST, SAINT PAUL, MN, 55108","-93.155240911507,44.987381401354",97641758.0,R,27.0,123.0,30201.0,2000.0
4862,"1423 ALBERT ST N, ST PAUL, MN, 55108",Match,Exact,"1423 ALBERT ST N, SAINT PAUL, MN, 55108","-93.159328341049,44.984295841475",97641119.0,L,27.0,123.0,30201.0,4002.0
4983,"2241 COUNTY ROAD F E, WHITE BEAR LAKE, MN, 55110",Match,Non_Exact,"2241 E CO RD F, WHITE BEAR LAKE, MN, 55110","-93.006023260852,45.064726215018",97637248.0,L,27.0,123.0,40301.0,2016.0
4500,"2046 NORTONIA AVE, ST PAUL, MN, 55119",Match,Exact,"2046 NORTONIA AVE, SAINT PAUL, MN, 55119","-93.014382011075,44.965583234942",97653665.0,R,27.0,123.0,31802.0,2014.0
4621,"6953 PLEASANT VIEW DR, MOUNDS VIEW, MN, 55112",Match,Exact,"6953 PLEASANT VIEW DR, MOUNDS VIEW, MN, 55112","-93.226338095622,45.094209053375",97633581.0,R,27.0,123.0,41002.0,1010.0
4742,"1612 MERRILL ST, ST PAUL, MN, 55108",Tie,,,,,,,,,
4863,"1420 SHELDON ST, ST PAUL, MN, 55108",Tie,,,,,,,,,
4984,"2215 COUNTY ROAD F E, WHITE BEAR LAKE, MN, 55110",Match,Non_Exact,"2215 E CO RD F, WHITE BEAR LAKE, MN, 55110","-93.007114877599,45.064730055435",97637248.0,L,27.0,123.0,40301.0,2016.0
4501,"785 PEDERSEN ST, ST PAUL, MN, 55119",Match,Exact,"785 PEDERSEN ST, SAINT PAUL, MN, 55119","-93.012728787951,44.965208070674",97653666.0,L,27.0,123.0,31802.0,2014.0
4622,"7200 KNOLLWOOD DR, MOUNDS VIEW, MN, 55112",Match,Exact,"7200 KNOLLWOOD DR, MOUNDS VIEW, MN, 55112","-93.222291651263,45.09899110433",97633649.0,L,27.0,123.0,41002.0,1008.0
4743,"1511 CHELSEA ST, ST PAUL, MN, 55108",Match,Non_Exact,"1511 N CHELSEA ST, SAINT PAUL, MN, 55108","-93.154113565826,44.986804486708",97641759.0,L,27.0,123.0,30201.0,2000.0
4864,"1436 SHELDON ST, ST PAUL, MN, 55108",Tie,,,,,,,,,
4985,"2071 COUNTY ROAD F E, WHITE BEAR LAKE, MN, 55110",Match,Non_Exact,"2071 E CO RD F, WHITE BEAR LAKE, MN, 55110","-93.012825254583,45.064750145111",97637194.0,L,27.0,123.0,40301.0,2011.0
4502,"789 PEDERSEN ST, ST PAUL, MN, 55119",Match,Exact,"789 PEDERSEN ST, SAINT PAUL, MN, 55119","-93.012726404999,44.96531291992",97653666.0,L,27.0,123.0,31802.0,2014.0
4623,"0 COUNTY ROAD H2, MOUNDS VIEW, MN, 55112",No_Match,,,,,,,,,
4744,"1525 CHELSEA ST, ST PAUL, MN, 55108",Match,Non_Exact,"1525 N CHELSEA ST, SAINT PAUL, MN, 55108","-93.154107463406,44.98721131097",97641759.0,L,27.0,123.0,30201.0,2000.0
4865,"1419 SHELDON ST, ST PAUL, MN, 55108",Tie,,,,,,,,,
4986,"2125 COUNTY ROAD F E, WHITE BEAR LAKE, MN, 55110",Match,Non_Exact,"2125 E CO RD F, WHITE BEAR LAKE, MN, 55110","-93.010886630882,45.06474332484",97637194.0,L,27.0,123.0,40301.0,2011.0
4503,"2031 NORTONIA AVE, ST PAUL, MN, 55119",Match,Exact,"2031 NORTONIA AVE, SAINT PAUL, MN, 55119","-93.014635747508,44.965665780876",97653665.0,L,27.0,123.0,31802.0,3011.0
4624,"718 ARBOGAST ST, SHOREVIEW, MN, 55126",Match,Exact,"718 ARBOGAST ST, SHOREVIEW, MN, 55126","-93.130901940255,45.043002506624",97671633.0,L,27.0,123.0,40704.0,3014.0
4745,"1457 HURON ST, ST PAUL, MN, 55108",Match,Non_Exact,"1457 N HURON ST, SAINT PAUL, MN, 55108","-93.155430974316,44.985660272186",97641763.0,L,27.0,123.0,30201.0,2016.0
4866,"1440 ARONA ST, ST PAUL, MN, 55108",Tie,,,,,,,,,
4987,"2223 COUNTY ROAD F E, WHITE BEAR LAKE, MN, 55110",Match,Non_Exact,"2223 E CO RD F, WHITE BEAR LAKE, MN, 55110","-93.006778995523,45.064728873769",97637248.0,L,27.0,123.0,40301.0,2016.0
4504,"1985 NORTONIA AVE, ST PAUL, MN, 55119",Match,Exact,"1985 NORTONIA AVE, SAINT PAUL, MN, 55119","-93.016840053057,44.965212038257",97653657.0,L,27.0,123.0,31802.0,3014.0
4625,"1175 RIPLEY AVE E, MAPLEWOOD, MN, 55109",Match,Non_Exact,"1175 RIPLEY AVE, MAPLEWOOD, MN, 55109","-93.051029824127,44.995909284827",97651072.0,L,27.0,123.0,42302.0,1000.0
4746,"1490 HURON ST, ST PAUL, MN, 55108",Match,Non_Exact,"1490 N HURON ST, SAINT PAUL, MN, 55108","-93.155260657674,44.98621876192",97641763.0,R,27.0,123.0,30201.0,2017.0
4867,"1375 ASBURY ST, ST PAUL, MN, 55108",Tie,,,,,,,,,
4988,"2204 SOUTH SHORE BLVD, WHITE BEAR LAKE, MN, 55110",Match,Exact,"2204 S SHORE BLVD, WHITE BEAR LAKE, MN, 55110","-93.007561589536,45.069391100129",97662159.0,R,27.0,123.0,40301.0,2010.0
4505,"2025 NORTONIA AVE, ST PAUL, MN, 55119",Match,Exact,"2025 NORTONIA AVE, SAINT PAUL, MN, 55119","-93.014909444128,44.965629005117",97653665.0,L,27.0,123.0,31802.0,3011.0
4626,"1777 EDWARD ST N, MAPLEWOOD, MN, 55109",Match,Non_Exact,"1777 EDWARD ST, MAPLEWOOD, MN, 55109","-93.052108328099,44.994901174491",97651070.0,L,27.0,123.0,42302.0,1010.0
4747,"1478 CHELSEA ST, ST PAUL, MN, 55108",Match,Non_Exact,"1478 N CHELSEA ST, SAINT PAUL, MN, 55108","-93.153961605744,44.986171438824",97641764.0,R,27.0,123.0,30202.0,3000.0
4868,"1418 SIMPSON ST, ST PAUL, MN, 55108",Match,Exact,"1418 SIMPSON ST, SAINT PAUL, MN, 55108","-93.163010792626,44.983916415235",97641092.0,R,27.0,123.0,30201.0,4004.0
4989,"1060 PARKER AVE, ROSEVILLE, MN, 55113",Match,Exact,"1060 PARKER AVE, ROSEVILLE, MN, 55113","-93.144738222799,45.004096245634",616281990.0,L,27.0,123.0,41700.0,3001.0
4506,"1901 MINNEHAHA AVE E, ST PAUL, MN, 55119",Match,Exact,"1901 MINNEHAHA AVE E, SAINT PAUL, MN, 55119","-93.020171844774,44.963131287481",97653519.0,L,27.0,123.0,31802.0,3018.0
4627,"1829 FRANK ST N, MAPLEWOOD, MN, 55109",Match,Non_Exact,"1829 FRANK ST, MAPLEWOOD, MN, 55109","-93.050890280847,44.996066556068",97651071.0,L,27.0,123.0,42302.0,1000.0
4748,"1587 MERRILL ST, ST PAUL, MN, 55108",Tie,,,,,,,,,
4869,"1366 SHELDON ST, ST PAUL, MN, 55108",Tie,,,,,,,,,
4880,"1340 ARONA ST, ST PAUL, MN, 55108",Tie,,,,,,,,,
4760,"1816 ARONA ST, FALCON HEIGHTS, MN, 55113",Match,Non_Exact,"1816 N ARONA ST, FALCON HEIGHTS, MN, 55113","-93.164144159446,44.995631735637",97640950.0,R,27.0,123.0,41900.0,1006.0
4881,"1361 MIDWAY PKWY, ST PAUL, MN, 55108",No_Match,,,,,,,,,
4640,"2060 SHERWOOD AVE, ST PAUL, MN, 55119",Match,Exact,"2060 SHERWOOD AVE, SAINT PAUL, MN, 55119","-93.014326066902,44.983773490665",97653280.0,R,27.0,123.0,30702.0,1007.0
4761,"1854 ARONA ST, FALCON HEIGHTS, MN, 55113",Match,Non_Exact,"1854 N ARONA ST, FALCON HEIGHTS, MN, 55113","-93.164141299145,44.996781512855",97640950.0,R,27.0,123.0,41900.0,1006.0
4882,"1410 SIMPSON ST, ST PAUL, MN, 55108",Match,Exact,"1410 SIMPSON ST, SAINT PAUL, MN, 55108","-93.163014053082,44.983701227042",97641092.0,R,27.0,123.0,30201.0,4004.0
4520,"1965 NOKOMIS AVE, ST PAUL, MN, 55119",Match,Exact,"1965 NOKOMIS AVE, SAINT PAUL, MN, 55119","-93.01714788855,44.965875909422",97653656.0,L,27.0,123.0,31802.0,3007.0
4641,"2033 SHERWOOD AVE, ST PAUL, MN, 55119",Match,Exact,"2033 SHERWOOD AVE, SAINT PAUL, MN, 55119","-93.014240955654,44.983888389417",97653280.0,L,27.0,123.0,30702.0,1009.0
4762,"1732 ASBURY ST, FALCON HEIGHTS, MN, 55113",Match,Non_Exact,"1732 N ASBURY ST, FALCON HEIGHTS, MN, 55113","-93.165410960616,44.99361589685",97640921.0,R,27.0,123.0,41900.0,3019.0
4883,"1394 SNELLING AVE N, ST PAUL, MN, 55108",Match,Exact,"1394 SNELLING AVE N, SAINT PAUL, MN, 55108","-93.166861594532,44.983108619229",97641027.0,R,27.0,123.0,30201.0,4007.0
4518,"2035 NORTONIA AVE, ST PAUL, MN, 55119",Match,Exact,"2035 NORTONIA AVE, SAINT PAUL, MN, 55119","-93.014453283094,44.965690298049",97653665.0,L,27.0,123.0,31802.0,3011.0
4639,"2079 SHERWOOD AVE, ST PAUL, MN, 55119",Match,Exact,"2079 SHERWOOD AVE, SAINT PAUL, MN, 55119","-93.013115003508,44.983892435888",97653280.0,L,27.0,123.0,30702.0,1009.0
4519,"833 ALGONQUIN AVE, ST PAUL, MN, 55119",Match,Non_Exact,"833 N ALGONQUIN AVE, SAINT PAUL, MN, 55119","-93.016445887423,44.96668036487",97662788.0,L,27.0,123.0,31802.0,3008.0
4510,"2051 NORTONIA AVE, ST PAUL, MN, 55119",Match,Exact,"2051 NORTONIA AVE, SAINT PAUL, MN, 55119","-93.013723425441,44.965788366739",97653665.0,L,27.0,123.0,31802.0,3011.0
4631,"1144 RIPLEY AVE E, MAPLEWOOD, MN, 55109",Match,Non_Exact,"1144 RIPLEY AVE, MAPLEWOOD, MN, 55109","-93.052311625778,44.995798772598",97651069.0,R,27.0,123.0,42302.0,1010.0
4752,"1835 SIMPSON ST, FALCON HEIGHTS, MN, 55113",Match,Exact,"1835 SIMPSON ST, FALCON HEIGHTS, MN, 55113","-93.163040281437,44.996212463825",97640954.0,L,27.0,123.0,41900.0,1006.0
4873,"1377 ARONA ST, ST PAUL, MN, 55108",Tie,,,,,,,,,
4994,"1484 SIMPSON ST, ST PAUL, MN, 55108",Match,Exact,"1484 SIMPSON ST, SAINT PAUL, MN, 55108","-93.162998943036,44.98588673658",97641056.0,R,27.0,123.0,30201.0,2011.0
4511,"2063 BUSH AVE, ST PAUL, MN, 55119",Match,Exact,"2063 BUSH AVE, SAINT PAUL, MN, 55119","-93.013825436288,44.964931286779",97653668.0,L,27.0,123.0,31802.0,2014.0
4632,"1800 PHALEN PL N, MAPLEWOOD, MN, 55109",Match,Non_Exact,"1800 PHALEN PL, MAPLEWOOD, MN, 55109","-93.053193492797,44.995815507561",97660587.0,R,27.0,123.0,42302.0,1010.0
4753,"1830 ASBURY ST, FALCON HEIGHTS, MN, 55113",Match,Non_Exact,"1830 N ASBURY ST, FALCON HEIGHTS, MN, 55113","-93.165403011694,44.996080484342",97640917.0,R,27.0,123.0,41900.0,3018.0
4874,"1431 ALBERT ST N, ST PAUL, MN, 55108",Match,Exact,"1431 ALBERT ST N, SAINT PAUL, MN, 55108","-93.159327105027,44.984415981262",97641119.0,L,27.0,123.0,30201.0,4002.0
4995,"1457 ALBERT ST N, ST PAUL, MN, 55108",Match,Exact,"1457 ALBERT ST N, SAINT PAUL, MN, 55108","-93.159341308629,44.983035409395",97641119.0,L,27.0,123.0,30201.0,4002.0
4512,"2045 NORTONIA AVE, ST PAUL, MN, 55119",Match,Exact,"2045 NORTONIA AVE, SAINT PAUL, MN, 55119","-93.013997122061,44.96575159098",97653665.0,L,27.0,123.0,31802.0,3011.0
4633,"1805 PHALEN PL N, MAPLEWOOD, MN, 55109",Match,Non_Exact,"1805 PHALEN PL, MAPLEWOOD, MN, 55109","-93.053360826202,44.996029950487",97651054.0,L,27.0,123.0,42302.0,1008.0
4754,"1852 SIMPSON ST, FALCON HEIGHTS, MN, 55113",Match,Exact,"1852 SIMPSON ST, FALCON HEIGHTS, MN, 55113","-93.162876950035,44.996729998176",97640954.0,R,27.0,123.0,41900.0,1007.0
4875,"1431 ASBURY ST, ST PAUL, MN, 55108",Tie,,,,,,,,,
4996,"1450 PASCAL ST N, ST PAUL, MN, 55108",Match,Exact,"1450 PASCAL ST N, SAINT PAUL, MN, 55108","-93.161716497681,44.985025610952",97641110.0,R,27.0,123.0,30201.0,2018.0
4513,"1920 CASE AVE, ST PAUL, MN, 55119",Match,Exact,"1920 CASE AVE, SAINT PAUL, MN, 55119","-93.019386818705,44.970234694991",97653407.0,R,27.0,123.0,31802.0,1012.0
4634,"1053 GORDON AVE E, MAPLEWOOD, MN, 55109",Match,Non_Exact,"1053 GORDON AVE, MAPLEWOOD, MN, 55109","-93.055155283025,44.996436832355",97651060.0,L,27.0,123.0,42302.0,1002.0
4755,"1810 ARONA ST, FALCON HEIGHTS, MN, 55113",Match,Non_Exact,"1810 N ARONA ST, FALCON HEIGHTS, MN, 55113","-93.164144611072,44.995450191865",97640950.0,R,27.0,123.0,41900.0,1006.0
4876,"1431 SHELDON ST, ST PAUL, MN, 55108",Tie,,,,,,,,,
4997,"1472 HOLTON ST, ST PAUL, MN, 55108",Match,Non_Exact,"1472 N HOLTON ST, SAINT PAUL, MN, 55108","-93.160440740394,44.985860966008",97641080.0,R,27.0,123.0,30201.0,2013.0
4514,"2040 NORTONIA AVE, ST PAUL, MN, 55119",Match,Exact,"2040 NORTONIA AVE, SAINT PAUL, MN, 55119","-93.014566756294,44.965558411305",97653665.0,R,27.0,123.0,31802.0,2014.0
4635,"1083 GORDON AVE E, MAPLEWOOD, MN, 55109",Match,Non_Exact,"1083 GORDON AVE, MAPLEWOOD, MN, 55109","-93.054775698066,44.996355526192",97651060.0,L,27.0,123.0,42302.0,1002.0
4756,"1688 ARONA ST, FALCON HEIGHTS, MN, 55113",Match,Non_Exact,"1688 N ARONA ST, FALCON HEIGHTS, MN, 55113","-93.164149258956,44.99268394577",97640958.0,R,27.0,123.0,41900.0,1010.0
4877,"1380 ASBURY ST, ST PAUL, MN, 55108",Tie,,,,,,,,,
4998,"1473 PASCAL ST N, ST PAUL, MN, 55108",Match,Exact,"1473 PASCAL ST N, SAINT PAUL, MN, 55108","-93.16186983502,44.985564155566",97641110.0,L,27.0,123.0,30201.0,2011.0
4515,"2036 NOKOMIS AVE, ST PAUL, MN, 55119",Match,Exact,"2036 NOKOMIS AVE, SAINT PAUL, MN, 55119","-93.014925590492,44.966292807736",97653599.0,R,27.0,123.0,31802.0,3011.0
4636,"658 MONTCALM PL, ST PAUL, MN, 55116",Match,Exact,"658 MONTCALM PL, SAINT PAUL, MN, 55116","-93.148402240168,44.921529055697",97662337.0,L,27.0,123.0,36600.0,5002.0
4757,"1478 CRAWFORD AVE, FALCON HEIGHTS, MN, 55113",Match,Exact,"1478 CRAWFORD AVE, FALCON HEIGHTS, MN, 55113","-93.162780173054,44.992791322792",97640960.0,L,27.0,123.0,41900.0,1010.0
4878,"1412 ARONA ST, ST PAUL, MN, 55108",Tie,,,,,,,,,
4999,"1475 ARONA ST, ST PAUL, MN, 55108",Tie,,,,,,,,,
4516,"2026 NOKOMIS AVE, ST PAUL, MN, 55119",Match,Exact,"2026 NOKOMIS AVE, SAINT PAUL, MN, 55119","-93.015326180869,44.966197049098",97653599.0,R,27.0,123.0,31802.0,3011.0
4637,"2042 ARLINGTON AVE E, ST PAUL, MN, 55119",Match,Exact,"2042 ARLINGTON AVE E, SAINT PAUL, MN, 55119","-93.013991064758,44.984681685586",97653246.0,R,27.0,123.0,30702.0,1009.0
4758,"1516 CRAWFORD AVE, FALCON HEIGHTS, MN, 55113",Match,Exact,"1516 CRAWFORD AVE, FALCON HEIGHTS, MN, 55113","-93.164010637273,44.992781262092",97640959.0,L,27.0,123.0,41900.0,1010.0
4879,"1349 MIDWAY PKWY, ST PAUL, MN, 55108",No_Match,,,,,,,,,
4517,"956 HAZEL ST N, ST PAUL, MN, 55119",Match,Non_Exact,"956 N HAZEL ST, SAINT PAUL, MN, 55119","-93.020152574321,44.969184402513",647910058.0,R,27.0,123.0,31802.0,1012.0
4638,"2026 SHERWOOD AVE, ST PAUL, MN, 55119",Match,Exact,"2026 SHERWOOD AVE, SAINT PAUL, MN, 55119","-93.014918803048,44.983771360477",97653280.0,R,27.0,123.0,30702.0,1007.0
4759,"1790 ASBURY ST, FALCON HEIGHTS, MN, 55113",Match,Non_Exact,"1790 N ASBURY ST, FALCON HEIGHTS, MN, 55113","-93.165406255906,44.99495668646",97640921.0,R,27.0,123.0,41900.0,3019.0
4890,"1412 SHELDON ST, ST PAUL, MN, 55108",Tie,,,,,,,,,
4770,"1803 ARONA ST, FALCON HEIGHTS, MN, 55113",Match,Non_Exact,"1803 N ARONA ST, FALCON HEIGHTS, MN, 55113","-93.164307133151,44.995200138959",97640953.0,L,27.0,123.0,41900.0,3019.0
4891,"1386 ARONA ST, ST PAUL, MN, 55108",Tie,,,,,,,,,
4650,"1293 RYAN AVE W, ROSEVILLE, MN, 55113",Match,Exact,"1293 RYAN AVE W, ROSEVILLE, MN, 55113","-93.154358957934,45.000971548989",97641642.0,R,27.0,123.0,41800.0,3022.0
4771,"1825 ARONA ST, FALCON HEIGHTS, MN, 55113",Match,Non_Exact,"1825 N ARONA ST, FALCON HEIGHTS, MN, 55113","-93.164305561652,44.995889684557",97640950.0,L,27.0,123.0,41900.0,3018.0
4892,"1422 ASBURY ST, ST PAUL, MN, 55108",Tie,,,,,,,,,
4530,"2174 NOKOMIS AVE, ST PAUL, MN, 55119",Match,Exact,"2174 NOKOMIS AVE, SAINT PAUL, MN, 55119","-93.011176431668,44.969044819789",97653631.0,R,27.0,123.0,31802.0,3000.0
4651,"1316 SHRYER AVE W, ROSEVILLE, MN, 55113",Match,Exact,"1316 SHRYER AVE W, ROSEVILLE, MN, 55113","-93.15559912408,45.001738750442",97641637.0,L,27.0,123.0,41800.0,3022.0
4772,"1750 ASBURY ST, FALCON HEIGHTS, MN, 55113",Match,Non_Exact,"1750 N ASBURY ST, FALCON HEIGHTS, MN, 55113","-93.165409500533,44.99403200397",97640921.0,R,27.0,123.0,41900.0,3019.0
4893,"1440 ALBERT ST N, ST PAUL, MN, 55108",Match,Exact,"1440 ALBERT ST N, SAINT PAUL, MN, 55108","-93.15916386635,44.98453528718",97641119.0,R,27.0,123.0,30201.0,4001.0
4531,"2130 STILLWATER AVE, ST PAUL, MN, 55119",Match,Exact,"2130 STILLWATER AVE, SAINT PAUL, MN, 55119","-93.010672689145,44.969179641996",97653633.0,R,27.0,123.0,31802.0,3000.0
4652,"1402 LARPENTEUR AVE W, FALCON HEIGHTS, MN, 55113",Match,Exact,"1402 LARPENTEUR AVE W, FALCON HEIGHTS, MN, 55113","-93.159277896407,44.991761673332",97641061.0,L,27.0,123.0,41900.0,2001.0
4773,"1771 ARONA ST, FALCON HEIGHTS, MN, 55113",Match,Non_Exact,"1771 N ARONA ST, FALCON HEIGHTS, MN, 55113","-93.164308406808,44.994476758711",97640953.0,L,27.0,123.0,41900.0,3019.0
4894,"1417 ASBURY ST, ST PAUL, MN, 55108",Tie,,,,,,,,,
4529,"1975 STILLWATER AVE, ST PAUL, MN, 55119",Match,Exact,"1975 STILLWATER AVE, SAINT PAUL, MN, 55119","-93.017061681736,44.968825169508",97653569.0,L,27.0,123.0,31802.0,1013.0
4521,"2000 CASE AVE, ST PAUL, MN, 55119",Match,Exact,"2000 CASE AVE, SAINT PAUL, MN, 55119","-93.015973327384,44.970234694754",97653565.0,R,27.0,123.0,31802.0,1014.0
4642,"2034 ARLINGTON AVE E, ST PAUL, MN, 55119",Match,Exact,"2034 ARLINGTON AVE E, SAINT PAUL, MN, 55119","-93.014186882355,44.984681333726",97653246.0,R,27.0,123.0,30702.0,1009.0
4763,"1784 ASBURY ST, FALCON HEIGHTS, MN, 55113",Match,Non_Exact,"1784 N ASBURY ST, FALCON HEIGHTS, MN, 55113","-93.1654067426,44.994817984087",97640921.0,R,27.0,123.0,41900.0,3019.0
4884,"1376 ALBERT ST N, ST PAUL, MN, 55108",Match,Exact,"1376 ALBERT ST N, SAINT PAUL, MN, 55108","-93.15917361327,44.983587899142",97641119.0,R,27.0,123.0,30201.0,4001.0
4522,"865 ALGONQUIN AVE, ST PAUL, MN, 55119",Match,Non_Exact,"865 N ALGONQUIN AVE, SAINT PAUL, MN, 55119","-93.017909027046,44.967429010164",97653571.0,L,27.0,123.0,31802.0,3007.0
4643,"2078 ARLINGTON AVE E, ST PAUL, MN, 55119",Match,Exact,"2078 ARLINGTON AVE E, SAINT PAUL, MN, 55119","-93.013109885567,44.984683268956",97653246.0,R,27.0,123.0,30702.0,1009.0
4764,"1510 CRAWFORD AVE, FALCON HEIGHTS, MN, 55113",Match,Exact,"1510 CRAWFORD AVE, FALCON HEIGHTS, MN, 55113","-93.163803923884,44.992782733348",97640959.0,L,27.0,123.0,41900.0,1010.0
4885,"1379 SHELDON ST, ST PAUL, MN, 55108",Tie,,,,,,,,,
4523,"0 STILLWATER AVE, ST PAUL, MN, 55119",No_Match,,,,,,,,,
4644,"2019 COTTAGE AVE E, ST PAUL, MN, 55119",Match,Non_Exact,"2019 E COTTAGE AVE, SAINT PAUL, MN, 55119","-93.015033230881,44.982985413928",97653282.0,L,27.0,123.0,30702.0,1007.0
4765,"1764 ARONA ST, FALCON HEIGHTS, MN, 55113",Match,Non_Exact,"1764 N ARONA ST, FALCON HEIGHTS, MN, 55113","-93.164146609316,44.99434098223",97640953.0,R,27.0,123.0,41900.0,1009.0
4886,"1421 MIDWAY PKWY, ST PAUL, MN, 55108",Match,Exact,"1421 MIDWAY PKWY, SAINT PAUL, MN, 55108","-93.157848238686,44.981099733189",647914382.0,R,27.0,123.0,30201.0,4014.0
4524,"1950 CASE AVE, ST PAUL, MN, 55119",Match,Exact,"1950 CASE AVE, SAINT PAUL, MN, 55119","-93.018190536791,44.970234694908",97653557.0,R,27.0,123.0,31802.0,1011.0
4645,"2041 SHERWOOD AVE, ST PAUL, MN, 55119",Match,Exact,"2041 SHERWOOD AVE, SAINT PAUL, MN, 55119","-93.014045137889,44.983889093151",97653280.0,L,27.0,123.0,30702.0,1009.0
4766,"1834 SIMPSON ST, FALCON HEIGHTS, MN, 55113",Match,Exact,"1834 SIMPSON ST, FALCON HEIGHTS, MN, 55113","-93.162878304914,44.996185366862",97640954.0,R,27.0,123.0,41900.0,1007.0
4887,"1381 ARONA ST, ST PAUL, MN, 55108",Tie,,,,,,,,,
4525,"1991 STILLWATER AVE, ST PAUL, MN, 55119",Match,Exact,"1991 STILLWATER AVE, SAINT PAUL, MN, 55119","-93.016307381829,44.968985091782",97653576.0,L,27.0,123.0,31802.0,1014.0
4646,"2075 COTTAGE AVE E, ST PAUL, MN, 55119",Match,Non_Exact,"2075 E COTTAGE AVE, SAINT PAUL, MN, 55119","-93.013524033474,44.98299088193",97653282.0,L,27.0,123.0,30702.0,1007.0
4767,"1738 ASBURY ST, FALCON HEIGHTS, MN, 55113",Match,Non_Exact,"1738 N ASBURY ST, FALCON HEIGHTS, MN, 55113","-93.165410473921,44.993754599223",97640921.0,R,27.0,123.0,41900.0,3019.0
4888,"1411 HAMLINE AVE N, ST PAUL, MN, 55108",Match,Exact,"1411 HAMLINE AVE N, SAINT PAUL, MN, 55108","-93.156775744681,44.983762875978",97641768.0,L,27.0,123.0,30201.0,4000.0
4526,"932 JORDAN AVE, ST PAUL, MN, 55119",Match,Non_Exact,"932 N JORDAN AVE, SAINT PAUL, MN, 55119","-93.017857848908,44.969423474922",97653558.0,R,27.0,123.0,31802.0,1010.0
4647,"2072 SHERWOOD AVE, ST PAUL, MN, 55119",Match,Exact,"2072 SHERWOOD AVE, SAINT PAUL, MN, 55119","-93.014116865908,44.983774242496",97653280.0,R,27.0,123.0,30702.0,1007.0
4768,"1790 ARONA ST, FALCON HEIGHTS, MN, 55113",Match,Non_Exact,"1790 N ARONA ST, FALCON HEIGHTS, MN, 55113","-93.16414557447,44.994928728682",97640953.0,R,27.0,123.0,41900.0,1009.0
4889,"1430 ASBURY ST, ST PAUL, MN, 55108",Tie,,,,,,,,,
4527,"933 JORDAN AVE, ST PAUL, MN, 55119",Match,Non_Exact,"933 N JORDAN AVE, SAINT PAUL, MN, 55119","-93.017996711349,44.969485518557",97653558.0,L,27.0,123.0,31802.0,1011.0
4648,"71 MID OAKS LN, ROSEVILLE, MN, 55113",Match,Non_Exact,"71 MID OAKS RD, ROSEVILLE, MN, 55113","-93.169807172536,44.999848013816",97640870.0,L,27.0,123.0,41301.0,1016.0
4769,"1802 ARONA ST, FALCON HEIGHTS, MN, 55113",Match,Non_Exact,"1802 N ARONA ST, FALCON HEIGHTS, MN, 55113","-93.164145096849,44.995199996274",97640953.0,R,27.0,123.0,41900.0,1009.0
4528,"921 ALGONQUIN AVE, ST PAUL, MN, 55119",Match,Non_Exact,"921 N ALGONQUIN AVE, SAINT PAUL, MN, 55119","-93.019339245858,44.968597188892",647899419.0,L,27.0,123.0,31802.0,1012.0
4649,"1306 SHRYER AVE W, ROSEVILLE, MN, 55113",Match,Exact,"1306 SHRYER AVE W, ROSEVILLE, MN, 55113","-93.155188701457,45.001744797157",97641637.0,L,27.0,123.0,41800.0,3022.0
4780,"1840 ASBURY ST, FALCON HEIGHTS, MN, 55113",Match,Non_Exact,"1840 N ASBURY ST, FALCON HEIGHTS, MN, 55113","-93.165402285185,44.996371072021",97640917.0,R,27.0,123.0,41900.0,3018.0
4660,"1511 IDAHO AVE W, FALCON HEIGHTS, MN, 55108",Match,Non_Exact,"1511 W IDAHO AVE, FALCON HEIGHTS, MN, 55108","-93.163797985683,44.990035765946",97641047.0,R,27.0,123.0,41900.0,2014.0
4781,"1856 ASBURY ST, FALCON HEIGHTS, MN, 55113",Match,Non_Exact,"1856 N ASBURY ST, FALCON HEIGHTS, MN, 55113","-93.16540112277,44.996836012307",97640917.0,R,27.0,123.0,41900.0,3018.0
4540,"1956 STILLWATER AVE, ST PAUL, MN, 55119",Match,Exact,"1956 STILLWATER AVE, SAINT PAUL, MN, 55119","-93.017765789995,44.968509782784",97653569.0,R,27.0,123.0,31802.0,3005.0
4661,"2022 KENWOOD DR W, MAPLEWOOD, MN, 55117",Match,Non_Exact,"2022 W KENWOOD DR, MAPLEWOOD, MN, 55117","-93.069824772061,45.001252789367",97649968.0,R,27.0,123.0,42202.0,1017.0
4782,"1724 ARONA ST, FALCON HEIGHTS, MN, 55113",Match,Non_Exact,"1724 N ARONA ST, FALCON HEIGHTS, MN, 55113","-93.164148201386,44.993436756921",97640953.0,R,27.0,123.0,41900.0,1009.0
4541,"2150 NOKOMIS AVE, ST PAUL, MN, 55119",Match,Exact,"2150 NOKOMIS AVE, SAINT PAUL, MN, 55119","-93.011567311808,44.96843803406",97653631.0,R,27.0,123.0,31802.0,3000.0
4662,"1583 ARCADE ST, ST PAUL, MN, 55106",Match,Exact,"1583 ARCADE ST, SAINT PAUL, MN, 55106","-93.066161763825,44.988948261361",97650248.0,L,27.0,123.0,30602.0,5013.0
4783,"1474 CRAWFORD AVE, FALCON HEIGHTS, MN, 55113",Match,Exact,"1474 CRAWFORD AVE, FALCON HEIGHTS, MN, 55113","-93.16272868488,44.992792053117",97640960.0,L,27.0,123.0,41900.0,1010.0
4542,"2074 MANITOU AVE, ST PAUL, MN, 55119",Match,Exact,"2074 MANITOU AVE, SAINT PAUL, MN, 55119","-93.013908528259,44.968468861705",97653597.0,R,27.0,123.0,31802.0,3002.0
4663,"477 CRETIN AVE S, ST PAUL, MN, 55105",Match,Non_Exact,"477 S CRETIN AVE, SAINT PAUL, MN, 55105","-93.192566703291,44.927161691013",97639529.0,R,27.0,123.0,43001.0,5008.0
4784,"1785 PASCAL ST N, FALCON HEIGHTS, MN, 55113",Match,Non_Exact,"1785 N PASCAL ST, FALCON HEIGHTS, MN, 55113","-93.161777794348,44.994931864445",97640964.0,L,27.0,123.0,41900.0,1008.0
4532,"918 ALGONQUIN AVE, ST PAUL, MN, 55119",Match,Non_Exact,"918 N ALGONQUIN AVE, SAINT PAUL, MN, 55119","-93.019073934704,44.96841439804",647899419.0,R,27.0,123.0,31802.0,1011.0
4653,"1477 CALIFORNIA AVE W, FALCON HEIGHTS, MN, 55108",Match,Non_Exact,"1477 CALIFORNIA AVE, FALCON HEIGHTS, MN, 55108","-93.162039855053,44.99093783034",97641045.0,R,27.0,123.0,41900.0,2002.0
4774,"1729 ARONA ST, FALCON HEIGHTS, MN, 55113",Match,Non_Exact,"1729 N ARONA ST, FALCON HEIGHTS, MN, 55113","-93.164310078482,44.993527322137",97640953.0,L,27.0,123.0,41900.0,3019.0
4895,"1436 MCKINLEY ST, ST PAUL, MN, 55108",Match,Non_Exact,"1436 W MCKINLEY ST, SAINT PAUL, MN, 55108","-93.160477950629,44.984462343527",97641118.0,R,27.0,123.0,30201.0,4002.0
4533,"2040 STILLWATER AVE, ST PAUL, MN, 55119",Match,Exact,"2040 STILLWATER AVE, SAINT PAUL, MN, 55119","-93.014154994622,44.969046857863",97653596.0,R,27.0,123.0,31802.0,3003.0
4654,"1466 LARPENTEUR AVE W, FALCON HEIGHTS, MN, 55113",Match,Exact,"1466 LARPENTEUR AVE W, FALCON HEIGHTS, MN, 55113","-93.161956805255,44.991742880132",97641043.0,L,27.0,123.0,41900.0,2002.0
4775,"1731 ARONA ST, FALCON HEIGHTS, MN, 55113",Match,Non_Exact,"1731 N ARONA ST, FALCON HEIGHTS, MN, 55113","-93.164309998878,44.993572533402",97640953.0,L,27.0,123.0,41900.0,3019.0
4896,"1392 SIMPSON ST, ST PAUL, MN, 55108",Match,Exact,"1392 SIMPSON ST, SAINT PAUL, MN, 55108","-93.163021389109,44.983217053608",97641092.0,R,27.0,123.0,30201.0,4004.0
4534,"914 ALGONQUIN AVE, ST PAUL, MN, 55119",Match,Non_Exact,"914 N ALGONQUIN AVE, SAINT PAUL, MN, 55119","-93.019041889612,44.968377136292",647899419.0,R,27.0,123.0,31802.0,1011.0
4655,"1495 CALIFORNIA AVE W, FALCON HEIGHTS, MN, 55108",Match,Non_Exact,"1495 CALIFORNIA AVE, FALCON HEIGHTS, MN, 55108","-93.162357897364,44.990934482548",97641045.0,R,27.0,123.0,41900.0,2002.0
4776,"1764 ASBURY ST, FALCON HEIGHTS, MN, 55113",Match,Non_Exact,"1764 N ASBURY ST, FALCON HEIGHTS, MN, 55113","-93.165408364914,44.994355642842",97640921.0,R,27.0,123.0,41900.0,3019.0
4897,"1371 ASBURY ST, ST PAUL, MN, 55108",Tie,,,,,,,,,
4535,"2008 STILLWATER AVE, ST PAUL, MN, 55119",Match,Exact,"2008 STILLWATER AVE, SAINT PAUL, MN, 55119","-93.015759123566,44.968961518567",97653576.0,R,27.0,123.0,31802.0,3004.0
4656,"1463 IDAHO AVE W, FALCON HEIGHTS, MN, 55108",Match,Non_Exact,"1463 W IDAHO AVE, FALCON HEIGHTS, MN, 55108","-93.161805589391,44.990049723052",97641047.0,R,27.0,123.0,41900.0,2014.0
4777,"1817 PASCAL ST N, FALCON HEIGHTS, MN, 55113",Match,Non_Exact,"1817 N PASCAL ST, FALCON HEIGHTS, MN, 55113","-93.161777797842,44.995794994142",97640961.0,L,27.0,123.0,41900.0,1007.0
4898,"1393 ARONA ST, ST PAUL, MN, 55108",Tie,,,,,,,,,
4536,"2012 STILLWATER AVE, ST PAUL, MN, 55119",Match,Exact,"2012 STILLWATER AVE, SAINT PAUL, MN, 55119","-93.015505674811,44.968994545551",97653576.0,R,27.0,123.0,31802.0,3004.0
4657,"1506 CALIFORNIA AVE W, FALCON HEIGHTS, MN, 55108",Match,Non_Exact,"1506 CALIFORNIA AVE, FALCON HEIGHTS, MN, 55108","-93.162543252237,44.990817927412",97641045.0,L,27.0,123.0,41900.0,2014.0
4778,"1770 ARONA ST, FALCON HEIGHTS, MN, 55113",Match,Non_Exact,"1770 N ARONA ST, FALCON HEIGHTS, MN, 55113","-93.164146370505,44.994476616027",97640953.0,R,27.0,123.0,41900.0,1009.0
4899,"1358 SIMPSON ST, ST PAUL, MN, 55108",Match,Exact,"1358 SIMPSON ST, SAINT PAUL, MN, 55108","-93.163034117464,44.982362189681",619253152.0,R,27.0,123.0,30201.0,4010.0
4537,"913 ALGONQUIN AVE, ST PAUL, MN, 55119",Match,Non_Exact,"913 N ALGONQUIN AVE, SAINT PAUL, MN, 55119","-93.019256435494,44.968425308844",647899419.0,L,27.0,123.0,31802.0,1012.0
4658,"1489 IDAHO AVE W, FALCON HEIGHTS, MN, 55108",Match,Non_Exact,"1489 W IDAHO AVE, FALCON HEIGHTS, MN, 55108","-93.162884804049,44.990042162953",97641047.0,R,27.0,123.0,41900.0,2014.0
4779,"1483 LARPENTEUR AVE W, FALCON HEIGHTS, MN, 55113",Match,Exact,"1483 LARPENTEUR AVE W, FALCON HEIGHTS, MN, 55113","-93.16259930241,44.991852904408",97641043.0,R,27.0,123.0,41900.0,1010.0
4538,"1984 STILLWATER AVE, ST PAUL, MN, 55119",Match,Exact,"1984 STILLWATER AVE, SAINT PAUL, MN, 55119","-93.01687670364,44.968747931216",97653569.0,R,27.0,123.0,31802.0,3005.0
4659,"1512 CALIFORNIA AVE W, FALCON HEIGHTS, MN, 55108",Match,Non_Exact,"1512 CALIFORNIA AVE, FALCON HEIGHTS, MN, 55108","-93.162650848641,44.990816794825",97641045.0,L,27.0,123.0,41900.0,2014.0
4539,"2136 MOHAWK AVE, ST PAUL, MN, 55119",Match,Exact,"2136 MOHAWK AVE, SAINT PAUL, MN, 55119","-93.012675064056,44.968540115969",97653602.0,R,27.0,123.0,31802.0,3001.0
4790,"1754 SIMPSON ST, FALCON HEIGHTS, MN, 55113",Match,Exact,"1754 SIMPSON ST, FALCON HEIGHTS, MN, 55113","-93.162882507681,44.994123925814",97640956.0,R,27.0,123.0,41900.0,1008.0
4670,"748 PARKVIEW AVE, ST PAUL, MN, 55117",Match,Non_Exact,"748 W PARKVIEW AVE, SAINT PAUL, MN, 55117","-93.131612344003,44.983637186719",97641984.0,L,27.0,123.0,30300.0,2004.0
4791,"1759 PASCAL ST N, FALCON HEIGHTS, MN, 55113",Match,Non_Exact,"1759 N PASCAL ST, FALCON HEIGHTS, MN, 55113","-93.161777794434,44.994309544696",97640964.0,L,27.0,123.0,41900.0,1008.0
4550,"2155 NORTONIA AVE, ST PAUL, MN, 55119",Match,Exact,"2155 NORTONIA AVE, SAINT PAUL, MN, 55119","-93.011060049782,44.967627170446",97653634.0,L,27.0,123.0,31802.0,3000.0
4671,"853 BERWOOD AVE W, VADNAIS HEIGHTS, MN, 55127",Match,Exact,"853 BERWOOD AVE W, VADNAIS HEIGHTS, MN, 55127","-93.065211709797,45.043159278915",623842870.0,L,27.0,123.0,40606.0,3013.0
4792,"1718 SIMPSON ST, FALCON HEIGHTS, MN, 55113",Match,Exact,"1718 SIMPSON ST, FALCON HEIGHTS, MN, 55113","-93.162883940544,44.993310123036",97640956.0,R,27.0,123.0,41900.0,1008.0
4551,"2159 WAUKON AVE, ST PAUL, MN, 55119",Match,Exact,"2159 WAUKON AVE, SAINT PAUL, MN, 55119","-93.010087186192,44.967250253244",97653640.0,L,27.0,123.0,31802.0,2003.0
4672,"2051 NOKOMIS AVE, ST PAUL, MN, 55119",Match,Exact,"2051 NOKOMIS AVE, SAINT PAUL, MN, 55119","-93.014591408474,44.966493647076",97653599.0,L,27.0,123.0,31802.0,3009.0
4793,"1741 PASCAL ST N, FALCON HEIGHTS, MN, 55113",Match,Non_Exact,"1741 N PASCAL ST, FALCON HEIGHTS, MN, 55113","-93.161777794493,44.993878707946",97640964.0,L,27.0,123.0,41900.0,1008.0
4552,"2152 NORTONIA AVE, ST PAUL, MN, 55119",Match,Exact,"2152 NORTONIA AVE, SAINT PAUL, MN, 55119","-93.010963370996,44.967509960809",97653634.0,R,27.0,123.0,31802.0,2003.0
4673,"1720 ST MARYS ST, FALCON HEIGHTS, MN, 55113",Match,Exact,"1720 ST MARY'S ST, FALCON HEIGHTS, MN, 55113","-93.168774230978,44.993778738464",97640907.0,R,27.0,123.0,41900.0,3022.0
4794,"191 EDGEWATER AVE, SHOREVIEW, MN, 55126",Match,Exact,"191 EDGEWATER AVE, SHOREVIEW, MN, 55126","-93.10865535463,45.038947282547",97643026.0,R,27.0,123.0,40704.0,3004.0
4553,"860 ALGONQUIN AVE, ST PAUL, MN, 55119",Match,Non_Exact,"860 N ALGONQUIN AVE, SAINT PAUL, MN, 55119","-93.017574930998,44.967399166327",97653571.0,R,27.0,123.0,31802.0,3005.0
4674,"1710 ST MARYS ST, FALCON HEIGHTS, MN, 55113",Match,Exact,"1710 ST MARY'S ST, FALCON HEIGHTS, MN, 55113","-93.168776865182,44.993614980103",97640907.0,R,27.0,123.0,41900.0,3022.0
4795,"170 JERROLD AVE, SHOREVIEW, MN, 55126",Match,Exact,"170 JERROLD AVE, SHOREVIEW, MN, 55126","-93.108554962831,45.040092690975",97642682.0,L,27.0,123.0,40704.0,3004.0
4543,"1952 STILLWATER AVE, ST PAUL, MN, 55119",Match,Exact,"1952 STILLWATER AVE, SAINT PAUL, MN, 55119","-93.018062267166,44.96841529438",97653416.0,R,27.0,123.0,31802.0,3006.0
4664,"1818 3RD ST E, ST PAUL, MN, 55119",Match,Exact,"1818 3RD ST E, SAINT PAUL, MN, 55119","-93.023622100646,44.956720381811",652845334.0,R,27.0,123.0,34701.0,3002.0
4785,"1732 SIMPSON ST, FALCON HEIGHTS, MN, 55113",Match,Exact,"1732 SIMPSON ST, FALCON HEIGHTS, MN, 55113","-93.16288338332,44.993626601894",97640956.0,R,27.0,123.0,41900.0,1008.0
4544,"1934 STILLWATER AVE, ST PAUL, MN, 55119",Match,Exact,"1934 STILLWATER AVE, SAINT PAUL, MN, 55119","-93.018606523807,44.968225987742",97653416.0,R,27.0,123.0,31802.0,3006.0
4665,"1808 3RD ST E, ST PAUL, MN, 55119",Match,Exact,"1808 3RD ST E, SAINT PAUL, MN, 55119","-93.024153123704,44.956723105043",652845334.0,R,27.0,123.0,34701.0,3002.0
4786,"1791 PASCAL ST N, FALCON HEIGHTS, MN, 55113",Match,Non_Exact,"1791 N PASCAL ST, FALCON HEIGHTS, MN, 55113","-93.161777794328,44.995075476695",97640964.0,L,27.0,123.0,41900.0,1008.0
4545,"2136 NOKOMIS AVE, ST PAUL, MN, 55119",Match,Exact,"2136 NOKOMIS AVE, SAINT PAUL, MN, 55119","-93.011870729368,44.968114269341",97653631.0,R,27.0,123.0,31802.0,3000.0
4666,"507 MOUNT CURVE BLVD, ST PAUL, MN, 55116",Match,Non_Exact,"507 S MOUNT CURVE BLVD, SAINT PAUL, MN, 55116","-93.195045991412,44.925096919317",97639519.0,R,27.0,123.0,43001.0,3002.0
4787,"1777 SIMPSON ST, FALCON HEIGHTS, MN, 55113",Match,Exact,"1777 SIMPSON ST, FALCON HEIGHTS, MN, 55113","-93.16304366837,44.994621392419",97640956.0,L,27.0,123.0,41900.0,1009.0
4546,"2159 NORTONIA AVE, ST PAUL, MN, 55119",Match,Exact,"2159 NORTONIA AVE, SAINT PAUL, MN, 55119","-93.01103024314,44.967667958479",97653634.0,L,27.0,123.0,31802.0,3000.0
4667,"954 MILLWOOD AVE, ROSEVILLE, MN, 55113",Match,Exact,"954 MILLWOOD AVE, ROSEVILLE, MN, 55113","-93.140463747591,45.029800731943",649686881.0,L,27.0,123.0,41500.0,2014.0
4788,"1735 SIMPSON ST, FALCON HEIGHTS, MN, 55113",Match,Exact,"1735 SIMPSON ST, FALCON HEIGHTS, MN, 55113","-93.163045340044,44.993671955844",97640956.0,L,27.0,123.0,41900.0,1009.0
4547,"2165 NORTONIA AVE, ST PAUL, MN, 55119",Match,Exact,"2165 NORTONIA AVE, SAINT PAUL, MN, 55119","-93.010988353431,44.967727367136",97653634.0,L,27.0,123.0,31802.0,3000.0
4668,"678 2ND AVE NW, NEW BRIGHTON, MN, 55112",Match,Exact,"678 2ND AVE NW, NEW BRIGHTON, MN, 55112","-93.189372841577,45.060581093951",97634591.0,L,27.0,123.0,41200.0,1021.0
4789,"1803 PASCAL ST N, FALCON HEIGHTS, MN, 55113",Match,Non_Exact,"1803 N PASCAL ST, FALCON HEIGHTS, MN, 55113","-93.161777794288,44.995362701195",97640964.0,L,27.0,123.0,41900.0,1008.0
4548,"878 IROQUOIS AVE, ST PAUL, MN, 55119",Match,Exact,"878 IROQUOIS AVE, SAINT PAUL, MN, 55119","-93.01631439472,44.968088679872",97653570.0,R,27.0,123.0,31802.0,3004.0
4669,"725 PARKVIEW AVE, ST PAUL, MN, 55117",Match,Non_Exact,"725 W PARKVIEW AVE, SAINT PAUL, MN, 55117","-93.130975465985,44.98374915064",97643449.0,R,27.0,123.0,30300.0,2001.0
4549,"864 JORDAN AVE, ST PAUL, MN, 55119",Match,Non_Exact,"864 N JORDAN AVE, SAINT PAUL, MN, 55119","-93.017804790314,44.968269695716",97653417.0,R,27.0,123.0,31802.0,3005.0
4680,"1620 RANDOLPH AVE, ST PAUL, MN, 55105",Match,Exact,"1620 RANDOLPH AVE, SAINT PAUL, MN, 55105","-93.168361872628,44.926936019917",97646152.0,L,27.0,123.0,36400.0,2000.0
4560,"833 PEDERSEN ST, ST PAUL, MN, 55119",Match,Exact,"833 PEDERSEN ST, SAINT PAUL, MN, 55119","-93.0129733864,44.966203774517",97653600.0,L,27.0,123.0,31802.0,3011.0
4681,"315 MOUNT CURVE BLVD, ST PAUL, MN, 55105",Match,Exact,"315 MOUNT CURVE BLVD, SAINT PAUL, MN, 55105","-93.193687208675,44.932063988634",97639402.0,R,27.0,123.0,43001.0,5001.0
4561,"2129 WAUKON AVE, ST PAUL, MN, 55119",Match,Exact,"2129 WAUKON AVE, SAINT PAUL, MN, 55119","-93.010701011305,44.966490097027",97653639.0,L,27.0,123.0,31802.0,2006.0
4682,"277 MOUNT CURVE BLVD, ST PAUL, MN, 55105",Match,Exact,"277 MOUNT CURVE BLVD, SAINT PAUL, MN, 55105","-93.19368720979,44.933277511754",97639396.0,R,27.0,123.0,43001.0,5001.0
4562,"831 IROQUOIS AVE, ST PAUL, MN, 55119",Match,Exact,"831 IROQUOIS AVE, SAINT PAUL, MN, 55119","-93.016969733343,44.966737046243",97660443.0,L,27.0,123.0,31802.0,3007.0
4683,"339 MOUNT CURVE BLVD, ST PAUL, MN, 55105",Match,Exact,"339 MOUNT CURVE BLVD, SAINT PAUL, MN, 55105","-93.193687207493,44.931346541537",97639405.0,R,27.0,123.0,43001.0,5001.0
4563,"810 PEDERSEN ST, ST PAUL, MN, 55119",Match,Exact,"810 PEDERSEN ST, SAINT PAUL, MN, 55119","-93.012674260891,44.965949948144",97653666.0,R,27.0,123.0,31802.0,2006.0
4684,"297 MOUNT CURVE BLVD, ST PAUL, MN, 55105",Match,Exact,"297 MOUNT CURVE BLVD, SAINT PAUL, MN, 55105","-93.19368720988,44.932615504682",97639396.0,R,27.0,123.0,43001.0,5001.0
4564,"1977 NORTONIA AVE, ST PAUL, MN, 55119",Match,Exact,"1977 NORTONIA AVE, SAINT PAUL, MN, 55119","-93.017276876712,44.96510168417",97653654.0,L,27.0,123.0,31802.0,3013.0
4685,"300 STONEBRIDGE BLVD, ST PAUL, MN, 55105",Match,Non_Exact,"300 S STONEBRIDGE BLVD, SAINT PAUL, MN, 55105","-93.195016083552,44.932746506104",97669912.0,L,27.0,123.0,43001.0,5001.0
4554,"854 ALGONQUIN AVE, ST PAUL, MN, 55119",Match,Non_Exact,"854 N ALGONQUIN AVE, SAINT PAUL, MN, 55119","-93.017323955929,44.967270419332",97653571.0,R,27.0,123.0,31802.0,3005.0
4675,"1775 SNELLING AVE N, FALCON HEIGHTS, MN, 55113",Match,Exact,"1775 SNELLING AVE N, FALCON HEIGHTS, MN, 55113","-93.166809366957,44.992719783699",624768568.0,L,27.0,123.0,41900.0,3022.0
4796,"179 JERROLD AVE, SHOREVIEW, MN, 55126",Match,Exact,"179 JERROLD AVE, SHOREVIEW, MN, 55126","-93.108689030499,45.040207282365",97642682.0,R,27.0,123.0,40704.0,3001.0
4555,"2108 NOKOMIS AVE, ST PAUL, MN, 55119",Match,Exact,"2108 NOKOMIS AVE, SAINT PAUL, MN, 55119","-93.012652459247,44.967373654715",97653604.0,R,27.0,123.0,31802.0,3012.0
4676,"1707 SHRYER AVE W, ROSEVILLE, MN, 55113",Match,Exact,"1707 SHRYER AVE W, ROSEVILLE, MN, 55113","-93.172176390895,45.002146292325",97640817.0,R,27.0,123.0,41301.0,1021.0
4797,"160 EDGEWATER AVE, SHOREVIEW, MN, 55126",Match,Exact,"160 EDGEWATER AVE, SHOREVIEW, MN, 55126","-93.108099053021,45.038832691128",97643026.0,L,27.0,123.0,40704.0,3006.0
4556,"2127 NORTONIA AVE, ST PAUL, MN, 55119",Match,Exact,"2127 NORTONIA AVE, SAINT PAUL, MN, 55119","-93.0115082157,44.967084091437",97653637.0,L,27.0,123.0,31802.0,3012.0
4677,"957 EVAR ST N, MAPLEWOOD, MN, 55119",Match,Non_Exact,"957 EVAR ST, MAPLEWOOD, MN, 55119","-92.993731561599,44.969835531781",97653941.0,L,27.0,123.0,42501.0,4005.0
4798,"188 JERROLD AVE, SHOREVIEW, MN, 55126",Match,Exact,"188 JERROLD AVE, SHOREVIEW, MN, 55126","-93.108856615118,45.040092690996",97642682.0,L,27.0,123.0,40704.0,3004.0
4557,"2100 NOKOMIS AVE, ST PAUL, MN, 55119",Match,Exact,"2100 NOKOMIS AVE, SAINT PAUL, MN, 55119","-93.012902326717,44.967179849337",97653604.0,R,27.0,123.0,31802.0,3012.0
4678,"671 LARPENTEUR AVE W, ROSEVILLE, MN, 55113",Match,Exact,"671 LARPENTEUR AVE W, ROSEVILLE, MN, 55113","-93.12837377584,44.991874429631",97643430.0,R,27.0,123.0,41700.0,4000.0
4799,"171 JERROLD AVE, SHOREVIEW, MN, 55126",Match,Exact,"171 JERROLD AVE, SHOREVIEW, MN, 55126","-93.108554962816,45.040207282356",97642682.0,R,27.0,123.0,40704.0,3001.0
4558,"834 PEDERSEN ST, ST PAUL, MN, 55119",Match,Exact,"834 PEDERSEN ST, SAINT PAUL, MN, 55119","-93.012843983602,44.966282306721",97653600.0,R,27.0,123.0,31802.0,3012.0
4679,"1611 JUNO AVE, ST PAUL, MN, 55116",Match,Non_Exact,"1611 W JUNO AVE, SAINT PAUL, MN, 55116","-93.169006512297,44.926148306491",97646154.0,R,27.0,123.0,36400.0,2000.0
4559,"2111 NORTONIA AVE, ST PAUL, MN, 55119",Match,Exact,"2111 NORTONIA AVE, SAINT PAUL, MN, 55119","-93.011840429638,44.9667534472",97653637.0,L,27.0,123.0,31802.0,3012.0
4690,"1430 IOWA AVE W, FALCON HEIGHTS, MN, 55108",Match,Non_Exact,"1430 W IOWA AVE, FALCON HEIGHTS, MN, 55108","-93.160462563108,44.989049208473",97641064.0,L,27.0,123.0,41900.0,2016.0
4570,"2011 REANEY AVE, ST PAUL, MN, 55119",Match,Exact,"2011 REANEY AVE, SAINT PAUL, MN, 55119","-93.015479492208,44.964043953345",97653516.0,L,27.0,123.0,31802.0,3016.0
4691,"1449 HOYT AVE W, FALCON HEIGHTS, MN, 55108",Match,Exact,"1449 HOYT AVE W, FALCON HEIGHTS, MN, 55108","-93.161284890714,44.988253672586",97641073.0,R,27.0,123.0,41900.0,2016.0
4571,"1934 REANEY AVE, ST PAUL, MN, 55119",Match,Exact,"1934 REANEY AVE, SAINT PAUL, MN, 55119","-93.017423982905,44.964257194094",97653516.0,R,27.0,123.0,31802.0,3017.0
4692,"1377 HOYT AVE W, FALCON HEIGHTS, MN, 55108",Match,Exact,"1377 HOYT AVE W, FALCON HEIGHTS, MN, 55108","-93.158168540369,44.988275516533",97641082.0,R,27.0,123.0,41900.0,2017.0
4572,"1933 NORTONIA AVE, ST PAUL, MN, 55119",Match,Exact,"1933 NORTONIA AVE, SAINT PAUL, MN, 55119","-93.018975238276,44.964317882946",97653515.0,L,27.0,123.0,31802.0,3013.0
4693,"1820 MONTREAL AVE, ST PAUL, MN, 55116",Match,Exact,"1820 MONTREAL AVE, SAINT PAUL, MN, 55116","-93.14828029922,44.912366896526",97647092.0,L,27.0,123.0,36700.0,3029.0
4573,"1979 REANEY AVE, ST PAUL, MN, 55119",Match,Exact,"1979 REANEY AVE, SAINT PAUL, MN, 55119","-93.016292892825,44.964079973265",97653516.0,L,27.0,123.0,31802.0,3016.0
4694,"1570 HAMLINE AVE N, ST PAUL, MN, 55108",Match,Exact,"1570 HAMLINE AVE N, SAINT PAUL, MN, 55108","-93.15652544335,44.988890134362",97641743.0,R,27.0,123.0,30201.0,1005.0
4574,"1954 REANEY AVE, ST PAUL, MN, 55119",Match,Exact,"1954 REANEY AVE, SAINT PAUL, MN, 55119","-93.016953847852,44.964076828239",97653516.0,R,27.0,123.0,31802.0,3017.0
4695,"1262 HOYT AVE W, ST PAUL, MN, 55108",Match,Exact,"1262 HOYT AVE W, SAINT PAUL, MN, 55108","-93.153081056381,44.988211648332",97641760.0,L,27.0,123.0,30202.0,3000.0
4575,"2000 REANEY AVE, ST PAUL, MN, 55119",Match,Exact,"2000 REANEY AVE, SAINT PAUL, MN, 55119","-93.015740938744,44.963929298097",97653516.0,R,27.0,123.0,31802.0,3017.0
4696,"0 MERRILL ST, ST PAUL, MN, 55108",No_Match,,,,,,,,,
4565,"2015 BUSH AVE, ST PAUL, MN, 55119",Match,Exact,"2015 BUSH AVE, SAINT PAUL, MN, 55119","-93.015360493601,44.964862528065",97653655.0,L,27.0,123.0,31802.0,3015.0
4686,"290 WOODLAWN AVE, ST PAUL, MN, 55105",Match,Exact,"290 WOODLAWN AVE, SAINT PAUL, MN, 55105","-93.196586876691,44.932741476392",639711128.0,L,27.0,123.0,43001.0,5002.0
4566,"1986 BUSH AVE, ST PAUL, MN, 55119",Match,Exact,"1986 BUSH AVE, SAINT PAUL, MN, 55119","-93.015984449074,44.964672417908",97653655.0,R,27.0,123.0,31802.0,3016.0
4687,"931 GLENDON ST N, MAPLEWOOD, MN, 55119",Match,Exact,"931 GLENDON ST N, MAPLEWOOD, MN, 55119","-92.991234494139,44.969929880524",97654046.0,L,27.0,123.0,42501.0,4007.0
4567,"1974 NORTONIA AVE, ST PAUL, MN, 55119",Match,Exact,"1974 NORTONIA AVE, SAINT PAUL, MN, 55119","-93.017323123123,44.964966273743",97653654.0,R,27.0,123.0,31802.0,3016.0
4688,"3508 GLENARDEN RD, ARDEN HILLS, MN, 55112",Match,Exact,"3508 GLENARDEN RD, ARDEN HILLS, MN, 55112","-93.158150451181,45.047241373094",97640247.0,R,27.0,123.0,40804.0,1000.0
4568,"1926 REANEY AVE, ST PAUL, MN, 55119",Match,Exact,"1926 REANEY AVE, SAINT PAUL, MN, 55119","-93.017599023002,44.96434705678",97653516.0,R,27.0,123.0,31802.0,3017.0
4689,"1434 IOWA AVE W, FALCON HEIGHTS, MN, 55108",Match,Non_Exact,"1434 W IOWA AVE, FALCON HEIGHTS, MN, 55108","-93.160621562547,44.989047522977",97641064.0,L,27.0,123.0,41900.0,2016.0
4569,"1943 REANEY AVE, ST PAUL, MN, 55119",Match,Exact,"1943 REANEY AVE, SAINT PAUL, MN, 55119","-93.017164256226,44.964278896155",97653516.0,L,27.0,123.0,31802.0,3016.0
4580,"2165 WAUKON AVE, ST PAUL, MN, 55119",Match,Exact,"2165 WAUKON AVE, SAINT PAUL, MN, 55119","-93.010037330353,44.967326348989",97653640.0,L,27.0,123.0,31802.0,2003.0
4581,"2137 NORTONIA AVE, ST PAUL, MN, 55119",Match,Exact,"2137 NORTONIA AVE, SAINT PAUL, MN, 55119","-93.01132067605,44.967297224914",97653637.0,L,27.0,123.0,31802.0,3012.0
4582,"2005 STILLWATER AVE, ST PAUL, MN, 55119",Match,Exact,"2005 STILLWATER AVE, SAINT PAUL, MN, 55119","-93.015706530029,44.969086386996",97653576.0,L,27.0,123.0,31802.0,1014.0
4583,"826 IROQUOIS AVE, ST PAUL, MN, 55119",Match,Exact,"826 IROQUOIS AVE, SAINT PAUL, MN, 55119","-93.017025257692,44.966459296038",97660443.0,R,27.0,123.0,31802.0,3008.0
4584,"829 ALGONQUIN AVE, ST PAUL, MN, 55119",Match,Non_Exact,"829 N ALGONQUIN AVE, SAINT PAUL, MN, 55119","-93.01640486296,44.966659852631",97662788.0,L,27.0,123.0,31802.0,3008.0
4585,"2020 NORTONIA AVE, ST PAUL, MN, 55119",Match,Exact,"2020 NORTONIA AVE, SAINT PAUL, MN, 55119","-93.015182573689,44.965475665848",97653665.0,R,27.0,123.0,31802.0,2014.0
4586,"2026 NORTONIA AVE, ST PAUL, MN, 55119",Match,Exact,"2026 NORTONIA AVE, SAINT PAUL, MN, 55119","-93.01499782847,44.965500489485",97653665.0,R,27.0,123.0,31802.0,2014.0
4576,"2007 MANITOU AVE, ST PAUL, MN, 55119",Match,Exact,"2007 MANITOU AVE, SAINT PAUL, MN, 55119","-93.015767145526,44.967572358011",97653578.0,L,27.0,123.0,31802.0,3004.0
4697,"1603 HURON ST, ST PAUL, MN, 55108",Match,Non_Exact,"1603 HURON ST N, SAINT PAUL, MN, 55108","-93.155368384937,44.989547465573",97641752.0,L,27.0,123.0,30201.0,1005.0
4577,"1990 NORTONIA AVE, ST PAUL, MN, 55119",Match,Exact,"1990 NORTONIA AVE, SAINT PAUL, MN, 55119","-93.016601410732,44.965148454297",97653657.0,R,27.0,123.0,31802.0,3015.0
4698,"1598 CHELSEA ST, ST PAUL, MN, 55108",Tie,,,,,,,,,
4578,"2007 REANEY AVE, ST PAUL, MN, 55119",Match,Exact,"2007 REANEY AVE, SAINT PAUL, MN, 55119","-93.01558416985,44.964040919217",97653516.0,L,27.0,123.0,31802.0,3016.0
4699,"1303 IDAHO AVE W, ST PAUL, MN, 55108",Match,Exact,"1303 IDAHO AVE W, SAINT PAUL, MN, 55108","-93.154915739482,44.990118342447",97641753.0,R,27.0,123.0,30201.0,1002.0
4579,"1993 REANEY AVE, ST PAUL, MN, 55119",Match,Exact,"1993 REANEY AVE, SAINT PAUL, MN, 55119","-93.015938142688,44.964049357761",97653516.0,L,27.0,123.0,31802.0,3016.0
4590,"7625 PLEASANT VIEW DRIVE, MOUNDS VIEW, MN, 55112",Tie,,,,,,,,,
4591,"7633 PLEASANT VIEW DRIVE, MOUNDS VIEW, MN, 55112",Tie,,,,,,,,,
4592,"3032 COUNTY ROAD I, MOUNDS VIEW, MN, 55112",Match,Exact,"3032 CO RD I, MOUNDS VIEW, MN, 55112","-93.226005986324,45.107027006429",97633320.0,L,27.0,123.0,41002.0,1003.0
4593,"1608 RANDOLPH AVE, ST PAUL, MN, 55105",Match,Exact,"1608 RANDOLPH AVE, SAINT PAUL, MN, 55105","-93.167608665807,44.926930610838",97646152.0,L,27.0,123.0,36400.0,2000.0
4594,"1862 MONTREAL AVE, ST PAUL, MN, 55116",Match,Exact,"1862 MONTREAL AVE, SAINT PAUL, MN, 55116","-93.148747098549,44.912370254827",97647092.0,L,27.0,123.0,36700.0,3029.0
4595,"1602 FERNWOOD ST, ST PAUL, MN, 55108",Tie,,,,,,,,,
4596,"1567 HURON ST, ST PAUL, MN, 55108",Tie,,,,,,,,,
4597,"1484 CRAWFORD AVE, FALCON HEIGHTS, MN, 55113",Match,Exact,"1484 CRAWFORD AVE, FALCON HEIGHTS, MN, 55113","-93.162857405315,44.992790227304",97640960.0,L,27.0,123.0,41900.0,1010.0
4587,"940 HAZEL ST N, ST PAUL, MN, 55119",Match,Non_Exact,"940 N HAZEL ST, SAINT PAUL, MN, 55119","-93.02015374416,44.96878433618",647910058.0,R,27.0,123.0,31802.0,1012.0
4588,"825 IROQUOIS AVE, ST PAUL, MN, 55119",Match,Exact,"825 IROQUOIS AVE, SAINT PAUL, MN, 55119","-93.017106258552,44.966598754381",97660443.0,L,27.0,123.0,31802.0,3007.0
4589,"7655 PLEASANT VIEW DRIVE, MOUNDS VIEW, MN, 55112",Tie,,,,,,,,,
4598,"2204 OXFORD ST N, ROSEVILLE, MN, 55113",Match,Non_Exact,"2204 N OXFORD ST, ROSEVILLE, MN, 55113","-93.142957696578,45.00780792404",97640734.0,R,27.0,123.0,41700.0,1004.0
4599,"1899 BEECHWOOD AVE, ST PAUL, MN, 55116",Match,Exact,"1899 BEECHWOOD AVE, SAINT PAUL, MN, 55116","-93.180632265368,44.915296922572",97645967.0,R,27.0,123.0,37500.0,3000.0
4903,"1335 ASBURY ST, ST PAUL, MN, 55108",Tie,,,,,,,,,
4904,"1395 MIDWAY PKWY, ST PAUL, MN, 55108",No_Match,,,,,,,,,
4905,"1398 SNELLING AVE N, ST PAUL, MN, 55108",Match,Exact,"1398 SNELLING AVE N, SAINT PAUL, MN, 55108","-93.166861139745,44.983161070521",97641027.0,R,27.0,123.0,30201.0,4007.0
4906,"1358 SNELLING AVE N, ST PAUL, MN, 55108",Match,Exact,"1358 SNELLING AVE N, SAINT PAUL, MN, 55108","-93.166870351909,44.982363532247",619253137.0,R,27.0,123.0,30201.0,4008.0
4907,"1404 ARONA ST, ST PAUL, MN, 55108",Tie,,,,,,,,,
4908,"1399 ALBERT ST N, ST PAUL, MN, 55108",Match,Exact,"1399 ALBERT ST N, SAINT PAUL, MN, 55108","-93.159332049117,44.983935422113",97641119.0,L,27.0,123.0,30201.0,4002.0
4909,"1424 ARONA ST, ST PAUL, MN, 55108",Tie,,,,,,,,,
4900,"1373 ARONA ST, ST PAUL, MN, 55108",Tie,,,,,,,,,
4901,"1388 ASBURY ST, ST PAUL, MN, 55108",Tie,,,,,,,,,
4902,"1371 MIDWAY PKWY, ST PAUL, MN, 55108",No_Match,,,,,,,,,
4914,"1412 ALBERT ST N, ST PAUL, MN, 55108",Match,Exact,"1412 ALBERT ST N, SAINT PAUL, MN, 55108","-93.159168130627,44.984120804913",97641119.0,R,27.0,123.0,30201.0,4001.0
4915,"1428 ALBERT ST N, ST PAUL, MN, 55108",Match,Exact,"1428 ALBERT ST N, SAINT PAUL, MN, 55108","-93.159165693897,44.984357651923",97641119.0,R,27.0,123.0,30201.0,4001.0
4916,"1390 ALBERT ST N, ST PAUL, MN, 55108",Match,Exact,"1390 ALBERT ST N, SAINT PAUL, MN, 55108","-93.159171481131,44.983795140275",97641119.0,R,27.0,123.0,30201.0,4001.0
4917,"1495 MIDWAY PKWY, ST PAUL, MN, 55108",Match,Exact,"1495 MIDWAY PKWY, SAINT PAUL, MN, 55108","-93.16156445617,44.981087685554",647914382.0,R,27.0,123.0,30201.0,4014.0
4918,"1403 PASCAL ST N, ST PAUL, MN, 55108",Match,Exact,"1403 PASCAL ST N, SAINT PAUL, MN, 55108","-93.161899277456,44.983612566715",97641094.0,L,27.0,123.0,30201.0,4004.0
4919,"1363 ASBURY ST, ST PAUL, MN, 55108",Tie,,,,,,,,,
4910,"1362 SIMPSON ST, ST PAUL, MN, 55108",Match,Exact,"1362 SIMPSON ST, SAINT PAUL, MN, 55108","-93.163032991264,44.982439671543",619253152.0,R,27.0,123.0,30201.0,4010.0
4911,"1420 ALBERT ST N, ST PAUL, MN, 55108",Match,Exact,"1420 ALBERT ST N, SAINT PAUL, MN, 55108","-93.159166912262,44.984239228418",97641119.0,R,27.0,123.0,30201.0,4001.0
4912,"1418 ALBERT ST N, ST PAUL, MN, 55108",Match,Exact,"1418 ALBERT ST N, SAINT PAUL, MN, 55108","-93.159167216853,44.984209622542",97641119.0,R,27.0,123.0,30201.0,4001.0
4913,"1527 MIDWAY PKWY, ST PAUL, MN, 55108",No_Match,,,,,,,,,
4804,"2155 GARDENETTE DR S, WHITE BEAR LAKE, MN, 55110",Match,Exact,"2155 GARDENETTE DR S, WHITE BEAR LAKE, MN, 55110","-93.009180152455,45.066759502579",97637242.0,L,27.0,123.0,40301.0,2013.0
4925,"1431 SIMPSON ST, ST PAUL, MN, 55108",Match,Exact,"1431 SIMPSON ST, SAINT PAUL, MN, 55108","-93.163167085384,44.984294222585",97641092.0,L,27.0,123.0,30201.0,4005.0
4805,"2194 GARDENETTE DR S, WHITE BEAR LAKE, MN, 55110",Match,Exact,"2194 GARDENETTE DR S, WHITE BEAR LAKE, MN, 55110","-93.007176123199,45.066674749778",97637242.0,R,27.0,123.0,40301.0,2015.0
4926,"1344 SNELLING AVE N, ST PAUL, MN, 55108",Match,Exact,"1344 SNELLING AVE N, SAINT PAUL, MN, 55108","-93.166873782726,44.982087697607",619253137.0,R,27.0,123.0,30201.0,4008.0
4806,"2165 GARDENETTE DR S, WHITE BEAR LAKE, MN, 55110",Match,Exact,"2165 GARDENETTE DR S, WHITE BEAR LAKE, MN, 55110","-93.008940657212,45.066757897904",97637242.0,L,27.0,123.0,40301.0,2013.0
4927,"1364 ASBURY ST, ST PAUL, MN, 55108",Tie,,,,,,,,,
4807,"4143 MCKNIGHT RD N, WHITE BEAR LAKE, MN, 55110",Match,Exact,"4143 MCKNIGHT RD N, WHITE BEAR LAKE, MN, 55110","-93.005280305788,45.066541984242",97637244.0,L,27.0,123.0,40301.0,2015.0
4928,"1387 MIDWAY PKWY, ST PAUL, MN, 55108",No_Match,,,,,,,,,
4808,"2181 GARDENETTE DR S, WHITE BEAR LAKE, MN, 55110",Match,Exact,"2181 GARDENETTE DR S, WHITE BEAR LAKE, MN, 55110","-93.008557464824,45.066755330424",97637242.0,L,27.0,123.0,40301.0,2013.0
4929,"1399 HAMLINE AVE N, ST PAUL, MN, 55108",Match,Exact,"1399 HAMLINE AVE N, SAINT PAUL, MN, 55108","-93.156781931739,44.983419778038",97641768.0,L,27.0,123.0,30201.0,4000.0
4809,"2193 GARDENETTE DR N, WHITE BEAR LAKE, MN, 55110",Match,Exact,"2193 GARDENETTE DR N, WHITE BEAR LAKE, MN, 55110","-93.00891134386,45.067760458994",97637241.0,L,27.0,123.0,40301.0,2014.0
4920,"1383 HAMLINE AVE N, ST PAUL, MN, 55108",Match,Exact,"1383 HAMLINE AVE N, SAINT PAUL, MN, 55108","-93.15679018115,44.982962314119",97641768.0,L,27.0,123.0,30201.0,4000.0
4800,"2011 PROSPERITY RD N, MAPLEWOOD, MN, 55109",Match,Non_Exact,"2011 PROSPERITY RD, MAPLEWOOD, MN, 55109","-93.032661299206,45.001974204845",97662431.0,L,27.0,123.0,42402.0,1006.0
4921,"1407 SHELDON ST, ST PAUL, MN, 55108",Tie,,,,,,,,,
4801,"1995 PROSPERITY RD N, MAPLEWOOD, MN, 55109",Match,Non_Exact,"1995 PROSPERITY RD, MAPLEWOOD, MN, 55109","-93.033023326871,45.001623373935",97662431.0,L,27.0,123.0,42402.0,1006.0
4922,"1382 ALBERT ST N, ST PAUL, MN, 55108",Match,Exact,"1382 ALBERT ST N, SAINT PAUL, MN, 55108","-93.159172699496,44.983676716771",97641119.0,R,27.0,123.0,30201.0,4001.0
4802,"1847 FERNWOOD AVE, ROSEVILLE, MN, 55113",Match,Non_Exact,"1847 N FERNWOOD ST, ROSEVILLE, MN, 55113","-93.151569015269,44.997009025062",97641709.0,L,27.0,123.0,41800.0,1001.0
4923,"1426 ASBURY ST, ST PAUL, MN, 55108",Tie,,,,,,,,,
4803,"3257 WOODBRIDGE ST, SHOREVIEW, MN, 55126",Match,Exact,"3257 WOODBRIDGE ST, SHOREVIEW, MN, 55126","-93.109166252154,45.040031508008",97642681.0,L,27.0,123.0,40704.0,3001.0
4924,"1349 ASBURY ST, ST PAUL, MN, 55108",Tie,,,,,,,,,
4815,"2205 FLORAL DR, WHITE BEAR LAKE, MN, 55110",Match,Exact,"2205 FLORAL DR, WHITE BEAR LAKE, MN, 55110","-93.007751199506,45.065762662184",97637229.0,L,27.0,123.0,40301.0,2015.0
4936,"2133 3RD ST E, ST PAUL, MN, 55119",Match,Exact,"2133 3RD ST E, SAINT PAUL, MN, 55119","-93.01060131999,44.956795287746",97653738.0,L,27.0,123.0,34702.0,4013.0
4816,"2186 GARDENETTE DR N, WHITE BEAR LAKE, MN, 55110",Match,Exact,"2186 GARDENETTE DR N, WHITE BEAR LAKE, MN, 55110","-93.009029117805,45.067646590263",97637241.0,R,27.0,123.0,40301.0,2013.0
4937,"1285 BEECHWOOD PL, ST PAUL, MN, 55116",Match,Non_Exact,"1285 W BEECHWOOD PL, SAINT PAUL, MN, 55116","-93.155380002307,44.915278303843",97647049.0,R,27.0,123.0,36600.0,1018.0
4817,"4177 MCKNIGHT RD N, WHITE BEAR LAKE, MN, 55110",Match,Exact,"4177 MCKNIGHT RD N, WHITE BEAR LAKE, MN, 55110","-93.005285873703,45.067527018946",97655842.0,R,27.0,123.0,40301.0,2015.0
4938,"1323 BOHLAND PL, ST PAUL, MN, 55116",Match,Non_Exact,"1323 W BOHLAND PL, SAINT PAUL, MN, 55116","-93.15521635954,44.91614558862",97646955.0,R,27.0,123.0,36600.0,1019.0
4818,"2245 FLORAL DR, WHITE BEAR LAKE, MN, 55110",Match,Exact,"2245 FLORAL DR, WHITE BEAR LAKE, MN, 55110","-93.006101279789,45.065753878112",97637229.0,L,27.0,123.0,40301.0,2015.0
4939,"1298 HILLCREST AVE, ST PAUL, MN, 55116",Match,Non_Exact,"1298 W HILLCREST AVE, SAINT PAUL, MN, 55116","-93.155151795177,44.916927891336",97646954.0,L,27.0,123.0,36600.0,1019.0
4819,"4185 MCKNIGHT RD N, WHITE BEAR LAKE, MN, 55110",Match,Exact,"4185 MCKNIGHT RD N, WHITE BEAR LAKE, MN, 55110","-93.005287504058,45.06778462068",97655842.0,R,27.0,123.0,40301.0,2015.0
4930,"1345 ASBURY ST, ST PAUL, MN, 55108",Tie,,,,,,,,,
4810,"2180 GARDENETTE DR S, WHITE BEAR LAKE, MN, 55110",Match,Exact,"2180 GARDENETTE DR S, WHITE BEAR LAKE, MN, 55110","-93.00768555068,45.066634891873",97637242.0,R,27.0,123.0,40301.0,2015.0
4931,"1410 EDGCUMBE RD, ST PAUL, MN, 55116",Match,Exact,"1410 EDGCUMBE RD, SAINT PAUL, MN, 55116","-93.149774610695,44.922763627655",97646998.0,L,27.0,123.0,36600.0,5003.0
4811,"4159 MCKNIGHT RD N, WHITE BEAR LAKE, MN, 55110",Match,Exact,"4159 MCKNIGHT RD N, WHITE BEAR LAKE, MN, 55110","-93.005282205405,45.066947415046",97655842.0,R,27.0,123.0,40301.0,2015.0
4932,"1401 MIDWAY PKWY, ST PAUL, MN, 55108",Match,Exact,"1401 MIDWAY PKWY, SAINT PAUL, MN, 55108","-93.156820550129,44.981139015002",647914382.0,R,27.0,123.0,30201.0,4014.0
4812,"2148 GARDENETTE DR N, WHITE BEAR LAKE, MN, 55110",Match,Exact,"2148 GARDENETTE DR N, WHITE BEAR LAKE, MN, 55110","-93.009924979427,45.067650680108",97637233.0,R,27.0,123.0,40301.0,2013.0
4933,"1040 BURKE AVE W, ROSEVILLE, MN, 55113",Match,Non_Exact,"1040 W BURKE AVE, ROSEVILLE, MN, 55113","-93.144587936294,45.005435416081",97640650.0,L,27.0,123.0,41700.0,3000.0
4813,"2229 FLORAL DR, WHITE BEAR LAKE, MN, 55110",Match,Exact,"2229 FLORAL DR, WHITE BEAR LAKE, MN, 55110","-93.006761247676,45.065757391741",97637229.0,L,27.0,123.0,40301.0,2015.0
4934,"1808 KENNARD ST N, MAPLEWOOD, MN, 55109",Match,Non_Exact,"1808 N KENNARD ST, MAPLEWOOD, MN, 55109","-93.030256293357,44.995607619134",97652974.0,R,27.0,123.0,42402.0,1013.0
4814,"2240 GARDENETTE DR S, WHITE BEAR LAKE, MN, 55110",Match,Exact,"2240 GARDENETTE DR S, WHITE BEAR LAKE, MN, 55110","-93.006693638212,45.067763248826",97637239.0,R,27.0,123.0,40301.0,2015.0
4935,"2144 5TH ST E, ST PAUL, MN, 55119",Match,Non_Exact,"2144 E 5TH ST, SAINT PAUL, MN, 55119","-93.010164200915,44.959398984302",97653729.0,R,27.0,123.0,34702.0,4007.0
4705,"1496 HAMLINE AVE N, ST PAUL, MN, 55108",Match,Exact,"1496 HAMLINE AVE N, SAINT PAUL, MN, 55108","-93.156568382863,44.986327601132",97641750.0,R,27.0,123.0,30201.0,2016.0
4826,"2212 GARDENETTE DR N, WHITE BEAR LAKE, MN, 55110",Match,Exact,"2212 GARDENETTE DR N, WHITE BEAR LAKE, MN, 55110","-93.008524908804,45.067643477826",97637241.0,R,27.0,123.0,40301.0,2013.0
4947,"2135 FLORAL DR, WHITE BEAR LAKE, MN, 55110",Match,Exact,"2135 FLORAL DR, WHITE BEAR LAKE, MN, 55110","-93.010666978219,45.065778804017",97637190.0,L,27.0,123.0,40301.0,2007.0
4706,"1555 CHELSEA ST, ST PAUL, MN, 55108",Match,Non_Exact,"1555 N CHELSEA ST, SAINT PAUL, MN, 55108","-93.154094386794,44.988083077248",97641759.0,L,27.0,123.0,30201.0,2000.0
4827,"2175 GARDENETTE DR N, WHITE BEAR LAKE, MN, 55110",Match,Exact,"2175 GARDENETTE DR N, WHITE BEAR LAKE, MN, 55110","-93.009260411631,45.067762613758",97637241.0,L,27.0,123.0,40301.0,2014.0
4948,"2251 FLORAL DR, WHITE BEAR LAKE, MN, 55110",Match,Exact,"2251 FLORAL DR, WHITE BEAR LAKE, MN, 55110","-93.005853791832,45.065752560501",97637229.0,L,27.0,123.0,40301.0,2015.0
4707,"1617 FERNWOOD ST, ST PAUL, MN, 55108",Tie,,,,,,,,,
4828,"4171 MCKNIGHT RD N, WHITE BEAR LAKE, MN, 55110",Match,Exact,"4171 MCKNIGHT RD N, WHITE BEAR LAKE, MN, 55110","-93.005284650937,45.067333817646",97655842.0,R,27.0,123.0,40301.0,2015.0
4949,"2134 FLORAL DR, WHITE BEAR LAKE, MN, 55110",Match,Exact,"2134 FLORAL DR, WHITE BEAR LAKE, MN, 55110","-93.01066859583,45.065664218368",97637190.0,R,27.0,123.0,40301.0,2011.0
4708,"1487 HURON ST, ST PAUL, MN, 55108",Match,Non_Exact,"1487 N HURON ST, SAINT PAUL, MN, 55108","-93.155423229887,44.986181725658",97641763.0,L,27.0,123.0,30201.0,2016.0
4829,"2246 FLORAL DR, WHITE BEAR LAKE, MN, 55110",Match,Exact,"2246 FLORAL DR, WHITE BEAR LAKE, MN, 55110","-93.006020006729,45.06563885081",97637229.0,R,27.0,123.0,40301.0,2016.0
4709,"1518 CHELSEA ST, ST PAUL, MN, 55108",Match,Non_Exact,"1518 N CHELSEA ST, SAINT PAUL, MN, 55108","-93.153947760117,44.987056364488",97641759.0,R,27.0,123.0,30202.0,3000.0
4940,"1328 HILLCREST AVE, ST PAUL, MN, 55116",Match,Non_Exact,"1328 W HILLCREST AVE, SAINT PAUL, MN, 55116","-93.155391915478,44.916930436798",97646954.0,L,27.0,123.0,36600.0,1019.0
4820,"2164 GARDENETTE DR N, WHITE BEAR LAKE, MN, 55110",Match,Exact,"2164 GARDENETTE DR N, WHITE BEAR LAKE, MN, 55110","-93.009455756191,45.067649223863",97637241.0,R,27.0,123.0,40301.0,2013.0
4941,"2254 LILAC LN, WHITE BEAR LAKE, MN, 55110",Match,Exact,"2254 LILAC LN, WHITE BEAR LAKE, MN, 55110","-93.005386935829,45.068235679708",97637240.0,R,27.0,123.0,40301.0,2015.0
4700,"1591 CHELSEA ST, ST PAUL, MN, 55108",Tie,,,,,,,,,
4821,"2236 GARDENETTE DR S, WHITE BEAR LAKE, MN, 55110",Match,Exact,"2236 GARDENETTE DR S, WHITE BEAR LAKE, MN, 55110","-93.006693702831,45.067633023845",97637242.0,R,27.0,123.0,40301.0,2015.0
4942,"2211 GARDENETTE DR S, WHITE BEAR LAKE, MN, 55110",Match,Exact,"2211 GARDENETTE DR S, WHITE BEAR LAKE, MN, 55110","-93.007838979096,45.066750516399",97637242.0,L,27.0,123.0,40301.0,2013.0
4701,"1604 MERRILL ST, ST PAUL, MN, 55108",Tie,,,,,,,,,
4822,"2178 GARDENETTE DR N, WHITE BEAR LAKE, MN, 55110",Match,Exact,"2178 GARDENETTE DR N, WHITE BEAR LAKE, MN, 55110","-93.009184259037,45.067647547936",97637241.0,R,27.0,123.0,40301.0,2013.0
4943,"2255 LILAC LN, WHITE BEAR LAKE, MN, 55110",Match,Exact,"2255 LILAC LN, WHITE BEAR LAKE, MN, 55110","-93.00545505343,45.068350271093",97637240.0,L,27.0,123.0,40301.0,2010.0
4702,"1274 HOYT AVE W, ST PAUL, MN, 55108",Match,Exact,"1274 HOYT AVE W, SAINT PAUL, MN, 55108","-93.153363433277,44.988207712785",97641760.0,L,27.0,123.0,30202.0,3000.0
4823,"2195 GARDENETTE DR S, WHITE BEAR LAKE, MN, 55110",Match,Exact,"2195 GARDENETTE DR S, WHITE BEAR LAKE, MN, 55110","-93.008222171484,45.066753083879",97637242.0,L,27.0,123.0,40301.0,2013.0
4944,"2161 GARDENETTE DR N, WHITE BEAR LAKE, MN, 55110",Match,Exact,"2161 GARDENETTE DR N, WHITE BEAR LAKE, MN, 55110","-93.009531908785,45.067764289685",97637241.0,L,27.0,123.0,40301.0,2014.0
4703,"1556 HURON ST, ST PAUL, MN, 55108",Match,Non_Exact,"1556 N HURON ST, SAINT PAUL, MN, 55108","-93.155239682548,44.987451627068",97641758.0,R,27.0,123.0,30201.0,2000.0
4824,"2205 GARDENETTE DR S, WHITE BEAR LAKE, MN, 55110",Match,Exact,"2205 GARDENETTE DR S, WHITE BEAR LAKE, MN, 55110","-93.007982676242,45.066751479204",97637242.0,L,27.0,123.0,40301.0,2013.0
4945,"2244 GARDENETTE DR S, WHITE BEAR LAKE, MN, 55110",Match,Exact,"2244 GARDENETTE DR S, WHITE BEAR LAKE, MN, 55110","-93.006693395217,45.067795809501",97637239.0,R,27.0,123.0,40301.0,2015.0
4704,"1482 HAMLINE AVE N, ST PAUL, MN, 55108",Match,Exact,"1482 HAMLINE AVE N, SAINT PAUL, MN, 55108","-93.156572596438,44.986086827256",97641750.0,R,27.0,123.0,30201.0,2016.0
4825,"2200 GARDENETTE DR S, WHITE BEAR LAKE, MN, 55110",Match,Exact,"2200 GARDENETTE DR S, WHITE BEAR LAKE, MN, 55110","-93.006974177921,45.066756575898",97637242.0,R,27.0,123.0,40301.0,2015.0
4946,"2214 GARDENETTE DR S, WHITE BEAR LAKE, MN, 55110",Match,Exact,"2214 GARDENETTE DR S, WHITE BEAR LAKE, MN, 55110","-93.006703969238,45.067083538418",97637242.0,R,27.0,123.0,40301.0,2015.0
4960,"1450 FRANKSON AVE, ST PAUL, MN, 55108",Match,Exact,"1450 FRANKSON AVE, SAINT PAUL, MN, 55108","-93.161382564957,44.982464272866",647902758.0,L,27.0,123.0,30201.0,4012.0
4716,"1569 FERNWOOD ST, ST PAUL, MN, 55108",Tie,,,,,,,,,
4837,"2117 FLORAL DR, WHITE BEAR LAKE, MN, 55110",Match,Exact,"2117 FLORAL DR, WHITE BEAR LAKE, MN, 55110","-93.011294413049,45.065783222616",97637190.0,L,27.0,123.0,40301.0,2007.0
4958,"1441 FRANKSON AVE, ST PAUL, MN, 55108",Match,Exact,"1441 FRANKSON AVE, SAINT PAUL, MN, 55108","-93.160433333822,44.982400294389",647902758.0,R,27.0,123.0,30201.0,4003.0
4717,"1630 HAMLINE AVE N, ST PAUL, MN, 55108",Match,Exact,"1630 HAMLINE AVE N, SAINT PAUL, MN, 55108","-93.156499277558,44.990330797206",97641738.0,R,27.0,123.0,30201.0,1004.0
4838,"2156 GARDENETTE DR N, WHITE BEAR LAKE, MN, 55110",Match,Exact,"2156 GARDENETTE DR N, WHITE BEAR LAKE, MN, 55110","-93.009610897422,45.067650181536",97637241.0,R,27.0,123.0,40301.0,2013.0
4959,"1423 FRANKSON AVE, ST PAUL, MN, 55108",Match,Exact,"1423 FRANKSON AVE, SAINT PAUL, MN, 55108","-93.160027479055,44.982442810471",647902758.0,R,27.0,123.0,30201.0,4003.0
4718,"1109 IDAHO AVE W, ST PAUL, MN, 55108",Match,Exact,"1109 IDAHO AVE W, SAINT PAUL, MN, 55108","-93.149003424788,44.990200707294",97641791.0,R,27.0,123.0,30201.0,1001.0
4839,"2235 FLORAL DR, WHITE BEAR LAKE, MN, 55110",Match,Exact,"2235 FLORAL DR, WHITE BEAR LAKE, MN, 55110","-93.006513759718,45.06575607413",97637229.0,L,27.0,123.0,40301.0,2015.0
4719,"1484 HURON ST, ST PAUL, MN, 55108",Match,Non_Exact,"1484 N HURON ST, SAINT PAUL, MN, 55108","-93.155262175582,44.98611655704",97641763.0,R,27.0,123.0,30201.0,2017.0
4950,"2146 FLORAL DR, WHITE BEAR LAKE, MN, 55110",Match,Exact,"2146 FLORAL DR, WHITE BEAR LAKE, MN, 55110","-93.010144806022,45.065660810989",97637229.0,R,27.0,123.0,40301.0,2016.0
4830,"2248 SOUTH SHORE BLVD, WHITE BEAR LAKE, MN, 55110",Match,Exact,"2248 S SHORE BLVD, WHITE BEAR LAKE, MN, 55110","-93.005566184828,45.069396151649",97662159.0,R,27.0,123.0,40301.0,2010.0
4951,"1412 MCKINLEY ST, ST PAUL, MN, 55108",Match,Non_Exact,"1412 W MCKINLEY ST, SAINT PAUL, MN, 55108","-93.160465643324,44.984068507963",97641118.0,R,27.0,123.0,30201.0,4002.0
4710,"1311 ARLINGTON AVE W, ST PAUL, MN, 55108",Match,Exact,"1311 ARLINGTON AVE W, SAINT PAUL, MN, 55108","-93.155447066543,44.984685736205",97641769.0,R,27.0,123.0,30201.0,2016.0
4831,"2110 FLORAL DR, WHITE BEAR LAKE, MN, 55110",Match,Exact,"2110 FLORAL DR, WHITE BEAR LAKE, MN, 55110","-93.011505175603,45.065670109834",97637190.0,R,27.0,123.0,40301.0,2011.0
4952,"1415 MCKINLEY ST, ST PAUL, MN, 55108",Match,Non_Exact,"1415 W MCKINLEY ST, SAINT PAUL, MN, 55108","-93.160629488085,44.98412590725",97641118.0,L,27.0,123.0,30201.0,4003.0
4711,"1256 HOYT AVE W, ST PAUL, MN, 55108",Match,Exact,"1256 HOYT AVE W, SAINT PAUL, MN, 55108","-93.152939867934,44.988213616106",97641760.0,L,27.0,123.0,30202.0,3000.0
4832,"2207 GARDENETTE DR N, WHITE BEAR LAKE, MN, 55110",Match,Exact,"2207 GARDENETTE DR N, WHITE BEAR LAKE, MN, 55110","-93.008639846706,45.067758783067",97637241.0,L,27.0,123.0,40301.0,2014.0
4953,"621 MONTCALM PL, ST PAUL, MN, 55116",Match,Exact,"621 MONTCALM PL, SAINT PAUL, MN, 55116","-93.148264534156,44.922592359938",97662337.0,R,27.0,123.0,36600.0,5003.0
4712,"1565 CHELSEA ST, ST PAUL, MN, 55108",Tie,,,,,,,,,
4833,"2066 FLORAL DR, WHITE BEAR LAKE, MN, 55110",Match,Exact,"2066 FLORAL DR, WHITE BEAR LAKE, MN, 55110","-93.013038905187,45.065680910854",97637190.0,R,27.0,123.0,40301.0,2011.0
4954,"1402 MCKINLEY ST, ST PAUL, MN, 55108",Match,Non_Exact,"1402 W MCKINLEY ST, SAINT PAUL, MN, 55108","-93.1604607059,44.983904332447",97641118.0,R,27.0,123.0,30201.0,4002.0
4713,"1647 HURON ST, ST PAUL, MN, 55108",Tie,,,,,,,,,
4834,"2230 FLORAL DR, WHITE BEAR LAKE, MN, 55110",Match,Exact,"2230 FLORAL DR, WHITE BEAR LAKE, MN, 55110","-93.006679974616,45.065642364439",97637229.0,R,27.0,123.0,40301.0,2016.0
4955,"1395 MCKINLEY ST, ST PAUL, MN, 55108",Match,Non_Exact,"1395 W MCKINLEY ST, SAINT PAUL, MN, 55108","-93.160609498708,44.983787308366",97641118.0,L,27.0,123.0,30201.0,4003.0
4714,"1585 CHELSEA ST, ST PAUL, MN, 55108",Tie,,,,,,,,,
4835,"2096 FLORAL DR, WHITE BEAR LAKE, MN, 55110",Match,Exact,"2096 FLORAL DR, WHITE BEAR LAKE, MN, 55110","-93.011993180471,45.065673546522",97637190.0,R,27.0,123.0,40301.0,2011.0
4956,"1407 MCKINLEY ST, ST PAUL, MN, 55108",Match,Non_Exact,"1407 W MCKINLEY ST, SAINT PAUL, MN, 55108","-93.160625353972,44.983992800191",97641118.0,L,27.0,123.0,30201.0,4003.0
4715,"1103 IDAHO AVE W, ST PAUL, MN, 55108",Match,Exact,"1103 IDAHO AVE W, SAINT PAUL, MN, 55108","-93.148922738671,44.990201808806",97641791.0,R,27.0,123.0,30201.0,1001.0
4836,"2172 GARDENETTE DR N, WHITE BEAR LAKE, MN, 55110",Match,Exact,"2172 GARDENETTE DR N, WHITE BEAR LAKE, MN, 55110","-93.00930061496,45.06764826619",97637241.0,R,27.0,123.0,40301.0,2013.0
4957,"1373 SIMPSON ST, ST PAUL, MN, 55108",Match,Exact,"1373 SIMPSON ST, SAINT PAUL, MN, 55108","-93.163191607587,44.982673295203",619253152.0,L,27.0,123.0,30201.0,4015.0
5400,"338 SOUTH MCCARRONS BLVD, ROSEVILLE, MN, 55113",Match,Non_Exact,"338 MCCARRONS BLVD S, ROSEVILLE, MN, 55113","-93.114578719554,44.996704310885",97643562.0,L,27.0,123.0,41602.0,3000.0
5410,"7990 SUNNYSIDE RD, MOUNDS VIEW, MN, 55112",Match,Exact,"7990 SUNNYSIDE RD, MOUNDS VIEW, MN, 55112","-93.215281200173,45.113219807022",97633382.0,L,27.0,123.0,41001.0,1007.0
5411,"7835 GREENWOOD DR, MOUNDS VIEW, MN, 55112",Match,Exact,"7835 GREENWOOD DR, MOUNDS VIEW, MN, 55112","-93.210988334702,45.110451106661",97633398.0,R,27.0,123.0,41001.0,1013.0
5409,"8081 RED OAK DR, MOUNDS VIEW, MN, 55112",Match,Exact,"8081 RED OAK DR, MOUNDS VIEW, MN, 55112","-93.217187953976,45.114895791159",97633360.0,R,27.0,123.0,41001.0,1007.0
5401,"362 SOUTH MCCARRONS BLVD, ROSEVILLE, MN, 55113",Match,Non_Exact,"362 MCCARRONS BLVD S, ROSEVILLE, MN, 55113","-93.115356389896,44.997006531923",97643562.0,L,27.0,123.0,41602.0,3000.0
5402,"7927 EASTWOOD RD, MOUNDS VIEW, MN, 55112",Match,Exact,"7927 EASTWOOD RD, MOUNDS VIEW, MN, 55112","-93.213058498483,45.112121360501",97633385.0,R,27.0,123.0,41001.0,1011.0
5403,"7980 SUNNYSIDE RD, MOUNDS VIEW, MN, 55112",Match,Exact,"7980 SUNNYSIDE RD, MOUNDS VIEW, MN, 55112","-93.215278489174,45.113042234995",97633382.0,L,27.0,123.0,41001.0,1007.0
5404,"8075 SUNNYSIDE RD, MOUNDS VIEW, MN, 55112",Match,Exact,"8075 SUNNYSIDE RD, MOUNDS VIEW, MN, 55112","-93.21514160882,45.11471264663",97633382.0,R,27.0,123.0,41001.0,1006.0
5405,"8050 SUNNYSIDE RD, MOUNDS VIEW, MN, 55112",Match,Exact,"8050 SUNNYSIDE RD, MOUNDS VIEW, MN, 55112","-93.215297466162,45.114285239185",97633382.0,L,27.0,123.0,41001.0,1007.0
5406,"8071 RED OAK DR, MOUNDS VIEW, MN, 55112",Match,Exact,"8071 RED OAK DR, MOUNDS VIEW, MN, 55112","-93.217186149796,45.114777616243",97633360.0,R,27.0,123.0,41001.0,1007.0
5407,"8006 SUNNYSIDE RD, MOUNDS VIEW, MN, 55112",Match,Exact,"8006 SUNNYSIDE RD, MOUNDS VIEW, MN, 55112","-93.21528553777,45.113503922266",97633382.0,L,27.0,123.0,41001.0,1007.0
5408,"8070 RED OAK DR, MOUNDS VIEW, MN, 55112",Match,Exact,"8070 RED OAK DR, MOUNDS VIEW, MN, 55112","-93.217348513431,45.114776381663",97633360.0,L,27.0,123.0,41001.0,2011.0
5420,"7600 KNOLLWOOD DR, MOUNDS VIEW, MN, 55112",Match,Exact,"7600 KNOLLWOOD DR, MOUNDS VIEW, MN, 55112","-93.223146907499,45.105984125815",97633327.0,L,27.0,123.0,41002.0,1002.0
5300,"1122 TRANSIT AVE, ROSEVILLE, MN, 55113",Match,Exact,"1122 TRANSIT AVE, ROSEVILLE, MN, 55113","-93.147398500009,45.015329420551",97640602.0,L,27.0,123.0,41400.0,2008.0
5421,"2832 BRONSON DR, MOUNDS VIEW, MN, 55112",Match,Exact,"2832 BRONSON DR, MOUNDS VIEW, MN, 55112","-93.221475963131,45.104130433268",97633635.0,L,27.0,123.0,41002.0,1006.0
5301,"1161 SEXTANT AVE W, ROSEVILLE, MN, 55113",Match,Exact,"1161 SEXTANT AVE W, ROSEVILLE, MN, 55113","-93.14911454248,45.014551447168",97640604.0,R,27.0,123.0,41400.0,2008.0
5422,"7665 KNOLLWOOD DR, MOUNDS VIEW, MN, 55112",Match,Exact,"7665 KNOLLWOOD DR, MOUNDS VIEW, MN, 55112","-93.223000056075,45.107117648797",97633327.0,R,27.0,123.0,41002.0,1001.0
5412,"7950 GREENWOOD DR, MOUNDS VIEW, MN, 55112",Match,Exact,"7950 GREENWOOD DR, MOUNDS VIEW, MN, 55112","-93.211184343895,45.112589630584",97633388.0,L,27.0,123.0,41001.0,1011.0
5413,"3049 COUNTY ROAD H2, MOUNDS VIEW, MN, 55112",Match,Exact,"3049 CO RD H2, MOUNDS VIEW, MN, 55112","-93.226656716145,45.10049766299",617573939.0,R,27.0,123.0,41002.0,1004.0
5414,"7325 PLEASANT VIEW DR, MOUNDS VIEW, MN, 55112",Tie,,,,,,,,,
5415,"7425 PLEASANT VIEW DR, MOUNDS VIEW, MN, 55112",Tie,,,,,,,,,
5416,"7669 KNOLLWOOD DR, MOUNDS VIEW, MN, 55112",Match,Exact,"7669 KNOLLWOOD DR, MOUNDS VIEW, MN, 55112","-93.223001024394,45.107188424826",97633327.0,R,27.0,123.0,41002.0,1001.0
5417,"7327 KNOLLWOOD DR, MOUNDS VIEW, MN, 55112",Match,Exact,"7327 KNOLLWOOD DR, MOUNDS VIEW, MN, 55112","-93.222174660626,45.10106058423",97633636.0,R,27.0,123.0,41002.0,1006.0
5418,"7584 GROVELAND RD, MOUNDS VIEW, MN, 55112",Match,Exact,"7584 GROVELAND RD, MOUNDS VIEW, MN, 55112","-93.221128953415,45.10574461054",97633370.0,L,27.0,123.0,41002.0,1001.0
5419,"7317 KNOLLWOOD DR, MOUNDS VIEW, MN, 55112",Match,Exact,"7317 KNOLLWOOD DR, MOUNDS VIEW, MN, 55112","-93.222170698655,45.100882734621",97633636.0,R,27.0,123.0,41002.0,1006.0
5430,"607 HAMLINE AVE S, ST PAUL, MN, 55116",Match,Non_Exact,"607 S HAMLINE AVE, SAINT PAUL, MN, 55116","-93.156916636845,44.923131629062",97646926.0,R,27.0,123.0,36500.0,1013.0
5310,"1660 ELEANOR AVE, ST PAUL, MN, 55116",Match,Non_Exact,"1660 W ELEANOR AVE, SAINT PAUL, MN, 55116","-93.171112807618,44.920592607209",97646025.0,L,27.0,123.0,36400.0,2015.0
5431,"1361 BAYARD AVE, ST PAUL, MN, 55116",Match,Non_Exact,"1361 W BAYARD AVE, SAINT PAUL, MN, 55116","-93.15773682413,44.922499494272",97646235.0,R,27.0,123.0,36500.0,1013.0
5311,"2031 KENWOOD DR W, MAPLEWOOD, MN, 55117",Match,Non_Exact,"2031 W KENWOOD DR, MAPLEWOOD, MN, 55117","-93.06998683088,45.0014855625",97649968.0,L,27.0,123.0,42202.0,1012.0
5432,"1367 BAYARD AVE, ST PAUL, MN, 55116",Match,Non_Exact,"1367 W BAYARD AVE, SAINT PAUL, MN, 55116","-93.157984030701,44.92250036627",97646235.0,R,27.0,123.0,36500.0,1013.0
5312,"1958 KENWOOD DR W, MAPLEWOOD, MN, 55117",Match,Non_Exact,"1958 W KENWOOD DR, MAPLEWOOD, MN, 55117","-93.069824774441,44.999682701552",97649972.0,R,27.0,123.0,42202.0,1017.0
5433,"7715 EASTWOOD RD, MOUNDS VIEW, MN, 55112",Match,Exact,"7715 EASTWOOD RD, MOUNDS VIEW, MN, 55112","-93.212998656487,45.108270567717",97633392.0,R,27.0,123.0,41001.0,1010.0
5302,"464 MOUNT CURVE BLVD, ST PAUL, MN, 55105",Match,Exact,"464 MOUNT CURVE BLVD, SAINT PAUL, MN, 55105","-93.193529026591,44.927710486358",97639410.0,L,27.0,123.0,43001.0,5008.0
5423,"7584 SPRING LAKE RD, MOUNDS VIEW, MN, 55112",Match,Exact,"7584 SPRING LAKE RD, MOUNDS VIEW, MN, 55112","-93.225162833804,45.105454408559",97633321.0,L,27.0,123.0,41002.0,1003.0
5303,"459 CRETIN AVE S, ST PAUL, MN, 55105",Match,Non_Exact,"459 S CRETIN AVE, SAINT PAUL, MN, 55105","-93.19256670322,44.927678167896",97639529.0,R,27.0,123.0,43001.0,5008.0
5424,"7390 SILVER LAKE RD, MOUNDS VIEW, MN, 55112",No_Match,,,,,,,,,
5304,"460 WOODLAWN AVE, ST PAUL, MN, 55105",Match,Exact,"460 WOODLAWN AVE, SAINT PAUL, MN, 55105","-93.19507163431,44.928102543414",97639391.0,L,27.0,123.0,43001.0,5009.0
5425,"7635 GROVELAND RD, MOUNDS VIEW, MN, 55112",Match,Exact,"7635 GROVELAND RD, MOUNDS VIEW, MN, 55112","-93.220979644145,45.106623443079",97633370.0,R,27.0,123.0,41002.0,1000.0
5305,"465 CRETIN AVE S, ST PAUL, MN, 55105",Match,Non_Exact,"465 S CRETIN AVE, SAINT PAUL, MN, 55105","-93.192566703243,44.927506008935",97639529.0,R,27.0,123.0,43001.0,5008.0
5426,"7619 KNOLLWOOD DR, MOUNDS VIEW, MN, 55112",Match,Exact,"7619 KNOLLWOOD DR, MOUNDS VIEW, MN, 55112","-93.222988920409,45.106303724463",97633327.0,R,27.0,123.0,41002.0,1001.0
5306,"454 WOODLAWN AVE, ST PAUL, MN, 55105",Match,Exact,"454 WOODLAWN AVE, SAINT PAUL, MN, 55105","-93.195117392709,44.928257813584",97639391.0,L,27.0,123.0,43001.0,5009.0
5427,"7604 SPRING LAKE RD, MOUNDS VIEW, MN, 55112",Match,Exact,"7604 SPRING LAKE RD, MOUNDS VIEW, MN, 55112","-93.225171591167,45.105758290566",97633321.0,L,27.0,123.0,41002.0,1003.0
5307,"473 WOODLAWN AVE, ST PAUL, MN, 55105",Match,Exact,"473 WOODLAWN AVE, SAINT PAUL, MN, 55105","-93.195161590754,44.927761054851",97639391.0,R,27.0,123.0,43001.0,5014.0
5428,"7315 KNOLLWOOD DR, MOUNDS VIEW, MN, 55112",Match,Exact,"7315 KNOLLWOOD DR, MOUNDS VIEW, MN, 55112","-93.22216990626,45.100847164699",97633636.0,R,27.0,123.0,41002.0,1006.0
5308,"459 WOODLAWN AVE, ST PAUL, MN, 55105",Match,Exact,"459 WOODLAWN AVE, SAINT PAUL, MN, 55105","-93.195240914951,44.928115894102",97639391.0,R,27.0,123.0,43001.0,5014.0
5429,"7625 KNOLLWOOD DR, MOUNDS VIEW, MN, 55112",Match,Exact,"7625 KNOLLWOOD DR, MOUNDS VIEW, MN, 55112","-93.222990372888,45.106409888506",97633327.0,R,27.0,123.0,41002.0,1001.0
5309,"1641 ELEANOR AVE, ST PAUL, MN, 55116",Match,Non_Exact,"1641 W ELEANOR AVE, SAINT PAUL, MN, 55116","-93.170626253156,44.92070375358",97646025.0,R,27.0,123.0,36400.0,2014.0
5440,"7522 SILVER LAKE RD, MOUNDS VIEW, MN, 55112",Match,Exact,"7522 SILVER LAKE RD, MOUNDS VIEW, MN, 55112","-93.219225999624,45.104060751929",97633378.0,L,27.0,123.0,41002.0,1000.0
5320,"464 GLENWOOD AVE, ROSEVILLE, MN, 55113",Match,Non_Exact,"464 W GLENWOOD AVE, ROSEVILLE, MN, 55113","-93.118988910928,44.99619686436",97643557.0,L,27.0,123.0,41602.0,3000.0
5441,"7581 SPRING LAKE RD, MOUNDS VIEW, MN, 55112",Match,Exact,"7581 SPRING LAKE RD, MOUNDS VIEW, MN, 55112","-93.224998763915,45.105395962527",97633321.0,R,27.0,123.0,41002.0,1002.0
5200,"1629 SCHEFFER AVE, ST PAUL, MN, 55116",Match,Non_Exact,"1629 W SCHEFFER AVE, SAINT PAUL, MN, 55116","-93.169116786943,44.921610915863",97646181.0,R,27.0,123.0,36400.0,2012.0
5321,"468 HILLTOP AVE, ROSEVILLE, MN, 55113",Match,Non_Exact,"468 W HILLTOP AVE, ROSEVILLE, MN, 55113","-93.119981955129,44.997096532354",97643552.0,L,27.0,123.0,41602.0,3001.0
5442,"2000 SNELLING AVE N, ROSEVILLE, MN, 55113",Match,Exact,"2000 SNELLING AVE N, ROSEVILLE, MN, 55113","-93.166286188205,45.002091897256",649858891.0,R,27.0,123.0,41800.0,2006.0
5201,"1647 WATSON AVE, ST PAUL, MN, 55116",Match,Non_Exact,"1647 W WATSON AVE, SAINT PAUL, MN, 55116","-93.169902608236,44.924342461427",97645997.0,R,27.0,123.0,36400.0,2006.0
5322,"1849 WESTERN AVE N, ROSEVILLE, MN, 55113",Match,Non_Exact,"1849 N WESTERN AVE, ROSEVILLE, MN, 55113","-93.116082561233,44.996295107572",647898722.0,L,27.0,123.0,41602.0,3000.0
5443,"1970 SNELLING AVE N, ROSEVILLE, MN, 55113",Match,Non_Exact,"1970 N SNELLING DR, ROSEVILLE, MN, 55113","-93.166189112696,45.000123010218",97640897.0,R,27.0,123.0,41800.0,2013.0
5202,"920 WILDER ST S, ST PAUL, MN, 55116",Match,Non_Exact,"920 S WILDER ST, SAINT PAUL, MN, 55116","-93.184280464142,44.913792398243",97639679.0,L,27.0,123.0,37500.0,3007.0
5323,"401 WOODRUFF AVE, ROSEVILLE, MN, 55113",Match,Exact,"401 WOODRUFF AVE, ROSEVILLE, MN, 55113","-93.118766636621,44.997111730788",97643553.0,R,27.0,123.0,41602.0,3003.0
5444,"2228 BURR ST N, MAPLEWOOD, MN, 55117",Match,Non_Exact,"2228 BURR ST, MAPLEWOOD, MN, 55117","-93.079928143262,45.007915082152",97649445.0,R,27.0,123.0,42202.0,5004.0
5313,"1990 KENWOOD DR E, MAPLEWOOD, MN, 55117",Match,Non_Exact,"1990 E KENWOOD DR, MAPLEWOOD, MN, 55117","-93.068606917088,45.001445344778",647914966.0,R,27.0,123.0,42202.0,1016.0
5434,"0 PLEASANT VIEW DR, MOUNDS VIEW, MN, 55112",No_Match,,,,,,,,,
5314,"1999 KENWOOD DR W, MAPLEWOOD, MN, 55117",Match,Non_Exact,"1999 W KENWOOD DR, MAPLEWOOD, MN, 55117","-93.069986830961,45.000896871765",97649968.0,L,27.0,123.0,42202.0,1012.0
5435,"668 HIGHWAY 96 W, SHOREVIEW, MN, 55126",Match,Non_Exact,"668 CO RD 96, SHOREVIEW, MN, 55126","-93.129851287901,45.079309700472",97635702.0,L,27.0,123.0,40708.0,2004.0
5315,"1558 HIGHWAY 96 E, WHITE BEAR TOWN, MN, 55110",Match,Non_Exact,"1558 HWY 96 E, WHITE BEAR TOWNSHIP, MN, 55110","-93.033852571307,45.079133405961",97636557.0,R,27.0,123.0,40503.0,1004.0
5436,"660 HIGHWAY 96 W, SHOREVIEW, MN, 55126",Match,Non_Exact,"660 CO RD 96, SHOREVIEW, MN, 55126","-93.129506678715,45.079305677772",97635702.0,L,27.0,123.0,40708.0,2004.0
5316,"1131 BROOKS AVE W, ROSEVILLE, MN, 55113",Match,Non_Exact,"1131 W BROOKS AVE, ROSEVILLE, MN, 55113","-93.148101654244,45.01632531801",97640599.0,R,27.0,123.0,41400.0,2004.0
5437,"1952 SNELLING AVE N, ROSEVILLE, MN, 55113",Match,Non_Exact,"1952 N SNELLING DR, ROSEVILLE, MN, 55113","-93.166206691536,44.999730203801",97640897.0,R,27.0,123.0,41800.0,2013.0
5317,"1473 HAMLINE AVE N, ST PAUL, MN, 55108",Match,Exact,"1473 HAMLINE AVE N, SAINT PAUL, MN, 55108","-93.156743003624,44.985607883861",97641750.0,L,27.0,123.0,30201.0,2015.0
5438,"2817 BRONSON DR, MOUNDS VIEW, MN, 55112",Match,Exact,"2817 BRONSON DR, MOUNDS VIEW, MN, 55112","-93.220269119029,45.103583378774",97633638.0,R,27.0,123.0,41002.0,1000.0
5318,"4492 OTTER LAKE RD, WHITE BEAR TOWN, MN, 55110",Match,Non_Exact,"4492 OTTER LAKE RD, WHITE BEAR TOWNSHIP, MN, 55110","-93.035574075489,45.07700303236",97636549.0,R,27.0,123.0,40503.0,1003.0
5439,"7627 SPRING LAKE RD, MOUNDS VIEW, MN, 55112",Match,Exact,"7627 SPRING LAKE RD, MOUNDS VIEW, MN, 55112","-93.22501890585,45.106094891143",97633321.0,R,27.0,123.0,41002.0,1002.0
5319,"8202 GROVELAND RD, MOUNDS VIEW, MN, 55112",Match,Exact,"8202 GROVELAND RD, MOUNDS VIEW, MN, 55112","-93.22133174655,45.116786947365",97633346.0,L,27.0,123.0,41001.0,2009.0
5450,"2242 HENDRY PL N, MAPLEWOOD, MN, 55117",Match,Non_Exact,"2242 HENDRY PL, MAPLEWOOD, MN, 55117","-93.078553499701,45.00843137232",97649451.0,R,27.0,123.0,42202.0,5007.0
5330,"409 WOODRUFF AVE, ROSEVILLE, MN, 55113",Match,Exact,"409 WOODRUFF AVE, ROSEVILLE, MN, 55113","-93.118898375154,44.997237134648",619585834.0,R,27.0,123.0,41602.0,3003.0
5451,"2214 BURR ST N, MAPLEWOOD, MN, 55117",Match,Non_Exact,"2214 BURR ST, MAPLEWOOD, MN, 55117","-93.079925731574,45.007667880569",97649445.0,R,27.0,123.0,42202.0,5004.0
5210,"1667 WATSON AVE, ST PAUL, MN, 55116",Match,Non_Exact,"1667 W WATSON AVE, SAINT PAUL, MN, 55116","-93.170721973181,44.924345367034",97645997.0,R,27.0,123.0,36400.0,2006.0
5331,"2969 FAIRVIEW AVE N, ROSEVILLE, MN, 55113",Match,Exact,"2969 FAIRVIEW AVE N, ROSEVILLE, MN, 55113","-93.177452743841,45.030594277644",97639812.0,L,27.0,123.0,41302.0,4004.0
5452,"2187 BURR ST N, MAPLEWOOD, MN, 55117",Match,Non_Exact,"2187 BURR ST, MAPLEWOOD, MN, 55117","-93.080084343852,45.007305348596",97649450.0,L,27.0,123.0,42202.0,5008.0
5211,"1611 SCHEFFER AVE, ST PAUL, MN, 55116",Match,Non_Exact,"1611 W SCHEFFER AVE, SAINT PAUL, MN, 55116","-93.168436854182,44.921605897861",97646181.0,R,27.0,123.0,36400.0,2012.0
5332,"2926 MILDRED DR, ROSEVILLE, MN, 55113",Match,Exact,"2926 MILDRED DR, ROSEVILLE, MN, 55113","-93.17914220029,45.030061571817",635777383.0,R,27.0,123.0,41302.0,4004.0
5453,"2195 BURR ST N, MAPLEWOOD, MN, 55117",Match,Non_Exact,"2195 BURR ST, MAPLEWOOD, MN, 55117","-93.080086314371,45.007514274657",97649445.0,L,27.0,123.0,42202.0,5008.0
5212,"857 KENNETH ST, ST PAUL, MN, 55116",Match,Non_Exact,"857 S KENNETH ST, SAINT PAUL, MN, 55116","-93.184182868151,44.915446941432",97645951.0,R,27.0,123.0,37500.0,3006.0
5333,"2994 MILDRED DR, ROSEVILLE, MN, 55113",Match,Exact,"2994 MILDRED DR, ROSEVILLE, MN, 55113","-93.179159392816,45.031299446158",635777383.0,R,27.0,123.0,41302.0,4004.0
5454,"2202 HENDRY PL N, MAPLEWOOD, MN, 55117",Match,Non_Exact,"2202 HENDRY PL, MAPLEWOOD, MN, 55117","-93.07856585646,45.007934798431",97649451.0,R,27.0,123.0,42202.0,5007.0
5213,"1667 BAYARD AVE, ST PAUL, MN, 55116",Match,Non_Exact,"1667 W BAYARD AVE, SAINT PAUL, MN, 55116","-93.170722378547,44.922523303847",97646001.0,R,27.0,123.0,36400.0,2010.0
5334,"2949 MILDRED DR, ROSEVILLE, MN, 55113",Match,Exact,"2949 MILDRED DR, ROSEVILLE, MN, 55113","-93.179309894912,45.030460935825",635777383.0,L,27.0,123.0,41302.0,4000.0
5455,"764 LAKEVIEW AVE, ST PAUL, MN, 55117",Match,Non_Exact,"764 W LAKEVIEW AVE, SAINT PAUL, MN, 55117","-93.132857881141,44.981848834596",97641994.0,L,27.0,123.0,30300.0,2008.0
5203,"1646 NILES AVE, ST PAUL, MN, 55116",Match,Non_Exact,"1646 W NILES AVE, SAINT PAUL, MN, 55116","-93.169747844243,44.92512731965",97645992.0,L,27.0,123.0,36400.0,2006.0
5324,"512 GLENWOOD AVE, ROSEVILLE, MN, 55113",Match,Non_Exact,"512 W GLENWOOD AVE, ROSEVILLE, MN, 55113","-93.120024590047,44.996191580354",97643557.0,L,27.0,123.0,41602.0,3000.0
5445,"2243 HENDRY PL N, MAPLEWOOD, MN, 55117",Match,Non_Exact,"2243 HENDRY PL, MAPLEWOOD, MN, 55117","-93.078715562687,45.008429739091",97649451.0,L,27.0,123.0,42202.0,5004.0
5204,"1616 NILES AVE, ST PAUL, MN, 55116",Match,Non_Exact,"1616 W NILES AVE, SAINT PAUL, MN, 55116","-93.169114805245,44.925125083453",97646156.0,L,27.0,123.0,36400.0,2005.0
5325,"3071 VICTORIA ST N, ROSEVILLE, MN, 55113",Match,Exact,"3071 VICTORIA ST N, ROSEVILLE, MN, 55113","-93.136815311945,45.033782970576",97640446.0,L,27.0,123.0,41500.0,2007.0
5446,"2244 BURR ST N, MAPLEWOOD, MN, 55117",Match,Non_Exact,"2244 BURR ST, MAPLEWOOD, MN, 55117","-93.079930899477,45.008197598246",97649445.0,R,27.0,123.0,42202.0,5004.0
5205,"1605 SCHEFFER AVE, ST PAUL, MN, 55116",Match,Non_Exact,"1605 W SCHEFFER AVE, SAINT PAUL, MN, 55116","-93.168108700325,44.9216053038",97646184.0,R,27.0,123.0,36400.0,2012.0
5326,"466 HILLTOP AVE, ROSEVILLE, MN, 55113",Match,Non_Exact,"466 W HILLTOP AVE, ROSEVILLE, MN, 55113","-93.119952955615,44.997096618404",97643552.0,L,27.0,123.0,41602.0,3001.0
5447,"2209 BURR ST N, MAPLEWOOD, MN, 55117",Match,Non_Exact,"2209 BURR ST, MAPLEWOOD, MN, 55117","-93.080088462966,45.007734508794",97649445.0,L,27.0,123.0,42202.0,5008.0
5206,"1611 NILES AVE, ST PAUL, MN, 55116",Match,Non_Exact,"1611 W NILES AVE, SAINT PAUL, MN, 55116","-93.169010100862,44.925239306929",97646156.0,R,27.0,123.0,36400.0,2004.0
5327,"475 GLENWOOD AVE, ROSEVILLE, MN, 55113",Match,Non_Exact,"475 W GLENWOOD AVE, ROSEVILLE, MN, 55113","-93.119205846512,44.996310351906",97643557.0,R,27.0,123.0,41602.0,3001.0
5448,"2203 BURR ST N, MAPLEWOOD, MN, 55117",Match,Non_Exact,"2203 BURR ST, MAPLEWOOD, MN, 55117","-93.080087542139,45.007640122735",97649445.0,L,27.0,123.0,42202.0,5008.0
5207,"1618 JUNO AVE, ST PAUL, MN, 55116",Match,Non_Exact,"1618 W JUNO AVE, SAINT PAUL, MN, 55116","-93.169145589806,44.926034205125",97646154.0,L,27.0,123.0,36400.0,2004.0
5328,"486 HILLTOP AVE, ROSEVILLE, MN, 55113",Match,Non_Exact,"486 W HILLTOP AVE, ROSEVILLE, MN, 55113","-93.120242950759,44.997095757904",97643552.0,L,27.0,123.0,41602.0,3001.0
5449,"2238 BURR ST N, MAPLEWOOD, MN, 55117",Match,Non_Exact,"2238 BURR ST, MAPLEWOOD, MN, 55117","-93.079929865897,45.008091654711",97649445.0,R,27.0,123.0,42202.0,5004.0
5208,"1629 WATSON AVE, ST PAUL, MN, 55116",Match,Non_Exact,"1629 W WATSON AVE, SAINT PAUL, MN, 55116","-93.169321395797,44.924339508187",97646158.0,R,27.0,123.0,36400.0,2005.0
5329,"484 GLENWOOD AVE, ROSEVILLE, MN, 55113",Match,Non_Exact,"484 W GLENWOOD AVE, ROSEVILLE, MN, 55113","-93.119420443894,44.996194662691",97643557.0,L,27.0,123.0,41602.0,3000.0
5209,"1635 BAYARD AVE, ST PAUL, MN, 55116",Match,Non_Exact,"1635 W BAYARD AVE, SAINT PAUL, MN, 55116","-93.169425697193,44.922522773302",97646160.0,R,27.0,123.0,36400.0,2009.0
5460,"755 IVY AVE W, ST PAUL, MN, 55117",Match,Exact,"755 IVY AVE W, SAINT PAUL, MN, 55117","-93.132360783838,44.98105711735",97643457.0,R,27.0,123.0,30300.0,2008.0
5340,"3710 RUSTIC PL, SHOREVIEW, MN, 55126",Match,Exact,"3710 RUSTIC PL, SHOREVIEW, MN, 55126","-93.107627450828,45.053642830595",97642986.0,R,27.0,123.0,40704.0,5005.0
5461,"771 COTTAGE AVE W, ST PAUL, MN, 55117",Match,Exact,"771 COTTAGE AVE W, SAINT PAUL, MN, 55117","-93.130886574448,44.982793272384",97643453.0,R,27.0,123.0,30300.0,2005.0
5220,"1386 SEARLE ST, ST PAUL, MN, 55130",Match,Exact,"1386 SEARLE ST, SAINT PAUL, MN, 55130","-93.074693722103,44.981806972882",97650117.0,R,27.0,123.0,30602.0,3003.0
5341,"205 ST MARIE ST, SHOREVIEW, MN, 55126",Match,Exact,"205 ST MARIE ST, SHOREVIEW, MN, 55126","-93.108748838665,45.050377280887",97642626.0,R,27.0,123.0,40704.0,5003.0
5462,"743 LAKEVIEW AVE, ST PAUL, MN, 55117",Match,Non_Exact,"743 W LAKEVIEW AVE, SAINT PAUL, MN, 55117","-93.132358728063,44.981962079543",97641994.0,R,27.0,123.0,30300.0,2009.0
5100,"806 NEBRASKA AVE E, ST PAUL, MN, 55106",Match,Exact,"806 NEBRASKA AVE E, SAINT PAUL, MN, 55106","-93.067401241882,44.986473540984",97650261.0,R,27.0,123.0,30602.0,5023.0
5221,"1373 SEARLE ST, ST PAUL, MN, 55130",Match,Exact,"1373 SEARLE ST, SAINT PAUL, MN, 55130","-93.074858937667,44.981988083532",97650117.0,L,27.0,123.0,30602.0,3010.0
5342,"503 GLENWOOD AVE, ROSEVILLE, MN, 55113",Match,Non_Exact,"503 W GLENWOOD AVE, ROSEVILLE, MN, 55113","-93.119809992664,44.996307269569",97643557.0,R,27.0,123.0,41602.0,3001.0
5463,"781 PARKVIEW AVE, ST PAUL, MN, 55117",Match,Non_Exact,"781 W PARKVIEW AVE, SAINT PAUL, MN, 55117","-93.132923146586,44.983758007885",97641984.0,R,27.0,123.0,30300.0,2002.0
5101,"799 NEVADA AVE E, ST PAUL, MN, 55106",Match,Exact,"799 NEVADA AVE E, SAINT PAUL, MN, 55106","-93.067324940519,44.985687087363",97650263.0,L,27.0,123.0,30602.0,5023.0
5222,"1397 SEARLE ST, ST PAUL, MN, 55130",Match,Exact,"1397 SEARLE ST, SAINT PAUL, MN, 55130","-93.074864146785,44.982282921981",97650117.0,L,27.0,123.0,30602.0,3010.0
5343,"458 WOODRUFF AVE, ROSEVILLE, MN, 55113",Match,Exact,"458 WOODRUFF AVE, ROSEVILLE, MN, 55113","-93.119296445547,44.99742478797",619585834.0,L,27.0,123.0,41602.0,3000.0
5464,"785 MONTANA AVE W, ST PAUL, MN, 55117",Match,Non_Exact,"785 W MONTANA AVE, SAINT PAUL, MN, 55117","-93.133037898871,44.987392234191",97641967.0,R,27.0,123.0,30300.0,1020.0
5102,"2552 KNOLLWOOD DR, NEW BRIGHTON, MN, 55112",Match,Exact,"2552 KNOLLWOOD DR, NEW BRIGHTON, MN, 55112","-93.222200856462,45.092520762293",97633712.0,L,27.0,123.0,41105.0,5011.0
5223,"1389 SEARLE ST, ST PAUL, MN, 55130",Match,Exact,"1389 SEARLE ST, SAINT PAUL, MN, 55130","-93.074862410412,44.982184642498",97650117.0,L,27.0,123.0,30602.0,3010.0
5344,"430 GLENWOOD AVE, ROSEVILLE, MN, 55113",Match,Non_Exact,"430 W GLENWOOD AVE, ROSEVILLE, MN, 55113","-93.117787414502,44.996616477219",97643555.0,L,27.0,123.0,41602.0,3000.0
5465,"749 MONTANA AVE W, ST PAUL, MN, 55117",Match,Non_Exact,"749 W MONTANA AVE, SAINT PAUL, MN, 55117","-93.132303943446,44.987386117844",97641967.0,R,27.0,123.0,30300.0,1020.0
5103,"2685 VALLEY VIEW LN, NEW BRIGHTON, MN, 55112",Match,Exact,"2685 VALLEY VIEW LN, NEW BRIGHTON, MN, 55112","-93.222307510586,45.090711573877",639709912.0,L,27.0,123.0,41105.0,5012.0
5224,"1381 SEARLE ST, ST PAUL, MN, 55130",Match,Exact,"1381 SEARLE ST, SAINT PAUL, MN, 55130","-93.074860674039,44.982086363015",97650117.0,L,27.0,123.0,30602.0,3010.0
5345,"1823 WESTERN AVE N, ROSEVILLE, MN, 55113",Match,Non_Exact,"1823 N WESTERN AVE, ROSEVILLE, MN, 55113","-93.116079164904,44.995890937751",647898722.0,L,27.0,123.0,41602.0,3000.0
5466,"744 MONTANA AVE W, ST PAUL, MN, 55117",Match,Non_Exact,"744 W MONTANA AVE, SAINT PAUL, MN, 55117","-93.132224301738,44.987270854805",97641967.0,L,27.0,123.0,30300.0,1031.0
5214,"1663 BAYARD AVE, ST PAUL, MN, 55116",Match,Non_Exact,"1663 W BAYARD AVE, SAINT PAUL, MN, 55116","-93.170558505344,44.922523303835",97646001.0,R,27.0,123.0,36400.0,2010.0
5335,"2931 FAIRVIEW AVE N, ROSEVILLE, MN, 55113",Match,Exact,"2931 FAIRVIEW AVE N, ROSEVILLE, MN, 55113","-93.177420031466,45.029272794135",97639957.0,L,27.0,123.0,41302.0,4004.0
5456,"731 PARKVIEW AVE, ST PAUL, MN, 55117",Match,Non_Exact,"731 W PARKVIEW AVE, SAINT PAUL, MN, 55117","-93.131079356886,44.983749517106",97643449.0,R,27.0,123.0,30300.0,2001.0
5215,"1979 SNELLING AVE N, ROSEVILLE, MN, 55113",Match,Non_Exact,"1979 SNELLING DR, ROSEVILLE, MN, 55113","-93.16688772878,45.000763953828",640770966.0,L,27.0,123.0,41301.0,1015.0
5336,"2961 FAIRVIEW AVE N, ROSEVILLE, MN, 55113",Match,Exact,"2961 FAIRVIEW AVE N, ROSEVILLE, MN, 55113","-93.177444543702,45.030263042136",97639814.0,L,27.0,123.0,41302.0,4004.0
5457,"744 LAKEVIEW AVE, ST PAUL, MN, 55117",Match,Non_Exact,"744 W LAKEVIEW AVE, SAINT PAUL, MN, 55117","-93.132404667613,44.981847611316",97641994.0,L,27.0,123.0,30300.0,2008.0
5216,"4477 OTTER LAKE RD, WHITE BEAR TOWN, MN, 55110",Match,Non_Exact,"4477 OTTER LAKE RD, WHITE BEAR TOWNSHIP, MN, 55110","-93.035420204809,45.076577998085",97636549.0,L,27.0,123.0,40503.0,3000.0
5337,"2993 FAIRVIEW AVE N, ROSEVILLE, MN, 55113",Match,Exact,"2993 FAIRVIEW AVE N, ROSEVILLE, MN, 55113","-93.177468474959,45.031229818458",97639812.0,L,27.0,123.0,41302.0,4004.0
5458,"786 HOYT AVE W, ST PAUL, MN, 55117",Match,Exact,"786 HOYT AVE W, SAINT PAUL, MN, 55117","-93.133071028983,44.988186991445",97641965.0,L,27.0,123.0,30300.0,1020.0
5217,"24 MID OAKS RD, ROSEVILLE, MN, 55113",Match,Exact,"24 MID OAKS RD, ROSEVILLE, MN, 55113","-93.169647105269,44.999287700771",97640870.0,R,27.0,123.0,41301.0,1017.0
5338,"2985 FAIRVIEW AVE N, ROSEVILLE, MN, 55113",Match,Exact,"2985 FAIRVIEW AVE N, ROSEVILLE, MN, 55113","-93.177463231253,45.03101797152",97639812.0,L,27.0,123.0,41302.0,4004.0
5459,"779 NEBRASKA AVE W, ST PAUL, MN, 55117",Match,Non_Exact,"779 W NEBRASKA AVE, SAINT PAUL, MN, 55117","-93.132670829971,44.986480062889",97641969.0,R,27.0,123.0,30300.0,1031.0
5218,"1374 SEARLE ST, ST PAUL, MN, 55130",Match,Exact,"1374 SEARLE ST, SAINT PAUL, MN, 55130","-93.074691991557,44.981709023197",97650117.0,R,27.0,123.0,30602.0,3003.0
5339,"2900 ARTHUR PL, ROSEVILLE, MN, 55113",Match,Exact,"2900 ARTHUR PL, ROSEVILLE, MN, 55113","-93.180426307418,45.028603380772",97684762.0,R,27.0,123.0,41302.0,4000.0
5219,"1404 SEARLE ST, ST PAUL, MN, 55130",Match,Exact,"1404 SEARLE ST, SAINT PAUL, MN, 55130","-93.074696317922,44.981953897411",97650117.0,R,27.0,123.0,30602.0,3003.0
5470,"1430 COMO BLVD E, ST PAUL, MN, 55117",Match,Non_Exact,"1430 E COMO BLVD, SAINT PAUL, MN, 55117","-93.139902171407,44.984346031736",97641931.0,R,27.0,123.0,30300.0,4031.0
5350,"0 SOUTH MCCARRONS BLVD, ROSEVILLE, MN, 55113",No_Match,,,,,,,,,
5471,"771 PARKVIEW AVE, ST PAUL, MN, 55117",Match,Non_Exact,"771 W PARKVIEW AVE, SAINT PAUL, MN, 55117","-93.132537296378,44.983756174841",97641984.0,R,27.0,123.0,30300.0,2002.0
5230,"1349 CALIFORNIA AVE W, FALCON HEIGHTS, MN, 55108",Match,Non_Exact,"1349 CALIFORNIA AVE, FALCON HEIGHTS, MN, 55108","-93.157838872155,44.990968462321",97641069.0,R,27.0,123.0,41900.0,2011.0
5351,"428 SOUTH MCCARRONS BLVD, ROSEVILLE, MN, 55113",Match,Non_Exact,"428 MCCARRONS BLVD S, ROSEVILLE, MN, 55113","-93.118135936443,44.997849119635",97643554.0,L,27.0,123.0,41602.0,3003.0
5472,"713 PARKVIEW AVE, ST PAUL, MN, 55117",Match,Non_Exact,"713 W PARKVIEW AVE, SAINT PAUL, MN, 55117","-93.130767684184,44.98374841771",97643449.0,R,27.0,123.0,30300.0,2001.0
5110,"1757 HAMLINE AVE N, FALCON HEIGHTS, MN, 55113",Match,Exact,"1757 HAMLINE AVE N, FALCON HEIGHTS, MN, 55113","-93.156645653984,44.994607742402",635777439.0,L,27.0,123.0,41900.0,1014.0
5231,"1406 IDAHO AVE W, FALCON HEIGHTS, MN, 55108",Match,Non_Exact,"1406 W IDAHO AVE, FALCON HEIGHTS, MN, 55108","-93.159491019498,44.989959322492",97641063.0,L,27.0,123.0,41900.0,2008.0
5352,"0 MILDRED DR, ROSEVILLE, MN, 55113",No_Match,,,,,,,,,
5473,"758 ARLINGTON AVE W, ST PAUL, MN, 55117",Match,Exact,"758 ARLINGTON AVE W, SAINT PAUL, MN, 55117","-93.13208042565,44.984557036406",97641988.0,L,27.0,123.0,30300.0,2002.0
5111,"1750 ALBERT ST N, FALCON HEIGHTS, MN, 55113",Match,Non_Exact,"1750 N ALBERT ST, FALCON HEIGHTS, MN, 55113","-93.159048408899,44.993594672844",97640969.0,R,27.0,123.0,41900.0,1014.0
5232,"1359 IDAHO AVE W, FALCON HEIGHTS, MN, 55108",Match,Exact,"1359 IDAHO AVE W, FALCON HEIGHTS, MN, 55108","-93.155985812764,44.990103565438",97641741.0,R,27.0,123.0,30201.0,1004.0
5353,"530 MONTROSE LN, ST PAUL, MN, 55116",Match,Exact,"530 MONTROSE LN, SAINT PAUL, MN, 55116","-93.193509323341,44.925453478438",97639528.0,L,27.0,123.0,43001.0,3000.0
5474,"786 LAKEVIEW AVE, ST PAUL, MN, 55117",Match,Non_Exact,"786 W LAKEVIEW AVE, SAINT PAUL, MN, 55117","-93.133356416021,44.981850180204",97641994.0,L,27.0,123.0,30300.0,2008.0
5112,"1709 HAMLINE AVE N, FALCON HEIGHTS, MN, 55113",Match,Exact,"1709 HAMLINE AVE N, FALCON HEIGHTS, MN, 55113","-93.156643567515,44.993773108777",635777439.0,L,27.0,123.0,41900.0,1014.0
5233,"1507 IOWA AVE W, FALCON HEIGHTS, MN, 55108",Match,Non_Exact,"1507 W IOWA AVE, FALCON HEIGHTS, MN, 55108","-93.163584574572,44.989137355634",97641049.0,R,27.0,123.0,41900.0,2007.0
5354,"587 MONTROSE LN, ST PAUL, MN, 55116",Match,Exact,"587 MONTROSE LN, SAINT PAUL, MN, 55116","-93.193673367086,44.923681774158",97639528.0,R,27.0,123.0,43001.0,3001.0
5475,"753 COTTAGE AVE W, ST PAUL, MN, 55117",Match,Exact,"753 COTTAGE AVE W, SAINT PAUL, MN, 55117","-93.130665174467,44.982791702156",97643453.0,R,27.0,123.0,30300.0,2005.0
5113,"1371 LARPENTEUR AVE W, FALCON HEIGHTS, MN, 55113",Match,Exact,"1371 LARPENTEUR AVE W, FALCON HEIGHTS, MN, 55113","-93.158026393471,44.991885012089",97641067.0,R,27.0,123.0,41900.0,1014.0
5234,"1369 IDAHO AVE W, FALCON HEIGHTS, MN, 55108",Match,Exact,"1369 IDAHO AVE W, FALCON HEIGHTS, MN, 55108","-93.156115699342,44.990101773908",97641741.0,R,27.0,123.0,30201.0,1004.0
5355,"564 MOUNT CURVE BLVD, ST PAUL, MN, 55116",Match,Non_Exact,"564 S MOUNT CURVE BLVD, SAINT PAUL, MN, 55116","-93.19491993575,44.924062574987",97639519.0,L,27.0,123.0,43001.0,3001.0
5476,"743 COTTAGE AVE W, ST PAUL, MN, 55117",Match,Exact,"743 COTTAGE AVE W, SAINT PAUL, MN, 55117","-93.130542174477,44.982790829807",97643453.0,R,27.0,123.0,30300.0,2005.0
5114,"1707 HAMLINE AVE N, FALCON HEIGHTS, MN, 55113",Match,Exact,"1707 HAMLINE AVE N, FALCON HEIGHTS, MN, 55113","-93.156643480579,44.993738332376",635777439.0,L,27.0,123.0,41900.0,1014.0
5235,"1453 IDAHO AVE W, FALCON HEIGHTS, MN, 55108",Match,Non_Exact,"1453 W IDAHO AVE, FALCON HEIGHTS, MN, 55108","-93.161325385134,44.99005451552",97641063.0,R,27.0,123.0,41900.0,2013.0
5356,"563 MONTROSE LN, ST PAUL, MN, 55116",Match,Exact,"563 MONTROSE LN, SAINT PAUL, MN, 55116","-93.193672838763,44.924108611507",97639528.0,R,27.0,123.0,43001.0,3001.0
5477,"2215 HENDRY PL N, MAPLEWOOD, MN, 55117",Match,Non_Exact,"2215 HENDRY PL, MAPLEWOOD, MN, 55117","-93.078708756852,45.008092167324",97649451.0,L,27.0,123.0,42202.0,5004.0
5104,"1257 INGERSON RD, ARDEN HILLS, MN, 55112",Match,Exact,"1257 INGERSON RD, ARDEN HILLS, MN, 55112","-93.153783750079,45.04062185205",651943759.0,R,27.0,123.0,40804.0,2016.0
5225,"1392 SEARLE ST, ST PAUL, MN, 55130",Match,Exact,"1392 SEARLE ST, SAINT PAUL, MN, 55130","-93.074694587376,44.981855947725",97650117.0,R,27.0,123.0,30602.0,3003.0
5346,"408 GLENWOOD AVE, ROSEVILLE, MN, 55113",Match,Non_Exact,"408 W GLENWOOD AVE, ROSEVILLE, MN, 55113","-93.117206346662,44.997015910353",97643555.0,L,27.0,123.0,41602.0,3000.0
5467,"1400 COMO BLVD E, ST PAUL, MN, 55117",Match,Non_Exact,"1400 E COMO BLVD, SAINT PAUL, MN, 55117","-93.139913823176,44.983355591786",97668580.0,R,27.0,123.0,30300.0,4032.0
5105,"1775 ALBERT ST N, FALCON HEIGHTS, MN, 55113",Match,Non_Exact,"1775 N ALBERT ST, FALCON HEIGHTS, MN, 55113","-93.159209922277,44.993186560568",97640969.0,L,27.0,123.0,41900.0,1012.0
5226,"1378 EDGERTON ST, ST PAUL, MN, 55130",Match,Exact,"1378 EDGERTON ST, SAINT PAUL, MN, 55130","-93.076042492884,44.982631255665",97650052.0,R,27.0,123.0,30602.0,3010.0
5347,"468 WOODRUFF AVE, ROSEVILLE, MN, 55113",Match,Exact,"468 WOODRUFF AVE, ROSEVILLE, MN, 55113","-93.11922948888,44.997360829341",619585834.0,L,27.0,123.0,41602.0,3000.0
5468,"866 PARKVIEW AVE, ST PAUL, MN, 55117",Match,Non_Exact,"866 W PARKVIEW AVE, SAINT PAUL, MN, 55117","-93.136821009377,44.983430956481",97641932.0,L,27.0,123.0,30300.0,4032.0
5106,"1771 ALBERT ST N, FALCON HEIGHTS, MN, 55113",Match,Non_Exact,"1771 N ALBERT ST, FALCON HEIGHTS, MN, 55113","-93.15920983201,44.993115783511",97640969.0,L,27.0,123.0,41900.0,1012.0
5227,"1828 EAST SHORE DR N, MAPLEWOOD, MN, 55109",Match,Non_Exact,"1828 E SHORE DR, MAPLEWOOD, MN, 55109","-93.055739311592,44.995620031999",97651061.0,R,27.0,123.0,42302.0,1007.0
5348,"432 SOUTH MCCARRONS BLVD, ROSEVILLE, MN, 55113",Match,Non_Exact,"432 MCCARRONS BLVD S, ROSEVILLE, MN, 55113","-93.11825813285,44.997937678785",97643554.0,L,27.0,123.0,41602.0,3003.0
5469,"914 PARKVIEW AVE, ST PAUL, MN, 55117",Match,Non_Exact,"914 W PARKVIEW AVE, SAINT PAUL, MN, 55117","-93.137460700379,44.983434131171",97641932.0,L,27.0,123.0,30300.0,4032.0
5107,"1757 ALBERT ST N, FALCON HEIGHTS, MN, 55113",Match,Non_Exact,"1757 N ALBERT ST, FALCON HEIGHTS, MN, 55113","-93.159209516075,44.992868063809",97640969.0,L,27.0,123.0,41900.0,1012.0
5228,"1818 EAST SHORE DR N, MAPLEWOOD, MN, 55109",Match,Non_Exact,"1818 E SHORE DR, MAPLEWOOD, MN, 55109","-93.055438747046,44.995490158383",97651061.0,R,27.0,123.0,42302.0,1007.0
5349,"463 WOODRUFF AVE, ROSEVILLE, MN, 55113",Match,Exact,"463 WOODRUFF AVE, ROSEVILLE, MN, 55113","-93.119794073323,44.997966181663",619585834.0,R,27.0,123.0,41602.0,3003.0
5108,"1933 SIMPSON ST, ROSEVILLE, MN, 55113",Match,Exact,"1933 SIMPSON ST, ROSEVILLE, MN, 55113","-93.162416010662,44.999336686913",97640936.0,L,27.0,123.0,41800.0,2010.0
5229,"1485 IOWA AVE W, FALCON HEIGHTS, MN, 55108",Match,Non_Exact,"1485 W IOWA AVE, FALCON HEIGHTS, MN, 55108","-93.162701831393,44.989143539413",97641049.0,R,27.0,123.0,41900.0,2007.0
5109,"313 ELMER ST, ROSEVILLE, MN, 55113",Match,Exact,"313 ELMER ST, ROSEVILLE, MN, 55113","-93.11320482573,45.00223325176",97655885.0,R,27.0,123.0,41602.0,2014.0
5360,"507 MONTROSE LN, ST PAUL, MN, 55116",Match,Exact,"507 MONTROSE LN, SAINT PAUL, MN, 55116","-93.19367160601,44.925104565322",97639528.0,R,27.0,123.0,43001.0,3001.0
5481,"2182 DESOTO ST N, MAPLEWOOD, MN, 55117",Match,Non_Exact,"2182 DESOTO ST, MAPLEWOOD, MN, 55117","-93.081322063722,45.006980685422",97649447.0,R,27.0,123.0,42202.0,5008.0
5240,"2384 BURKE AVE E, NORTH ST PAUL, MN, 55109",Match,Exact,"2384 BURKE AVE E, NORTH ST PAUL, MN, 55109","-92.999745503391,45.005516378141",97652787.0,R,27.0,123.0,42700.0,5005.0
5361,"522 MONTROSE LN, ST PAUL, MN, 55116",Match,Exact,"522 MONTROSE LN, SAINT PAUL, MN, 55116","-93.19350920633,44.925548012885",97639528.0,L,27.0,123.0,43001.0,3000.0
5482,"2218 DESOTO ST N, MAPLEWOOD, MN, 55117",Match,Non_Exact,"2218 DESOTO ST, MAPLEWOOD, MN, 55117","-93.081328920172,45.007961371846",97649441.0,R,27.0,123.0,42202.0,5008.0
5120,"1365 LARPENTEUR AVE W, FALCON HEIGHTS, MN, 55113",Match,Exact,"1365 LARPENTEUR AVE W, FALCON HEIGHTS, MN, 55113","-93.157806714055,44.991886545613",97641067.0,R,27.0,123.0,41900.0,1014.0
5241,"2368 BURKE AVE E, NORTH ST PAUL, MN, 55109",Match,Exact,"2368 BURKE AVE E, NORTH ST PAUL, MN, 55109","-93.000374221874,45.005508067339",97671212.0,R,27.0,123.0,42700.0,5005.0
5362,"521 MONTROSE LN, ST PAUL, MN, 55116",Match,Exact,"521 MONTROSE LN, SAINT PAUL, MN, 55116","-93.193671914199,44.924855576869",97639528.0,R,27.0,123.0,43001.0,3001.0
5483,"2232 DESOTO ST N, MAPLEWOOD, MN, 55117",Match,Non_Exact,"2232 DESOTO ST, MAPLEWOOD, MN, 55117","-93.081330809987,45.008161695252",97649441.0,R,27.0,123.0,42202.0,5008.0
5000,"1476 HOLTON ST, ST PAUL, MN, 55108",Match,Non_Exact,"1476 N HOLTON ST, SAINT PAUL, MN, 55108","-93.160440234591,44.985928742406",97641080.0,R,27.0,123.0,30201.0,2013.0
5121,"1758 ALBERT ST N, FALCON HEIGHTS, MN, 55113",Match,Non_Exact,"1758 N ALBERT ST, FALCON HEIGHTS, MN, 55113","-93.159048759348,44.993869454362",97640969.0,R,27.0,123.0,41900.0,1014.0
5242,"2364 BURKE AVE E, NORTH ST PAUL, MN, 55109",Match,Exact,"2364 BURKE AVE E, NORTH ST PAUL, MN, 55109","-93.000504552174,45.005506236009",97671212.0,R,27.0,123.0,42700.0,5005.0
5363,"500 MONTROSE LN, ST PAUL, MN, 55116",Match,Exact,"500 MONTROSE LN, SAINT PAUL, MN, 55116","-93.19350888455,44.925807982613",97639528.0,L,27.0,123.0,43001.0,3000.0
5484,"2174 DESOTO ST N, MAPLEWOOD, MN, 55117",Match,Non_Exact,"2174 DESOTO ST, MAPLEWOOD, MN, 55117","-93.081320485888,45.006728226464",97649447.0,R,27.0,123.0,42202.0,5008.0
5001,"1492 SIMPSON ST, ST PAUL, MN, 55108",Match,Exact,"1492 SIMPSON ST, SAINT PAUL, MN, 55108","-93.162995839571,44.986127562975",97641056.0,R,27.0,123.0,30201.0,2011.0
5122,"1771 HAMLINE AVE N, FALCON HEIGHTS, MN, 55113",Match,Exact,"1771 HAMLINE AVE N, FALCON HEIGHTS, MN, 55113","-93.156646262537,44.994851177209",635777439.0,L,27.0,123.0,41900.0,1014.0
5243,"2360 BURKE AVE E, NORTH ST PAUL, MN, 55109",Match,Exact,"2360 BURKE AVE E, NORTH ST PAUL, MN, 55109","-93.000634882473,45.005504404679",97671212.0,R,27.0,123.0,42700.0,5005.0
5364,"497 MOUNT CURVE BLVD, ST PAUL, MN, 55116",Match,Non_Exact,"497 S MOUNT CURVE BLVD, SAINT PAUL, MN, 55116","-93.195039828248,44.925274769951",97639519.0,R,27.0,123.0,43001.0,3002.0
5485,"2210 DESOTO ST N, MAPLEWOOD, MN, 55117",Match,Non_Exact,"2210 DESOTO ST, MAPLEWOOD, MN, 55117","-93.081327840277,45.007846901327",97649441.0,R,27.0,123.0,42202.0,5008.0
5002,"1452 HOLTON ST, ST PAUL, MN, 55108",Match,Non_Exact,"1452 N HOLTON ST, SAINT PAUL, MN, 55108","-93.160443269411,44.985522084018",97641080.0,R,27.0,123.0,30201.0,2013.0
5123,"1206 WATSON AVE, ST PAUL, MN, 55116",Match,Non_Exact,"1206 W WATSON AVE, SAINT PAUL, MN, 55116","-93.150956751814,44.924178034706",97646992.0,L,27.0,123.0,36600.0,2012.0
5244,"2078 IVY ST, NORTH ST PAUL, MN, 55109",Match,Non_Exact,"2078 N IVY ST, NORTH ST PAUL, MN, 55109","-93.003605698947,45.003917156434",97652727.0,R,27.0,123.0,42700.0,5004.0
5365,"501 MOUNT CURVE BLVD, ST PAUL, MN, 55116",Match,Non_Exact,"501 S MOUNT CURVE BLVD, SAINT PAUL, MN, 55116","-93.195042293513,44.925203629697",97639519.0,R,27.0,123.0,43001.0,3002.0
5486,"2173 SUNRISE DR N, MAPLEWOOD, MN, 55117",Match,Non_Exact,"2173 SUNRISE DR, MAPLEWOOD, MN, 55117","-93.077571061458,45.007395873342",656769003.0,L,27.0,123.0,42202.0,5007.0
5003,"1495 SHELDON ST, ST PAUL, MN, 55108",Tie,,,,,,,,,
5124,"1215 HARTFORD AVE, ST PAUL, MN, 55116",Match,Non_Exact,"1215 W HARTFORD AVE, SAINT PAUL, MN, 55116","-93.151589698251,44.923377634215",97646994.0,R,27.0,123.0,36600.0,2012.0
5245,"2087 IVY ST, NORTH ST PAUL, MN, 55109",Match,Non_Exact,"2087 N IVY ST, NORTH ST PAUL, MN, 55109","-93.003767576843,45.004021399471",97652727.0,L,27.0,123.0,42700.0,5003.0
5366,"500 MISSISSIPPI RIVER BLVD S, ST PAUL, MN, 55116",Match,Exact,"500 MISSISSIPPI RIVER BLVD S, SAINT PAUL, MN, 55116","-93.196787914475,44.926485498909",97639517.0,L,27.0,123.0,43001.0,3002.0
5487,"2167 BURR ST N, MAPLEWOOD, MN, 55117",Match,Non_Exact,"2167 BURR ST, MAPLEWOOD, MN, 55117","-93.080079888034,45.006784009397",97649450.0,L,27.0,123.0,42202.0,5008.0
5004,"1479 SIMPSON ST, ST PAUL, MN, 55108",Match,Exact,"1479 SIMPSON ST, SAINT PAUL, MN, 55108","-93.163163009567,44.985727922108",97641056.0,L,27.0,123.0,30201.0,2010.0
5125,"1214 WATSON AVE, ST PAUL, MN, 55116",Match,Non_Exact,"1214 W WATSON AVE, SAINT PAUL, MN, 55116","-93.151415194573,44.924180228244",97646992.0,L,27.0,123.0,36600.0,2012.0
5246,"2079 IVY ST, NORTH ST PAUL, MN, 55109",Match,Non_Exact,"2079 N IVY ST, NORTH ST PAUL, MN, 55109","-93.003767764082,45.003917302172",97652727.0,L,27.0,123.0,42700.0,5003.0
5367,"481 MOUNT CURVE BLVD, ST PAUL, MN, 55116",Match,Non_Exact,"481 S MOUNT CURVE BLVD, SAINT PAUL, MN, 55116","-93.195029967185,44.925559330966",97639519.0,R,27.0,123.0,43001.0,3002.0
5488,"2166 DESOTO ST N, MAPLEWOOD, MN, 55117",Match,Non_Exact,"2166 DESOTO ST, MAPLEWOOD, MN, 55117","-93.081318908055,45.006475767506",97649447.0,R,27.0,123.0,42202.0,5008.0
5480,"797 COTTAGE AVE W, ST PAUL, MN, 55117",Match,Exact,"797 COTTAGE AVE W, SAINT PAUL, MN, 55117","-93.131206374421,44.982795540492",97643453.0,R,27.0,123.0,30300.0,2005.0
5115,"1737 HAMLINE AVE N, FALCON HEIGHTS, MN, 55113",Match,Exact,"1737 HAMLINE AVE N, FALCON HEIGHTS, MN, 55113","-93.156644784622,44.994259978392",635777439.0,L,27.0,123.0,41900.0,1014.0
5236,"1416 LARPENTEUR AVE W, FALCON HEIGHTS, MN, 55113",Match,Exact,"1416 LARPENTEUR AVE W, FALCON HEIGHTS, MN, 55113","-93.159739268083,44.991758435668",97641061.0,L,27.0,123.0,41900.0,2001.0
5357,"525 MOUNT CURVE BLVD, ST PAUL, MN, 55116",Match,Non_Exact,"525 S MOUNT CURVE BLVD, SAINT PAUL, MN, 55116","-93.195057085108,44.924776788175",97639519.0,R,27.0,123.0,43001.0,3002.0
5478,"2203 HENDRY PL N, MAPLEWOOD, MN, 55117",Match,Non_Exact,"2203 HENDRY PL, MAPLEWOOD, MN, 55117","-93.078721818818,45.007965982256",97649451.0,L,27.0,123.0,42202.0,5004.0
5116,"1700 ALBERT ST N, FALCON HEIGHTS, MN, 55113",Match,Non_Exact,"1700 N ALBERT ST, FALCON HEIGHTS, MN, 55113","-93.159047948082,44.991875232392",97640969.0,R,27.0,123.0,41900.0,1014.0
5237,"2338 ELDRIDGE AVE E, NORTH ST PAUL, MN, 55109",Match,Exact,"2338 ELDRIDGE AVE E, NORTH ST PAUL, MN, 55109","-93.001636720284,45.004689192249",614018779.0,L,27.0,123.0,42700.0,5006.0
5358,"2130 HARTFORD AVE, ST PAUL, MN, 55116",Match,Non_Exact,"2130 W HARTFORD AVE, SAINT PAUL, MN, 55116","-93.190414081065,44.923360976005",97639541.0,L,27.0,123.0,43001.0,4008.0
5479,"2196 HENDRY PL N, MAPLEWOOD, MN, 55117",Match,Non_Exact,"2196 HENDRY PL, MAPLEWOOD, MN, 55117","-93.078621377334,45.007861667898",97649451.0,R,27.0,123.0,42202.0,5007.0
5117,"1763 HAMLINE AVE N, FALCON HEIGHTS, MN, 55113",Match,Exact,"1763 HAMLINE AVE N, FALCON HEIGHTS, MN, 55113","-93.156645914792,44.994712071605",635777439.0,L,27.0,123.0,41900.0,1014.0
5238,"2338 BELMONT LN E, NORTH ST PAUL, MN, 55109",Match,Non_Exact,"2338 BELMONT LN, NORTH ST PAUL, MN, 55109","-93.002094371431,45.003835378659",619690963.0,R,27.0,123.0,42700.0,5006.0
5359,"487 MONTROSE LN, ST PAUL, MN, 55116",Match,Exact,"487 MONTROSE LN, SAINT PAUL, MN, 55116","-93.193671165742,44.925460263114",97639528.0,R,27.0,123.0,43001.0,3001.0
5118,"1732 ALBERT ST N, FALCON HEIGHTS, MN, 55113",Match,Non_Exact,"1732 N ALBERT ST, FALCON HEIGHTS, MN, 55113","-93.15904762039,44.99297641443",97640969.0,R,27.0,123.0,41900.0,1014.0
5239,"2056 3RD ST N, NORTH ST PAUL, MN, 55109",Match,Exact,"2056 3RD ST N, NORTH ST PAUL, MN, 55109","-93.002360842329,45.003609752257",635776183.0,R,27.0,123.0,42700.0,5006.0
5119,"1724 ALBERT ST N, FALCON HEIGHTS, MN, 55113",Match,Non_Exact,"1724 N ALBERT ST, FALCON HEIGHTS, MN, 55113","-93.159047269941,44.992701632912",97640969.0,R,27.0,123.0,41900.0,1014.0
5250,"2083 3RD ST N, NORTH ST PAUL, MN, 55109",Match,Exact,"2083 3RD ST N, NORTH ST PAUL, MN, 55109","-93.002522854254,45.004133632415",619690962.0,L,27.0,123.0,42700.0,5004.0
5371,"534 MISSISSIPPI RIVER BLVD S, ST PAUL, MN, 55116",Match,Exact,"534 MISSISSIPPI RIVER BLVD S, SAINT PAUL, MN, 55116","-93.196984467526,44.925565055829",97639517.0,L,27.0,123.0,43001.0,3002.0
5492,"1735 SNELLING AVE N, FALCON HEIGHTS, MN, 55113",Match,Exact,"1735 SNELLING AVE N, FALCON HEIGHTS, MN, 55113","-93.166812627311,44.992661097457",624768568.0,L,27.0,123.0,41900.0,3022.0
5130,"858 KENNETH ST, ST PAUL, MN, 55116",Match,Non_Exact,"858 S KENNETH ST, SAINT PAUL, MN, 55116","-93.183959103154,44.915380770175",97645951.0,L,27.0,123.0,37500.0,3002.0
5251,"2086 IVY ST, NORTH ST PAUL, MN, 55109",Match,Non_Exact,"2086 N IVY ST, NORTH ST PAUL, MN, 55109","-93.003605511707,45.004021253734",97652727.0,R,27.0,123.0,42700.0,5004.0
5372,"591 CRETIN AVE S, ST PAUL, MN, 55116",Match,Non_Exact,"591 S CRETIN AVE, SAINT PAUL, MN, 55116","-93.192557698649,44.923682547486",97639538.0,R,27.0,123.0,43001.0,3000.0
5493,"820 COUNTY ROAD I W, SHOREVIEW, MN, 55126",Match,Exact,"820 CO RD I W, SHOREVIEW, MN, 55126","-93.135733247476,45.108085374579",617573537.0,L,27.0,123.0,40707.0,1003.0
5010,"1448 PASCAL ST N, ST PAUL, MN, 55108",Match,Exact,"1448 PASCAL ST N, SAINT PAUL, MN, 55108","-93.1617180863,44.984927117423",97641110.0,R,27.0,123.0,30201.0,2018.0
5131,"1657 WATSON AVE, ST PAUL, MN, 55116",Match,Non_Exact,"1657 W WATSON AVE, SAINT PAUL, MN, 55116","-93.170312290708,44.92434391423",97645997.0,R,27.0,123.0,36400.0,2006.0
5252,"2082 IVY ST, NORTH ST PAUL, MN, 55109",Match,Non_Exact,"2082 N IVY ST, NORTH ST PAUL, MN, 55109","-93.003605605327,45.003969205084",97652727.0,R,27.0,123.0,42700.0,5004.0
5373,"541 MOUNT CURVE BLVD, ST PAUL, MN, 55116",Match,Non_Exact,"541 S MOUNT CURVE BLVD, SAINT PAUL, MN, 55116","-93.195066946171,44.924492227161",97639519.0,R,27.0,123.0,43001.0,3002.0
5494,"710 COUNTY ROAD I W, SHOREVIEW, MN, 55126",Match,Exact,"710 CO RD I W, SHOREVIEW, MN, 55126","-93.1310508975,45.108109752613",97635404.0,L,27.0,123.0,40707.0,1003.0
5011,"1480 HOLTON ST, ST PAUL, MN, 55108",Match,Non_Exact,"1480 N HOLTON ST, SAINT PAUL, MN, 55108","-93.160439728788,44.985996518804",97641080.0,R,27.0,123.0,30201.0,2013.0
5132,"1679 SCHEFFER AVE, ST PAUL, MN, 55116",Match,Non_Exact,"1679 W SCHEFFER AVE, SAINT PAUL, MN, 55116","-93.171213593753,44.921620110801",97646179.0,R,27.0,123.0,36400.0,2011.0
5253,"2101 3RD ST N, NORTH ST PAUL, MN, 55109",Match,Exact,"2101 3RD ST N, NORTH ST PAUL, MN, 55109","-93.002522854176,45.004695688785",619690962.0,L,27.0,123.0,42700.0,5004.0
5374,"569 CRETIN AVE S, ST PAUL, MN, 55116",Match,Non_Exact,"569 S CRETIN AVE, SAINT PAUL, MN, 55116","-93.192557698568,44.924271713708",97639538.0,R,27.0,123.0,43001.0,3000.0
5495,"800 COUNTY ROAD I W, SHOREVIEW, MN, 55126",Match,Exact,"800 CO RD I W, SHOREVIEW, MN, 55126","-93.134922874693,45.108089356699",617573537.0,L,27.0,123.0,40707.0,1003.0
5012,"1468 ARONA ST, ST PAUL, MN, 55108",Tie,,,,,,,,,
5133,"565 SNELLING AVE S, ST PAUL, MN, 55116",Match,Exact,"565 SNELLING AVE S, SAINT PAUL, MN, 55116","-93.167105706997,44.924521905455",97646165.0,R,27.0,123.0,36400.0,2005.0
5254,"2101 IVY ST, NORTH ST PAUL, MN, 55109",Match,Non_Exact,"2101 N IVY ST, NORTH ST PAUL, MN, 55109","-93.003767249173,45.004203569746",97652727.0,L,27.0,123.0,42700.0,5003.0
5375,"536 MONTROSE LN, ST PAUL, MN, 55116",Match,Exact,"536 MONTROSE LN, SAINT PAUL, MN, 55116","-93.1935094111,44.925382577604",97639528.0,L,27.0,123.0,43001.0,3000.0
5496,"1402 VAN BUREN AVE, ST PAUL, MN, 55104",Match,Non_Exact,"1402 W VAN BUREN AVE, SAINT PAUL, MN, 55104","-93.159529439352,44.961962562668",97641579.0,L,27.0,123.0,32200.0,3004.0
5013,"1473 SHELDON ST, ST PAUL, MN, 55108",Tie,,,,,,,,,
5134,"1641 SCHEFFER AVE, ST PAUL, MN, 55116",Match,Non_Exact,"1641 W SCHEFFER AVE, SAINT PAUL, MN, 55116","-93.169656795325,44.92161459013",97646179.0,R,27.0,123.0,36400.0,2011.0
5255,"2108 IVY ST, NORTH ST PAUL, MN, 55109",Match,Non_Exact,"2108 N IVY ST, NORTH ST PAUL, MN, 55109","-93.003604996798,45.004307521308",97652727.0,R,27.0,123.0,42700.0,5004.0
5376,"559 MONTROSE LN, ST PAUL, MN, 55116",Match,Exact,"559 MONTROSE LN, SAINT PAUL, MN, 55116","-93.193672750709,44.924179751065",97639528.0,R,27.0,123.0,43001.0,3001.0
5497,"1415 BLAIR AVE, ST PAUL, MN, 55104",Match,Non_Exact,"1415 W BLAIR AVE, SAINT PAUL, MN, 55104","-93.160029772544,44.961173656952",97641581.0,R,27.0,123.0,32200.0,3004.0
5014,"1445 HAMLINE AVE N, ST PAUL, MN, 55108",Match,Exact,"1445 HAMLINE AVE N, SAINT PAUL, MN, 55108","-93.156757242603,44.984794234212",97641750.0,L,27.0,123.0,30201.0,2015.0
5135,"1682 HARTFORD AVE, ST PAUL, MN, 55116",Match,Non_Exact,"1682 W HARTFORD AVE, SAINT PAUL, MN, 55116","-93.171378276391,44.923324101702",97645999.0,L,27.0,123.0,36400.0,2010.0
5256,"2112 IVY ST, NORTH ST PAUL, MN, 55109",Match,Non_Exact,"2112 N IVY ST, NORTH ST PAUL, MN, 55109","-93.003604903179,45.004359569958",97652727.0,R,27.0,123.0,42700.0,5004.0
5377,"581 CRETIN AVE S, ST PAUL, MN, 55116",Match,Non_Exact,"581 S CRETIN AVE, SAINT PAUL, MN, 55116","-93.192557698612,44.923950350314",97639538.0,R,27.0,123.0,43001.0,3000.0
5498,"1457 BLAIR AVE, ST PAUL, MN, 55104",Match,Non_Exact,"1457 W BLAIR AVE, SAINT PAUL, MN, 55104","-93.16177643695,44.961161442635",97641581.0,R,27.0,123.0,32200.0,3004.0
5015,"1461 SIMPSON ST, ST PAUL, MN, 55108",Match,Exact,"1461 SIMPSON ST, SAINT PAUL, MN, 55108","-93.163169751579,44.985204747526",97641056.0,L,27.0,123.0,30201.0,2010.0
5136,"1625 WATSON AVE, ST PAUL, MN, 55116",Match,Non_Exact,"1625 W WATSON AVE, SAINT PAUL, MN, 55116","-93.169252130163,44.924339019535",97646158.0,R,27.0,123.0,36400.0,2005.0
5257,"2104 IVY ST, NORTH ST PAUL, MN, 55109",Match,Non_Exact,"2104 N IVY ST, NORTH ST PAUL, MN, 55109","-93.003605090418,45.004255472658",97652727.0,R,27.0,123.0,42700.0,5004.0
5378,"575 CRETIN AVE S, ST PAUL, MN, 55116",Match,Non_Exact,"575 S CRETIN AVE, SAINT PAUL, MN, 55116","-93.19255769859,44.924111032011",97639538.0,R,27.0,123.0,43001.0,3000.0
5499,"719 HAMLINE AVE N, ST PAUL, MN, 55104",Match,Non_Exact,"719 N HAMLINE AVE, SAINT PAUL, MN, 55104","-93.1569195787,44.962397951832",97642089.0,L,27.0,123.0,32200.0,3000.0
5490,"0 ST MARYS ST, FALCON HEIGHTS, MN, 55113",No_Match,,,,,,,,,
5370,"514 MISSISSIPPI RIVER BLVD S, ST PAUL, MN, 55116",Match,Exact,"514 MISSISSIPPI RIVER BLVD S, SAINT PAUL, MN, 55116","-93.196868848084,44.926106492935",97639517.0,L,27.0,123.0,43001.0,3002.0
5491,"1755 ST MARYS ST, FALCON HEIGHTS, MN, 55113",Match,Exact,"1755 ST MARY'S ST, FALCON HEIGHTS, MN, 55113","-93.168927297572,44.994336820409",97640907.0,L,27.0,123.0,41900.0,3006.0
5005,"1471 ALBERT ST N, ST PAUL, MN, 55108",Match,Exact,"1471 ALBERT ST N, SAINT PAUL, MN, 55108","-93.159336162088,44.983535646613",97641119.0,L,27.0,123.0,30201.0,4002.0
5126,"911 WILDER ST S, ST PAUL, MN, 55116",Match,Non_Exact,"911 S WILDER ST, SAINT PAUL, MN, 55116","-93.184563674374,44.913947679972",97639679.0,R,27.0,123.0,37500.0,3012.0
5247,"2075 IVY ST, NORTH ST PAUL, MN, 55109",Match,Non_Exact,"2075 N IVY ST, NORTH ST PAUL, MN, 55109","-93.003767857702,45.003865253522",97652727.0,L,27.0,123.0,42700.0,5003.0
5368,"487 MOUNT CURVE BLVD, ST PAUL, MN, 55116",Match,Non_Exact,"487 S MOUNT CURVE BLVD, SAINT PAUL, MN, 55116","-93.195033665083,44.925452620585",97639519.0,R,27.0,123.0,43001.0,3002.0
5489,"1766 ST MARYS ST, FALCON HEIGHTS, MN, 55113",Match,Exact,"1766 ST MARY'S ST, FALCON HEIGHTS, MN, 55113","-93.168762113635,44.994532026923",97640907.0,R,27.0,123.0,41900.0,3022.0
5006,"1453 ALBERT ST, ST PAUL, MN, 55108",Tie,,,,,,,,,
5127,"845 KENNETH ST, ST PAUL, MN, 55116",Match,Non_Exact,"845 S KENNETH ST, SAINT PAUL, MN, 55116","-93.18441884711,44.915799158937",97639632.0,R,27.0,123.0,37500.0,3003.0
5248,"2083 IVY ST, NORTH ST PAUL, MN, 55109",Match,Non_Exact,"2083 N IVY ST, NORTH ST PAUL, MN, 55109","-93.003767670462,45.003969350822",97652727.0,L,27.0,123.0,42700.0,5003.0
5369,"525 MONTROSE LN, ST PAUL, MN, 55116",Match,Exact,"525 MONTROSE LN, SAINT PAUL, MN, 55116","-93.193672002252,44.924784437311",97639528.0,R,27.0,123.0,43001.0,3001.0
5007,"1485 PASCAL ST N, ST PAUL, MN, 55108",Match,Exact,"1485 PASCAL ST N, SAINT PAUL, MN, 55108","-93.161864202645,44.985913359894",97641110.0,L,27.0,123.0,30201.0,2011.0
5128,"873 KENNETH ST, ST PAUL, MN, 55116",Match,Non_Exact,"873 S KENNETH ST, SAINT PAUL, MN, 55116","-93.184100249067,44.915324141434",97645951.0,R,27.0,123.0,37500.0,3006.0
5249,"2092 IVY ST, NORTH ST PAUL, MN, 55109",Match,Non_Exact,"2092 N IVY ST, NORTH ST PAUL, MN, 55109","-93.003605371278,45.004099326708",97652727.0,R,27.0,123.0,42700.0,5004.0
5008,"1459 HOLTON ST, ST PAUL, MN, 55108",Match,Non_Exact,"1459 N HOLTON ST, SAINT PAUL, MN, 55108","-93.160604371871,44.985644409751",97641080.0,L,27.0,123.0,30201.0,2012.0
5129,"868 KENNETH ST, ST PAUL, MN, 55116",Match,Non_Exact,"868 S KENNETH ST, SAINT PAUL, MN, 55116","-93.183795212036,44.915137172353",97645951.0,L,27.0,123.0,37500.0,3002.0
5009,"1455 PASCAL ST N, ST PAUL, MN, 55108",Match,Exact,"1455 PASCAL ST N, SAINT PAUL, MN, 55108","-93.161878283583,44.985040349074",97641110.0,L,27.0,123.0,30201.0,2011.0
5140,"1626 NILES AVE, ST PAUL, MN, 55116",Match,Non_Exact,"1626 W NILES AVE, SAINT PAUL, MN, 55116","-93.169287968709,44.925125694271",97646156.0,L,27.0,123.0,36400.0,2005.0
5261,"2299 SKILLMAN AVE E, NORTH ST PAUL, MN, 55109",Match,Exact,"2299 SKILLMAN AVE E, NORTH ST PAUL, MN, 55109","-93.003392971638,45.002906572963",97653755.0,L,27.0,123.0,42700.0,5004.0
5382,"555 MOUNT CURVE BLVD, ST PAUL, MN, 55116",Match,Non_Exact,"555 S MOUNT CURVE BLVD, SAINT PAUL, MN, 55116","-93.195075574601,44.924243236273",97639519.0,R,27.0,123.0,43001.0,3002.0
5020,"1456 HOLTON ST, ST PAUL, MN, 55108",Match,Non_Exact,"1456 N HOLTON ST, SAINT PAUL, MN, 55108","-93.160442763608,44.985589860416",97641080.0,R,27.0,123.0,30201.0,2013.0
5141,"1631 NILES AVE, ST PAUL, MN, 55116",Match,Non_Exact,"1631 W NILES AVE, SAINT PAUL, MN, 55116","-93.16935642779,44.925240528565",97646156.0,R,27.0,123.0,36400.0,2004.0
5262,"0 ELDRIDGE AVE E, NORTH ST PAUL, MN, 55109",No_Match,,,,,,,,,
5383,"574 MOUNT CURVE BLVD, ST PAUL, MN, 55116",Match,Non_Exact,"574 S MOUNT CURVE BLVD, SAINT PAUL, MN, 55116","-93.194926098915,44.923884724353",97639519.0,L,27.0,123.0,43001.0,3001.0
5021,"1459 PASCAL ST N, ST PAUL, MN, 55108",Match,Exact,"1459 PASCAL ST N, SAINT PAUL, MN, 55108","-93.161876406125,44.985156750517",97641110.0,L,27.0,123.0,30201.0,2011.0
5142,"1600 NILES AVE, ST PAUL, MN, 55116",Match,Non_Exact,"1600 W NILES AVE, SAINT PAUL, MN, 55116","-93.168837743702,44.925124106144",97646156.0,L,27.0,123.0,36400.0,2005.0
5263,"2079 1ST ST N, NORTH ST PAUL, MN, 55109",Match,Exact,"2079 1ST ST N, NORTH ST PAUL, MN, 55109","-92.997467969491,45.004820801002",656770959.0,L,27.0,123.0,42700.0,5005.0
5384,"484 MISSISSIPPI RIVER BLVD S, ST PAUL, MN, 55116",Match,Exact,"484 MISSISSIPPI RIVER BLVD S, SAINT PAUL, MN, 55116","-93.196695418921,44.926918648594",97639517.0,L,27.0,123.0,43001.0,3002.0
5022,"1499 SHELDON ST, ST PAUL, MN, 55108",Tie,,,,,,,,,
5143,"1610 JUNO AVE, ST PAUL, MN, 55116",Match,Non_Exact,"1610 W JUNO AVE, SAINT PAUL, MN, 55116","-93.169007320052,44.926033716529",97646154.0,L,27.0,123.0,36400.0,2004.0
5264,"2097 1ST ST N, NORTH ST PAUL, MN, 55109",Match,Exact,"2097 1ST ST N, NORTH ST PAUL, MN, 55109","-92.997467104202,45.005037115876",656770959.0,L,27.0,123.0,42700.0,5005.0
5385,"593 MONTROSE LN, ST PAUL, MN, 55116",Match,Exact,"593 MONTROSE LN, SAINT PAUL, MN, 55116","-93.193673499166,44.923575064821",97639528.0,R,27.0,123.0,43001.0,3001.0
5023,"1493 HOLTON ST, ST PAUL, MN, 55108",Match,Non_Exact,"1493 N HOLTON ST, SAINT PAUL, MN, 55108","-93.160599984802,44.986232266264",97641080.0,L,27.0,123.0,30201.0,2012.0
5144,"1607 HARTFORD AVE, ST PAUL, MN, 55116",Match,Non_Exact,"1607 W HARTFORD AVE, SAINT PAUL, MN, 55116","-93.168176124382,44.923422428722",97646173.0,R,27.0,123.0,36400.0,2008.0
5265,"2083 1ST ST N, NORTH ST PAUL, MN, 55109",Match,Exact,"2083 1ST ST N, NORTH ST PAUL, MN, 55109","-92.997467777205,45.004868870974",656770959.0,L,27.0,123.0,42700.0,5005.0
5386,"358 SOUTH MCCARRONS BLVD, ROSEVILLE, MN, 55113",Match,Non_Exact,"358 MCCARRONS BLVD S, ROSEVILLE, MN, 55113","-93.115212860004,44.996971524616",97643562.0,L,27.0,123.0,41602.0,3000.0
5024,"1459 HAMLINE AVE N, ST PAUL, MN, 55108",Match,Exact,"1459 HAMLINE AVE N, SAINT PAUL, MN, 55108","-93.156750123113,44.985201059036",97641750.0,L,27.0,123.0,30201.0,2015.0
5145,"1675 BAYARD AVE, ST PAUL, MN, 55116",Match,Non_Exact,"1675 W BAYARD AVE, SAINT PAUL, MN, 55116","-93.171050124953,44.92252330387",97646001.0,R,27.0,123.0,36400.0,2010.0
5266,"2075 1ST ST N, NORTH ST PAUL, MN, 55109",Match,Exact,"2075 1ST ST N, NORTH ST PAUL, MN, 55109","-92.997468161778,45.00477273103",656770959.0,L,27.0,123.0,42700.0,5005.0
5387,"899 MILLWOOD AVE, ROSEVILLE, MN, 55113",Match,Exact,"899 MILLWOOD AVE, ROSEVILLE, MN, 55113","-93.138062040366,45.029902283546",649686880.0,R,27.0,123.0,41500.0,2007.0
5025,"1455 HOLTON ST, ST PAUL, MN, 55108",Match,Non_Exact,"1455 N HOLTON ST, SAINT PAUL, MN, 55108","-93.160604887997,44.985575250161",97641080.0,L,27.0,123.0,30201.0,2012.0
5146,"1667 SCHEFFER AVE, ST PAUL, MN, 55116",Match,Non_Exact,"1667 W SCHEFFER AVE, SAINT PAUL, MN, 55116","-93.170721973197,44.921618367431",97646179.0,R,27.0,123.0,36400.0,2011.0
5267,"2102 2ND ST N, NORTH ST PAUL, MN, 55109",Match,Exact,"2102 2ND ST N, NORTH ST PAUL, MN, 55109","-92.99982278183,45.007491594048",97652739.0,R,27.0,123.0,42700.0,3010.0
5388,"905 MILLWOOD AVE, ROSEVILLE, MN, 55113",Match,Exact,"905 MILLWOOD AVE, ROSEVILLE, MN, 55113","-93.138270213899,45.029903622297",649686880.0,R,27.0,123.0,41500.0,2007.0
5026,"1454 PASCAL ST N, ST PAUL, MN, 55108",Match,Exact,"1454 PASCAL ST N, SAINT PAUL, MN, 55108","-93.161713320444,44.985222598008",97641110.0,R,27.0,123.0,30201.0,2018.0
5147,"1636 WATSON AVE, ST PAUL, MN, 55116",Match,Non_Exact,"1636 W WATSON AVE, SAINT PAUL, MN, 55116","-93.169461539548,44.924225899779",97646158.0,L,27.0,123.0,36400.0,2008.0
5268,"2365 BURKE AVE E, NORTH ST PAUL, MN, 55109",Match,Exact,"2365 BURKE AVE E, NORTH ST PAUL, MN, 55109","-93.000302251657,45.00562369266",97671212.0,L,27.0,123.0,42700.0,5001.0
5389,"2968 CHATSWORTH ST N, ROSEVILLE, MN, 55113",Match,Exact,"2968 CHATSWORTH ST N, ROSEVILLE, MN, 55113","-93.141634539006,45.030747264348",97640421.0,R,27.0,123.0,41500.0,2007.0
5380,"575 MONTROSE LN, ST PAUL, MN, 55116",Match,Exact,"575 MONTROSE LN, SAINT PAUL, MN, 55116","-93.193673102924,44.923895192833",97639528.0,R,27.0,123.0,43001.0,3001.0
5260,"2105 IVY ST, NORTH ST PAUL, MN, 55109",Match,Non_Exact,"2105 N IVY ST, NORTH ST PAUL, MN, 55109","-93.003767155553,45.004255618396",97652727.0,L,27.0,123.0,42700.0,5003.0
5381,"506 MONTROSE LN, ST PAUL, MN, 55116",Match,Exact,"506 MONTROSE LN, SAINT PAUL, MN, 55116","-93.193508972308,44.925737081778",97639528.0,L,27.0,123.0,43001.0,3000.0
5016,"1455 SIMPSON ST, ST PAUL, MN, 55108",Match,Exact,"1455 SIMPSON ST, SAINT PAUL, MN, 55108","-93.163171998916,44.985030355999",97641056.0,L,27.0,123.0,30201.0,2010.0
5137,"1616 WATSON AVE, ST PAUL, MN, 55116",Match,Non_Exact,"1616 W WATSON AVE, SAINT PAUL, MN, 55116","-93.169115211377,44.924223456522",97646158.0,L,27.0,123.0,36400.0,2008.0
5258,"2351 BURKE AVE E, NORTH ST PAUL, MN, 55109",Match,Exact,"2351 BURKE AVE E, NORTH ST PAUL, MN, 55109","-93.000618051997,45.005619255206",97671212.0,L,27.0,123.0,42700.0,5001.0
5379,"549 MONTROSE LN, ST PAUL, MN, 55116",Match,Exact,"549 MONTROSE LN, SAINT PAUL, MN, 55116","-93.193672530575,44.924357599961",97639528.0,R,27.0,123.0,43001.0,3001.0
5017,"1442 SIMPSON ST, ST PAUL, MN, 55108",Match,Exact,"1442 SIMPSON ST, SAINT PAUL, MN, 55108","-93.163015236231,44.984622398008",97641056.0,R,27.0,123.0,30201.0,2011.0
5138,"1615 BAYARD AVE, ST PAUL, MN, 55116",Match,Non_Exact,"1615 W BAYARD AVE, SAINT PAUL, MN, 55116","-93.169079369156,44.922521551663",97646160.0,R,27.0,123.0,36400.0,2009.0
5259,"2298 7TH AVE E, NORTH ST PAUL, MN, 55109",Match,Exact,"2298 7TH AVE E, NORTH ST PAUL, MN, 55109","-93.003911437454,45.005599373452",647902588.0,R,27.0,123.0,42700.0,5003.0
5018,"1479 PASCAL ST N, ST PAUL, MN, 55108",Match,Exact,"1479 PASCAL ST N, SAINT PAUL, MN, 55108","-93.161867018833,44.98573875773",97641110.0,L,27.0,123.0,30201.0,2011.0
5139,"1634 NILES AVE, ST PAUL, MN, 55116",Match,Non_Exact,"1634 W NILES AVE, SAINT PAUL, MN, 55116","-93.16942649948,44.925126182925",97646156.0,L,27.0,123.0,36400.0,2005.0
5019,"1496 ARONA ST, ST PAUL, MN, 55108",Tie,,,,,,,,,
5030,"2054 LEXINGTON AVE N, ROSEVILLE, MN, 55113",Match,Exact,"2054 LEXINGTON AVE N, ROSEVILLE, MN, 55113","-93.146316570895,45.003066871909",97641694.0,R,27.0,123.0,41700.0,3001.0
5151,"1643 HARTFORD AVE, ST PAUL, MN, 55116",Match,Non_Exact,"1643 W HARTFORD AVE, SAINT PAUL, MN, 55116","-93.169738734193,44.923432880435",97645999.0,R,27.0,123.0,36400.0,2007.0
5272,"0 3RD ST, NORTH ST PAUL, MN, 55109",No_Match,,,,,,,,,
5393,"3566 RUSTIC PL, SHOREVIEW, MN, 55126",Match,Exact,"3566 RUSTIC PL, SHOREVIEW, MN, 55126","-93.108767688774,45.049227454197",97642627.0,R,27.0,123.0,40704.0,5004.0
5031,"2046 LEXINGTON AVE N, ROSEVILLE, MN, 55113",Match,Exact,"2046 LEXINGTON AVE N, ROSEVILLE, MN, 55113","-93.14631593699,45.002875424411",97641694.0,R,27.0,123.0,41700.0,3001.0
5152,"1655 WATSON AVE, ST PAUL, MN, 55116",Match,Non_Exact,"1655 W WATSON AVE, SAINT PAUL, MN, 55116","-93.170230354214,44.92434362367",97645997.0,R,27.0,123.0,36400.0,2006.0
5273,"2278 7TH AVE E, NORTH ST PAUL, MN, 55109",Match,Exact,"2278 7TH AVE E, NORTH ST PAUL, MN, 55109","-93.004547406542,45.005238396544",647902588.0,R,27.0,123.0,42700.0,5003.0
5394,"3592 RUSTIC PL, SHOREVIEW, MN, 55126",Match,Exact,"3592 RUSTIC PL, SHOREVIEW, MN, 55126","-93.108767688657,45.050068582887",97642627.0,R,27.0,123.0,40704.0,5004.0
5032,"920 BURKE AVE W, ROSEVILLE, MN, 55113",Match,Non_Exact,"920 W BURKE AVE, ROSEVILLE, MN, 55113","-93.140982022819,45.005383385233",97640650.0,L,27.0,123.0,41700.0,3000.0
5153,"1654 NILES AVE, ST PAUL, MN, 55116",Match,Non_Exact,"1654 W NILES AVE, SAINT PAUL, MN, 55116","-93.169868155929,44.925127746296",97645992.0,L,27.0,123.0,36400.0,2006.0
5274,"2115 1ST ST N, NORTH ST PAUL, MN, 55109",Match,Exact,"2115 1ST ST N, NORTH ST PAUL, MN, 55109","-92.997466238913,45.005253430751",656770959.0,L,27.0,123.0,42700.0,5005.0
5395,"176 ST MARIE ST, SHOREVIEW, MN, 55126",Match,Exact,"176 ST MARIE ST, SHOREVIEW, MN, 55126","-93.108121401316,45.050262689463",97642626.0,L,27.0,123.0,40704.0,5004.0
5033,"935 PARKER AVE, ROSEVILLE, MN, 55113",Match,Exact,"935 PARKER AVE, ROSEVILLE, MN, 55113","-93.139414654101,45.004135458097",616281989.0,R,27.0,123.0,41700.0,3000.0
5154,"914 WILDER ST S, ST PAUL, MN, 55116",Match,Non_Exact,"914 S WILDER ST, SAINT PAUL, MN, 55116","-93.184383237191,44.913945715474",97639679.0,L,27.0,123.0,37500.0,3007.0
5275,"2068 MCKNIGHT RD N, NORTH ST PAUL, MN, 55109",Match,Exact,"2068 MCKNIGHT RD N, NORTH ST PAUL, MN, 55109","-93.004895942237,45.004341177673",97652342.0,R,27.0,123.0,42700.0,5003.0
5396,"346 SOUTH MCCARRONS BLVD, ROSEVILLE, MN, 55113",Match,Non_Exact,"346 MCCARRONS BLVD S, ROSEVILLE, MN, 55113","-93.114833004485,44.996821673202",97643562.0,L,27.0,123.0,41602.0,3000.0
5034,"920 PARKER AVE, ROSEVILLE, MN, 55113",Match,Exact,"920 PARKER AVE, ROSEVILLE, MN, 55113","-93.138839221127,45.004012563277",616281989.0,L,27.0,123.0,41700.0,3001.0
5155,"871 WILDER ST S, ST PAUL, MN, 55116",Match,Non_Exact,"871 S WILDER ST, SAINT PAUL, MN, 55116","-93.185328740266,44.915090696441",97639675.0,R,27.0,123.0,37500.0,3005.0
5276,"2044 MCKNIGHT RD N, NORTH ST PAUL, MN, 55109",Match,Exact,"2044 MCKNIGHT RD N, NORTH ST PAUL, MN, 55109","-93.004893852304,45.00382703675",97652342.0,R,27.0,123.0,42700.0,5003.0
5397,"352 SOUTH MCCARRONS BLVD, ROSEVILLE, MN, 55113",Match,Non_Exact,"352 MCCARRONS BLVD S, ROSEVILLE, MN, 55113","-93.115023854371,44.996904222338",97643562.0,L,27.0,123.0,41602.0,3000.0
5035,"1039 PARKER AVE, ROSEVILLE, MN, 55113",Match,Exact,"1039 PARKER AVE, ROSEVILLE, MN, 55113","-93.14381814051,45.004197890745",616281990.0,R,27.0,123.0,41700.0,3000.0
5156,"1683 BAYARD AVE, ST PAUL, MN, 55116",Match,Non_Exact,"1683 W BAYARD AVE, SAINT PAUL, MN, 55116","-93.171377871359,44.922523303892",97646001.0,R,27.0,123.0,36400.0,2010.0
5277,"2286 7TH AVE E, NORTH ST PAUL, MN, 55109",Match,Exact,"2286 7TH AVE E, NORTH ST PAUL, MN, 55109","-93.004292578313,45.005382001394",647902588.0,R,27.0,123.0,42700.0,5003.0
5398,"346 SOUTH MCCARRONS BLVD, ROSEVILLE, MN, 55113",Match,Non_Exact,"346 MCCARRONS BLVD S, ROSEVILLE, MN, 55113","-93.114833004485,44.996821673202",97643562.0,L,27.0,123.0,41602.0,3000.0
5036,"870 PARKER AVE, ROSEVILLE, MN, 55113",Match,Exact,"870 PARKER AVE, ROSEVILLE, MN, 55113","-93.136772326958,45.003982823645",616281989.0,L,27.0,123.0,41700.0,3001.0
5157,"1660 HARTFORD AVE, ST PAUL, MN, 55116",Match,Non_Exact,"1660 W HARTFORD AVE, SAINT PAUL, MN, 55116","-93.17047697398,44.923320905531",97645999.0,L,27.0,123.0,36400.0,2010.0
5278,"2050 1ST ST N, NORTH ST PAUL, MN, 55109",Match,Exact,"2050 1ST ST N, NORTH ST PAUL, MN, 55109","-92.997319255906,45.003292793809",97659676.0,R,27.0,123.0,42700.0,2005.0
5399,"1822 WESTERN AVE N, ROSEVILLE, MN, 55113",Match,Non_Exact,"1822 N WESTERN AVE, ROSEVILLE, MN, 55113","-93.11591712383,44.995891618692",647898722.0,R,27.0,123.0,41602.0,3000.0
5037,"946 BURKE AVE W, ROSEVILLE, MN, 55113",Match,Non_Exact,"946 W BURKE AVE, ROSEVILLE, MN, 55113","-93.141763172904,45.005395014018",97640650.0,L,27.0,123.0,41700.0,3000.0
5158,"1683 SCHEFFER AVE, ST PAUL, MN, 55116",Match,Non_Exact,"1683 W SCHEFFER AVE, SAINT PAUL, MN, 55116","-93.171377467271,44.921620691924",97646179.0,R,27.0,123.0,36400.0,2011.0
5279,"1936 GREENBRIER ST N, MAPLEWOOD, MN, 55117",Match,Non_Exact,"1936 GREENBRIER ST, MAPLEWOOD, MN, 55117","-93.071133856794,44.999885895804",97649969.0,R,27.0,123.0,42202.0,1011.0
5390,"953 MILLWOOD AVE, ROSEVILLE, MN, 55113",Match,Exact,"953 MILLWOOD AVE, ROSEVILLE, MN, 55113","-93.140025851889,45.029913559458",649686881.0,R,27.0,123.0,41500.0,2007.0
5270,"2328 SOUTH AVE E, NORTH ST PAUL, MN, 55109",No_Match,,,,,,,,,
5391,"1866 COUNTY ROAD C2 W, ROSEVILLE, MN, 55113",Match,Exact,"1866 CO RD C2 W, ROSEVILLE, MN, 55113","-93.179257399128,45.027774912497",97639949.0,L,27.0,123.0,41302.0,4000.0
5150,"1624 HARTFORD AVE, ST PAUL, MN, 55116",Match,Non_Exact,"1624 W HARTFORD AVE, SAINT PAUL, MN, 55116","-93.168919357587,44.923313074956",97646173.0,L,27.0,123.0,36400.0,2009.0
5271,"2082 MCKNIGHT RD N, NORTH ST PAUL, MN, 55109",Match,Exact,"2082 MCKNIGHT RD N, NORTH ST PAUL, MN, 55109","-93.004897161365,45.004641093212",97652342.0,R,27.0,123.0,42700.0,5003.0
5392,"3559 RICE ST, SHOREVIEW, MN, 55126",Match,Exact,"3559 RICE ST, SHOREVIEW, MN, 55126","-93.106372024112,45.049328569354",639300396.0,L,27.0,123.0,40704.0,5004.0
5027,"1032 BURKE AVE W, ROSEVILLE, MN, 55113",Match,Non_Exact,"1032 W BURKE AVE, ROSEVILLE, MN, 55113","-93.144347530899,45.005431977607",97640650.0,L,27.0,123.0,41700.0,3000.0
5148,"559 SNELLING AVE S, ST PAUL, MN, 55116",Match,Exact,"559 SNELLING AVE S, SAINT PAUL, MN, 55116","-93.167105706976,44.924670857046",97646165.0,R,27.0,123.0,36400.0,2005.0
5269,"2342 SOUTH AVE E, NORTH ST PAUL, MN, 55109",No_Match,,,,,,,,,
5028,"1036 BURKE AVE W, ROSEVILLE, MN, 55113",Match,Non_Exact,"1036 W BURKE AVE, ROSEVILLE, MN, 55113","-93.144467733596,45.005433696844",97640650.0,L,27.0,123.0,41700.0,3000.0
5149,"885 WILDER ST S, ST PAUL, MN, 55116",Match,Non_Exact,"885 S WILDER ST, SAINT PAUL, MN, 55116","-93.185072431583,44.914707740965",97639675.0,R,27.0,123.0,37500.0,3005.0
5029,"919 PARKER AVE, ROSEVILLE, MN, 55113",Match,Exact,"919 PARKER AVE, ROSEVILLE, MN, 55113","-93.138753247967,45.004125941415",616281989.0,R,27.0,123.0,41700.0,3000.0
5041,"1865 ROME AVE, ST PAUL, MN, 55116",Match,Non_Exact,"1865 W ROME AVE, SAINT PAUL, MN, 55116","-93.179271284606,44.913499147811",97646057.0,R,27.0,123.0,37500.0,3008.0
5162,"635 SNELLING AVE S, ST PAUL, MN, 55116",Match,Exact,"635 SNELLING AVE S, SAINT PAUL, MN, 55116","-93.167105704712,44.922514303597",97646174.0,R,27.0,123.0,36400.0,2009.0
5283,"1955 KENWOOD DR W, MAPLEWOOD, MN, 55117",Match,Non_Exact,"1955 W KENWOOD DR, MAPLEWOOD, MN, 55117","-93.069986828962,44.999699190728",97649972.0,L,27.0,123.0,42202.0,1011.0
5042,"1968 SAUNDERS AVE, ST PAUL, MN, 55116",Match,Non_Exact,"1968 W SAUNDERS AVE, SAINT PAUL, MN, 55116","-93.1836618151,44.914261250774",97646038.0,L,27.0,123.0,37500.0,3007.0
5163,"1619 BAYARD AVE, ST PAUL, MN, 55116",Match,Non_Exact,"1619 W BAYARD AVE, SAINT PAUL, MN, 55116","-93.169148634763,44.922521795991",97646160.0,R,27.0,123.0,36400.0,2009.0
5284,"1960 GREENBRIER ST N, MAPLEWOOD, MN, 55117",Match,Non_Exact,"1960 GREENBRIER ST, MAPLEWOOD, MN, 55117","-93.07113636468,45.000334818588",97649969.0,R,27.0,123.0,42202.0,1011.0
5043,"1930 SAUNDERS AVE, ST PAUL, MN, 55116",Match,Non_Exact,"1930 W SAUNDERS AVE, SAINT PAUL, MN, 55116","-93.182113281363,44.914272714445",97646039.0,L,27.0,123.0,37500.0,3007.0
5164,"1653 SCHEFFER AVE, ST PAUL, MN, 55116",Match,Non_Exact,"1653 W SCHEFFER AVE, SAINT PAUL, MN, 55116","-93.170148415881,44.9216163335",97646179.0,R,27.0,123.0,36400.0,2011.0
5285,"1947 KENWOOD DR E, MAPLEWOOD, MN, 55117",Match,Non_Exact,"1947 E KENWOOD DR, MAPLEWOOD, MN, 55117","-93.068813204541,45.00015795723",647914966.0,L,27.0,123.0,42202.0,1017.0
5044,"1915 MONTREAL AVE, ST PAUL, MN, 55116",Match,Non_Exact,"1915 W MONTREAL AVE, SAINT PAUL, MN, 55116","-93.18151005042,44.912579509502",97646041.0,R,27.0,123.0,37500.0,3011.0
5165,"1661 WATSON AVE, ST PAUL, MN, 55116",Match,Non_Exact,"1661 W WATSON AVE, SAINT PAUL, MN, 55116","-93.170476163697,44.924344495352",97645997.0,R,27.0,123.0,36400.0,2006.0
5286,"1951 KENWOOD DR W, MAPLEWOOD, MN, 55117",Match,Non_Exact,"1951 W KENWOOD DR, MAPLEWOOD, MN, 55117","-93.069986828977,44.999592927221",97649972.0,L,27.0,123.0,42202.0,1011.0
5045,"1900 BOHLAND AVE, ST PAUL, MN, 55116",Match,Exact,"1900 BOHLAND AVE, SAINT PAUL, MN, 55116","-93.180713817623,44.916099306733",97645966.0,L,27.0,123.0,37500.0,3000.0
5166,"1692 BAYARD AVE, ST PAUL, MN, 55116",Match,Non_Exact,"1692 W BAYARD AVE, SAINT PAUL, MN, 55116","-93.171787554383,44.92240871254",97646001.0,L,27.0,123.0,36400.0,2011.0
5287,"2000 GREENBRIER ST N, MAPLEWOOD, MN, 55117",Match,Non_Exact,"2000 GREENBRIER ST, MAPLEWOOD, MN, 55117","-93.071147513806,45.002706876615",97649966.0,R,27.0,123.0,42202.0,1012.0
5046,"1949 ROME AVE, ST PAUL, MN, 55116",Match,Non_Exact,"1949 W ROME AVE, SAINT PAUL, MN, 55116","-93.182437554459,44.913493426532",97646042.0,R,27.0,123.0,37500.0,3007.0
5167,"1594 HARTFORD AVE, ST PAUL, MN, 55116",Match,Non_Exact,"1594 W HARTFORD AVE, SAINT PAUL, MN, 55116","-93.167683322965,44.923304355048",97646173.0,L,27.0,123.0,36400.0,2009.0
5288,"1945 KENWOOD DR W, MAPLEWOOD, MN, 55117",Match,Non_Exact,"1945 W KENWOOD DR, MAPLEWOOD, MN, 55117","-93.069986828999,44.999433531961",97649972.0,L,27.0,123.0,42202.0,1011.0
5047,"1865 MONTREAL AVE, ST PAUL, MN, 55116",Match,Non_Exact,"1865 W MONTREAL AVE, SAINT PAUL, MN, 55116","-93.179340229312,44.912582489653",97646044.0,R,27.0,123.0,37500.0,3010.0
5168,"1625 SCHEFFER AVE, ST PAUL, MN, 55116",Match,Non_Exact,"1625 W SCHEFFER AVE, SAINT PAUL, MN, 55116","-93.168965690774,44.921609800751",97646181.0,R,27.0,123.0,36400.0,2012.0
5289,"2021 KENWOOD DR W, MAPLEWOOD, MN, 55117",Match,Non_Exact,"2021 W KENWOOD DR, MAPLEWOOD, MN, 55117","-93.069986830905,45.001301596646",97649968.0,L,27.0,123.0,42202.0,1012.0
5048,"1931 MONTREAL AVE, ST PAUL, MN, 55116",Match,Non_Exact,"1931 W MONTREAL AVE, SAINT PAUL, MN, 55116","-93.181877742662,44.912580934692",97646041.0,R,27.0,123.0,37500.0,3011.0
5169,"1696 BAYARD AVE, ST PAUL, MN, 55116",Match,Non_Exact,"1696 W BAYARD AVE, SAINT PAUL, MN, 55116","-93.171951427586,44.922408712552",97646001.0,L,27.0,123.0,36400.0,2011.0
5280,"1944 GREENBRIER ST N, MAPLEWOOD, MN, 55117",Match,Non_Exact,"1944 GREENBRIER ST, MAPLEWOOD, MN, 55117","-93.071134692756,45.000035536732",97649969.0,R,27.0,123.0,42202.0,1011.0
5160,"1640 JUNO AVE, ST PAUL, MN, 55116",Match,Non_Exact,"1640 W JUNO AVE, SAINT PAUL, MN, 55116","-93.169653110934,44.926035999027",97645990.0,L,27.0,123.0,36400.0,2003.0
5281,"755 ROSELAWN AVE E, MAPLEWOOD, MN, 55117",Match,Non_Exact,"755 E ROSELAWN AVE, MAPLEWOOD, MN, 55117","-93.068770837611,44.999229971724",97649975.0,L,27.0,123.0,42202.0,1017.0
5040,"1342 SIMPSON ST, ST PAUL, MN, 55108",Match,Exact,"1342 SIMPSON ST, SAINT PAUL, MN, 55108","-93.163038622266,44.982052262233",619253152.0,R,27.0,123.0,30201.0,4010.0
5161,"1622 BAYARD AVE, ST PAUL, MN, 55116",Match,Non_Exact,"1622 W BAYARD AVE, SAINT PAUL, MN, 55116","-93.169218706599,44.922407450351",97646160.0,L,27.0,123.0,36400.0,2012.0
5282,"707 ROSELAWN AVE E, MAPLEWOOD, MN, 55117",Match,Non_Exact,"707 E ROSELAWN AVE, MAPLEWOOD, MN, 55117","-93.070868892366,44.999214662856",97649973.0,L,27.0,123.0,42202.0,1011.0
5038,"2254 SOUTH SHORE BLVD, WHITE BEAR LAKE, MN, 55110",Match,Exact,"2254 S SHORE BLVD, WHITE BEAR LAKE, MN, 55110","-93.005301772955,45.069392953268",97662159.0,R,27.0,123.0,40301.0,2010.0
5159,"1618 BAYARD AVE, ST PAUL, MN, 55116",Match,Non_Exact,"1618 W BAYARD AVE, SAINT PAUL, MN, 55116","-93.169149440992,44.922407206023",97646160.0,L,27.0,123.0,36400.0,2012.0
5039,"1717 WHITE BEAR AVE N, MAPLEWOOD, MN, 55109",Match,Exact,"1717 WHITE BEAR AVE N, MAPLEWOOD, MN, 55109","-93.02530091793,44.993251892205",97652980.0,L,27.0,123.0,42402.0,1014.0
5052,"1914 SAUNDERS AVE, ST PAUL, MN, 55116",Match,Non_Exact,"1914 W SAUNDERS AVE, SAINT PAUL, MN, 55116","-93.181407070784,44.914272714396",97646039.0,L,27.0,123.0,37500.0,3007.0
5173,"1605 NILES AVE, ST PAUL, MN, 55116",Match,Non_Exact,"1605 W NILES AVE, SAINT PAUL, MN, 55116","-93.168906202783,44.925238940439",97646156.0,R,27.0,123.0,36400.0,2004.0
5294,"1131 SEXTANT AVE W, ROSEVILLE, MN, 55113",Match,Exact,"1131 SEXTANT AVE W, ROSEVILLE, MN, 55113","-93.147886919679,45.014567338642",97640604.0,R,27.0,123.0,41400.0,2008.0
5053,"1896 BOHLAND AVE, ST PAUL, MN, 55116",Match,Exact,"1896 BOHLAND AVE, SAINT PAUL, MN, 55116","-93.180542150312,44.916098886997",97645966.0,L,27.0,123.0,37500.0,3000.0
5174,"1640 BAYARD AVE, ST PAUL, MN, 55116",Match,Non_Exact,"1640 W BAYARD AVE, SAINT PAUL, MN, 55116","-93.169657202742,44.922408712393",97646001.0,L,27.0,123.0,36400.0,2011.0
5295,"1123 SEXTANT AVE W, ROSEVILLE, MN, 55113",Match,Exact,"1123 SEXTANT AVE W, ROSEVILLE, MN, 55113","-93.147559553599,45.014571576369",97640604.0,R,27.0,123.0,41400.0,2008.0
5054,"1837 BEECHWOOD AVE, ST PAUL, MN, 55116",Match,Exact,"1837 BEECHWOOD AVE, SAINT PAUL, MN, 55116","-93.177968017683,44.915303428487",97645967.0,R,27.0,123.0,37500.0,3000.0
5175,"1602 WATSON AVE, ST PAUL, MN, 55116",Match,Non_Exact,"1602 W WATSON AVE, SAINT PAUL, MN, 55116","-93.168872781658,44.924221746242",97646158.0,L,27.0,123.0,36400.0,2008.0
5296,"1161 TRANSIT AVE, ROSEVILLE, MN, 55113",Match,Exact,"1161 TRANSIT AVE, ROSEVILLE, MN, 55113","-93.148649029159,45.015437363492",97640602.0,R,27.0,123.0,41400.0,2009.0
5055,"1840 ROME AVE, ST PAUL, MN, 55116",Match,Non_Exact,"1840 W ROME AVE, SAINT PAUL, MN, 55116","-93.178184014302,44.913392505903",97646057.0,L,27.0,123.0,37500.0,3010.0
5176,"1650 JUNO AVE, ST PAUL, MN, 55116",Match,Non_Exact,"1650 W JUNO AVE, SAINT PAUL, MN, 55116","-93.170063568388,44.926037452002",97645990.0,L,27.0,123.0,36400.0,2003.0
5297,"1132 TRANSIT AVE, ROSEVILLE, MN, 55113",Match,Exact,"1132 TRANSIT AVE, ROSEVILLE, MN, 55113","-93.147727265664,45.01532767182",97640602.0,L,27.0,123.0,41400.0,2008.0
5056,"1879 MONTREAL AVE, ST PAUL, MN, 55116",Match,Non_Exact,"1879 W MONTREAL AVE, SAINT PAUL, MN, 55116","-93.179995615382,44.912581015264",97646044.0,R,27.0,123.0,37500.0,3010.0
5177,"1610 WATSON AVE, ST PAUL, MN, 55116",Match,Non_Exact,"1610 W WATSON AVE, SAINT PAUL, MN, 55116","-93.169011312926,44.924222723545",97646158.0,L,27.0,123.0,36400.0,2008.0
5298,"1132 BROOKS AVE W, ROSEVILLE, MN, 55113",Match,Non_Exact,"1132 W BROOKS AVE, ROSEVILLE, MN, 55113","-93.148314820029,45.016210013637",97640599.0,L,27.0,123.0,41400.0,2009.0
5057,"1830 BEECHWOOD AVE, ST PAUL, MN, 55116",Match,Exact,"1830 BEECHWOOD AVE, SAINT PAUL, MN, 55116","-93.177709629267,44.915189467402",97645967.0,L,27.0,123.0,37500.0,3009.0
5178,"1664 HARTFORD AVE, ST PAUL, MN, 55116",Match,Non_Exact,"1664 W HARTFORD AVE, SAINT PAUL, MN, 55116","-93.170640847146,44.923321486653",97645999.0,L,27.0,123.0,36400.0,2010.0
5299,"1149 SEXTANT AVE W, ROSEVILLE, MN, 55113",Match,Exact,"1149 SEXTANT AVE W, ROSEVILLE, MN, 55113","-93.148623493359,45.014557803758",97640604.0,R,27.0,123.0,41400.0,2008.0
5058,"1841 BEECHWOOD AVE, ST PAUL, MN, 55116",Match,Exact,"1841 BEECHWOOD AVE, SAINT PAUL, MN, 55116","-93.178139904631,44.915303008751",97645967.0,R,27.0,123.0,37500.0,3000.0
5179,"1609 NILES AVE, ST PAUL, MN, 55116",Match,Non_Exact,"1609 W NILES AVE, SAINT PAUL, MN, 55116","-93.168975468169,44.925239184766",97646156.0,R,27.0,123.0,36400.0,2004.0
5059,"1892 BEECHWOOD AVE, ST PAUL, MN, 55116",Match,Exact,"1892 BEECHWOOD AVE, SAINT PAUL, MN, 55116","-93.180373876952,44.915182961486",97645967.0,L,27.0,123.0,37500.0,3009.0
5290,"1948 KENWOOD DR W, MAPLEWOOD, MN, 55117",Match,Non_Exact,"1948 W KENWOOD DR, MAPLEWOOD, MN, 55117","-93.069824774477,44.999426203432",97649972.0,R,27.0,123.0,42202.0,1017.0
5170,"1659 SCHEFFER AVE, ST PAUL, MN, 55116",Match,Non_Exact,"1659 W SCHEFFER AVE, SAINT PAUL, MN, 55116","-93.170394226159,44.921617205185",97646179.0,R,27.0,123.0,36400.0,2011.0
5291,"1984 GREENBRIER ST N, MAPLEWOOD, MN, 55117",Match,Non_Exact,"1984 GREENBRIER ST, MAPLEWOOD, MN, 55117","-93.071139972861,45.001032735362",97649966.0,R,27.0,123.0,42202.0,1012.0
5050,"1862 BOHLAND AVE, ST PAUL, MN, 55116",Match,Exact,"1862 BOHLAND AVE, SAINT PAUL, MN, 55116","-93.179082978174,44.916095319237",97645966.0,L,27.0,123.0,37500.0,3000.0
5171,"1633 SCHEFFER AVE, ST PAUL, MN, 55116",Match,Non_Exact,"1633 W SCHEFFER AVE, SAINT PAUL, MN, 55116","-93.169267883112,44.921612030974",97646181.0,R,27.0,123.0,36400.0,2012.0
5292,"2455 DUNLAP ST N, ROSEVILLE, MN, 55113",Match,Non_Exact,"2455 N DUNLAP ST, ROSEVILLE, MN, 55113","-93.150109744457,45.015320684191",97640594.0,L,27.0,123.0,41400.0,2005.0
5051,"1861 MONTREAL AVE, ST PAUL, MN, 55116",Match,Non_Exact,"1861 W MONTREAL AVE, SAINT PAUL, MN, 55116","-93.179152976149,44.912582910907",97646044.0,R,27.0,123.0,37500.0,3010.0
5172,"0 SNELLING AVE S, ST PAUL, MN, 55116",No_Match,,,,,,,,,
5293,"2480 DUNLAP ST N, ROSEVILLE, MN, 55113",Match,Non_Exact,"2480 N DUNLAP ST, ROSEVILLE, MN, 55113","-93.149571971371,45.015791583932",97640593.0,R,27.0,123.0,41400.0,2009.0
5049,"1875 MONTREAL AVE, ST PAUL, MN, 55116",Match,Non_Exact,"1875 W MONTREAL AVE, SAINT PAUL, MN, 55116","-93.179808362219,44.912581436518",97646044.0,R,27.0,123.0,37500.0,3010.0
5063,"1953 ROME AVE, ST PAUL, MN, 55116",Match,Non_Exact,"1953 W ROME AVE, SAINT PAUL, MN, 55116","-93.18255987273,44.913493910012",97646042.0,R,27.0,123.0,37500.0,3007.0
5184,"1690 HARTFORD AVE, ST PAUL, MN, 55116",Match,Non_Exact,"1690 W HARTFORD AVE, SAINT PAUL, MN, 55116","-93.171706022722,44.923325263946",97645999.0,L,27.0,123.0,36400.0,2010.0
5064,"1934 SAUNDERS AVE, ST PAUL, MN, 55116",Match,Non_Exact,"1934 W SAUNDERS AVE, SAINT PAUL, MN, 55116","-93.182289834008,44.914272714457",97646039.0,L,27.0,123.0,37500.0,3007.0
5185,"1640 NILES AVE, ST PAUL, MN, 55116",Match,Non_Exact,"1640 W NILES AVE, SAINT PAUL, MN, 55116","-93.169657610478,44.925126999666",97645992.0,L,27.0,123.0,36400.0,2006.0
5065,"1922 SAUNDERS AVE, ST PAUL, MN, 55116",Match,Non_Exact,"1922 W SAUNDERS AVE, SAINT PAUL, MN, 55116","-93.181760176073,44.914272714421",97646039.0,L,27.0,123.0,37500.0,3007.0
5186,"1611 BAYARD AVE, ST PAUL, MN, 55116",Match,Non_Exact,"1611 W BAYARD AVE, SAINT PAUL, MN, 55116","-93.169010103548,44.922521307335",97646160.0,R,27.0,123.0,36400.0,2009.0
5066,"1836 ROME AVE, ST PAUL, MN, 55116",Match,Non_Exact,"1836 W ROME AVE, SAINT PAUL, MN, 55116","-93.178003081217,44.913393829791",97646057.0,L,27.0,123.0,37500.0,3010.0
5187,"1608 NILES AVE, ST PAUL, MN, 55116",Match,Non_Exact,"1608 W NILES AVE, SAINT PAUL, MN, 55116","-93.168976274473,44.925124594798",97646156.0,L,27.0,123.0,36400.0,2005.0
5067,"1879 BEECHWOOD AVE, ST PAUL, MN, 55116",Match,Exact,"1879 BEECHWOOD AVE, SAINT PAUL, MN, 55116","-93.179772830631,44.915299021254",97645967.0,R,27.0,123.0,37500.0,3000.0
5188,"1604 NILES AVE, ST PAUL, MN, 55116",Match,Non_Exact,"1604 W NILES AVE, SAINT PAUL, MN, 55116","-93.168907009088,44.925124350471",97646156.0,L,27.0,123.0,36400.0,2005.0
5068,"1850 SAUNDERS AVE, ST PAUL, MN, 55116",Match,Non_Exact,"1850 W SAUNDERS AVE, SAINT PAUL, MN, 55116","-93.178571917111,44.914278368789",97646055.0,L,27.0,123.0,37500.0,3008.0
5189,"875 WILDER ST S, ST PAUL, MN, 55116",Match,Non_Exact,"875 S WILDER ST, SAINT PAUL, MN, 55116","-93.185255509214,44.91498128059",97639675.0,R,27.0,123.0,37500.0,3005.0
5069,"1845 BEECHWOOD AVE, ST PAUL, MN, 55116",Match,Exact,"1845 BEECHWOOD AVE, SAINT PAUL, MN, 55116","-93.178311791578,44.915302589014",97645967.0,R,27.0,123.0,37500.0,3000.0
5180,"1629 BAYARD AVE, ST PAUL, MN, 55116",Match,Non_Exact,"1629 W BAYARD AVE, SAINT PAUL, MN, 55116","-93.169321798782,44.922522406811",97646160.0,R,27.0,123.0,36400.0,2009.0
5060,"1830 SAUNDERS AVE, ST PAUL, MN, 55116",Match,Non_Exact,"1830 W SAUNDERS AVE, SAINT PAUL, MN, 55116","-93.177713579309,44.914280467355",97646055.0,L,27.0,123.0,37500.0,3008.0
5181,"1612 HARTFORD AVE, ST PAUL, MN, 55116",Match,Non_Exact,"1612 W HARTFORD AVE, SAINT PAUL, MN, 55116","-93.168424943739,44.923309586992",97646173.0,L,27.0,123.0,36400.0,2009.0
5061,"1851 BEECHWOOD AVE, ST PAUL, MN, 55116",Match,Exact,"1851 BEECHWOOD AVE, SAINT PAUL, MN, 55116","-93.178569621999,44.915301959409",97645967.0,R,27.0,123.0,37500.0,3000.0
5182,"1631 BAYARD AVE, ST PAUL, MN, 55116",Match,Non_Exact,"1631 W BAYARD AVE, SAINT PAUL, MN, 55116","-93.169356431586,44.922522528975",97646160.0,R,27.0,123.0,36400.0,2009.0
5062,"1875 SAUNDERS AVE, ST PAUL, MN, 55116",Match,Non_Exact,"1875 W SAUNDERS AVE, SAINT PAUL, MN, 55116","-93.179602481132,44.914390441198",97646055.0,R,27.0,123.0,37500.0,3009.0
5183,"1641 NILES AVE, ST PAUL, MN, 55116",Match,Non_Exact,"1641 W NILES AVE, SAINT PAUL, MN, 55116","-93.169656799884,44.925241589618",97645992.0,R,27.0,123.0,36400.0,2003.0
5074,"1966 ROME AVE, ST PAUL, MN, 55116",Match,Non_Exact,"1966 W ROME AVE, SAINT PAUL, MN, 55116","-93.181969570884,44.913376983588",97646042.0,L,27.0,123.0,37500.0,3011.0
5195,"597 SNELLING AVE S, ST PAUL, MN, 55116",Match,Exact,"597 SNELLING AVE S, SAINT PAUL, MN, 55116","-93.16710570586,44.923480504173",97646172.0,R,27.0,123.0,36400.0,2008.0
5075,"1969 ROME AVE, ST PAUL, MN, 55116",Match,Non_Exact,"1969 W ROME AVE, SAINT PAUL, MN, 55116","-93.183049145817,44.913495843932",97646042.0,R,27.0,123.0,37500.0,3007.0
5196,"1611 HARTFORD AVE, ST PAUL, MN, 55116",Match,Non_Exact,"1611 W HARTFORD AVE, SAINT PAUL, MN, 55116","-93.168340928999,44.923423591376",97646173.0,R,27.0,123.0,36400.0,2008.0
5076,"2205 OXFORD ST N, ROSEVILLE, MN, 55113",Match,Non_Exact,"2205 N OXFORD ST, ROSEVILLE, MN, 55113","-93.143119758033,45.007806458361",97640734.0,L,27.0,123.0,41700.0,1005.0
5197,"1675 SCHEFFER AVE, ST PAUL, MN, 55116",Match,Non_Exact,"1675 W SCHEFFER AVE, SAINT PAUL, MN, 55116","-93.171049720234,44.921619529677",97646179.0,R,27.0,123.0,36400.0,2011.0
5077,"959 SHERREN ST W, ROSEVILLE, MN, 55113",Match,Exact,"959 SHERREN ST W, ROSEVILLE, MN, 55113","-93.140376046165,45.009128554762",97640735.0,R,27.0,123.0,41700.0,1002.0
5198,"625 SNELLING AVE S, ST PAUL, MN, 55116",Match,Exact,"625 SNELLING AVE S, SAINT PAUL, MN, 55116","-93.16710570468,44.922745306094",97646174.0,R,27.0,123.0,36400.0,2009.0
5078,"949 SHERREN ST W, ROSEVILLE, MN, 55113",Match,Exact,"949 SHERREN ST W, ROSEVILLE, MN, 55113","-93.139927150004,45.009122247056",97640735.0,R,27.0,123.0,41700.0,1002.0
5199,"1591 HARTFORD AVE, ST PAUL, MN, 55116",Match,Non_Exact,"1591 W HARTFORD AVE, SAINT PAUL, MN, 55116","-93.167516905917,44.923417778104",97646173.0,R,27.0,123.0,36400.0,2008.0
5079,"1038 SHERREN ST W, ROSEVILLE, MN, 55113",Match,Exact,"1038 SHERREN ST W, ROSEVILLE, MN, 55113","-93.144367467482,45.008846973205",97640733.0,L,27.0,123.0,41700.0,1005.0
5190,"1615 NILES AVE, ST PAUL, MN, 55116",Match,Non_Exact,"1615 W NILES AVE, SAINT PAUL, MN, 55116","-93.169079366247,44.925239551257",97646156.0,R,27.0,123.0,36400.0,2004.0
5070,"910 HOWELL ST S, ST PAUL, MN, 55116",Match,Non_Exact,"910 S HOWELL ST, SAINT PAUL, MN, 55116","-93.180806880038,44.913728767006",97646054.0,L,27.0,123.0,37500.0,3008.0
5191,"1996 BOHLAND AVE, ST PAUL, MN, 55116",Match,Exact,"1996 BOHLAND AVE, SAINT PAUL, MN, 55116","-93.185746130026,44.916108714429",97639626.0,L,27.0,123.0,37500.0,3003.0
5071,"1826 SAUNDERS AVE, ST PAUL, MN, 55116",Match,Non_Exact,"1826 W SAUNDERS AVE, SAINT PAUL, MN, 55116","-93.177541911749,44.914280887069",97646055.0,L,27.0,123.0,37500.0,3008.0
5192,"1684 BAYARD AVE, ST PAUL, MN, 55116",Match,Non_Exact,"1684 W BAYARD AVE, SAINT PAUL, MN, 55116","-93.171459807977,44.922408712517",97646001.0,L,27.0,123.0,36400.0,2011.0
5072,"1826 BEECHWOOD AVE, ST PAUL, MN, 55116",Match,Exact,"1826 BEECHWOOD AVE, SAINT PAUL, MN, 55116","-93.17753774232,44.915189887138",97645967.0,L,27.0,123.0,37500.0,3009.0
5193,"1630 HARTFORD AVE, ST PAUL, MN, 55116",Match,Non_Exact,"1630 W HARTFORD AVE, SAINT PAUL, MN, 55116","-93.169166564512,44.923314818937",97646173.0,L,27.0,123.0,36400.0,2009.0
5073,"1962 SAUNDERS AVE, ST PAUL, MN, 55116",Match,Non_Exact,"1962 W SAUNDERS AVE, SAINT PAUL, MN, 55116","-93.183534919213,44.914272714544",97646038.0,L,27.0,123.0,37500.0,3007.0
5194,"631 SNELLING AVE S, ST PAUL, MN, 55116",Match,Exact,"631 SNELLING AVE S, SAINT PAUL, MN, 55116","-93.167105704699,44.922606704596",97646174.0,R,27.0,123.0,36400.0,2009.0
5085,"1069 SHERREN ST W, ROSEVILLE, MN, 55113",Match,Exact,"1069 SHERREN ST W, ROSEVILLE, MN, 55113","-93.145146404229,45.008970762561",97640733.0,R,27.0,123.0,41700.0,1002.0
5086,"1063 SHERREN ST W, ROSEVILLE, MN, 55113",Match,Exact,"1063 SHERREN ST W, ROSEVILLE, MN, 55113","-93.144899305514,45.008967849788",97640733.0,R,27.0,123.0,41700.0,1002.0
5087,"1019 SHERREN ST W, ROSEVILLE, MN, 55113",Match,Exact,"1019 SHERREN ST W, ROSEVILLE, MN, 55113","-93.143143320688,45.009166289284",97640733.0,R,27.0,123.0,41700.0,1002.0
5088,"1001 SHERREN ST W, ROSEVILLE, MN, 55113",Match,Exact,"1001 SHERREN ST W, ROSEVILLE, MN, 55113","-93.14226141004,45.009155047129",97640735.0,R,27.0,123.0,41700.0,1002.0
5089,"1078 SHERREN ST W, ROSEVILLE, MN, 55113",Match,Exact,"1078 SHERREN ST W, ROSEVILLE, MN, 55113","-93.145712222395,45.008862825029",97640733.0,L,27.0,123.0,41700.0,1005.0
5080,"1035 SHERREN ST W, ROSEVILLE, MN, 55113",Match,Exact,"1035 SHERREN ST W, ROSEVILLE, MN, 55113","-93.143795785513,45.009016336142",97640733.0,R,27.0,123.0,41700.0,1002.0
5081,"926 HIGHWAY 36 W, ROSEVILLE, MN, 55113",Match,Non_Exact,"926 STATE HWY 36, ROSEVILLE, MN, 55113","-93.137563219814,45.010085349631",97685249.0,R,27.0,123.0,41700.0,1002.0
5082,"1086 SHERREN ST W, ROSEVILLE, MN, 55113",Match,Exact,"1086 SHERREN ST W, ROSEVILLE, MN, 55113","-93.145981173378,45.008865995393",97640733.0,L,27.0,123.0,41700.0,1005.0
5083,"2232 LEXINGTON AVE N, ROSEVILLE, MN, 55113",Match,Exact,"2232 LEXINGTON AVE N, ROSEVILLE, MN, 55113","-93.146371977505,45.008343805188",97640641.0,R,27.0,123.0,41700.0,1005.0
5084,"1064 SHERREN ST W, ROSEVILLE, MN, 55113",Match,Exact,"1064 SHERREN ST W, ROSEVILLE, MN, 55113","-93.145241558175,45.00885727689",97640733.0,L,27.0,123.0,41700.0,1005.0
5096,"809 NEVADA AVE E, ST PAUL, MN, 55106",Match,Exact,"809 NEVADA AVE E, SAINT PAUL, MN, 55106","-93.067204191474,44.985687761931",97650263.0,L,27.0,123.0,30602.0,5023.0
5097,"805 NEBRASKA AVE E, ST PAUL, MN, 55106",Match,Exact,"805 NEBRASKA AVE E, SAINT PAUL, MN, 55106","-93.067282291313,44.986589479532",97650261.0,L,27.0,123.0,30602.0,5022.0
5098,"798 MONTANA AVE E, ST PAUL, MN, 55106",Match,Exact,"798 MONTANA AVE E, SAINT PAUL, MN, 55106","-93.067391044881,44.987382839212",97650259.0,R,27.0,123.0,30602.0,5022.0
5099,"803 MONTANA AVE E, ST PAUL, MN, 55106",Match,Exact,"803 MONTANA AVE E, SAINT PAUL, MN, 55106","-93.067323088307,44.987498202",97650259.0,L,27.0,123.0,30602.0,5014.0
5090,"2084 GIESMANN ST, ROSEVILLE, MN, 55113",Match,Exact,"2084 GIESMANN ST, ROSEVILLE, MN, 55113","-93.112666271703,45.003860770311",97662289.0,R,27.0,123.0,41602.0,2015.0
5091,"2033 WILLIAM ST, ROSEVILLE, MN, 55113",Match,Non_Exact,"2033 WILLIAM ST N, ROSEVILLE, MN, 55113","-93.11122083094,45.002253925221",97643567.0,L,27.0,123.0,41602.0,2015.0
5092,"811 NEBRASKA AVE E, ST PAUL, MN, 55106",Match,Exact,"811 NEBRASKA AVE E, SAINT PAUL, MN, 55106","-93.067208842097,44.986590302487",97650261.0,L,27.0,123.0,30602.0,5022.0
5093,"799 NEBRASKA AVE E, ST PAUL, MN, 55106",Match,Exact,"799 NEBRASKA AVE E, SAINT PAUL, MN, 55106","-93.067355740529,44.986588656576",97650261.0,L,27.0,123.0,30602.0,5022.0
5094,"815 MONTANA AVE E, ST PAUL, MN, 55106",Match,Exact,"815 MONTANA AVE E, SAINT PAUL, MN, 55106","-93.067175274905,44.987499848936",97650259.0,L,27.0,123.0,30602.0,5014.0
5095,"789 NEVADA AVE E, ST PAUL, MN, 55106",Match,Exact,"789 NEVADA AVE E, SAINT PAUL, MN, 55106","-93.067445689563,44.985686412796",97650263.0,L,27.0,123.0,30602.0,5023.0
5520,"1373 SCHLETTI ST, ST PAUL, MN, 55117",Tie,,,,,,,,,
5521,"1378 KENT ST, ST PAUL, MN, 55117",Tie,,,,,,,,,
5519,"1374 KENT ST, ST PAUL, MN, 55117",Tie,,,,,,,,,
5511,"3021 WOODBRIDGE ST, ROSEVILLE, MN, 55113",Match,Exact,"3021 WOODBRIDGE ST, ROSEVILLE, MN, 55113","-93.108346170601,45.032214678162",97642698.0,L,27.0,123.0,41601.0,1000.0
5512,"187 WOODLYNN AVE, ROSEVILLE, MN, 55113",Match,Exact,"187 WOODLYNN AVE, ROSEVILLE, MN, 55113","-93.108205705684,45.034645632287",97643043.0,R,27.0,123.0,41601.0,1000.0
5513,"3035 WOODBRIDGE ST, ROSEVILLE, MN, 55113",Match,Exact,"3035 WOODBRIDGE ST, ROSEVILLE, MN, 55113","-93.108349881526,45.032630308228",97642698.0,L,27.0,123.0,41601.0,1000.0
5514,"1365 SCHLETTI ST, ST PAUL, MN, 55117",Tie,,,,,,,,,
5515,"549 WHEELOCK PKWY W, ST PAUL, MN, 55117",Match,Exact,"549 WHEELOCK PKWY W, SAINT PAUL, MN, 55117","-93.123263895725,44.981032292009",97643518.0,R,27.0,123.0,30400.0,3008.0
5516,"1369 SCHLETTI ST, ST PAUL, MN, 55117",Tie,,,,,,,,,
5517,"1346 KENT ST, ST PAUL, MN, 55117",Tie,,,,,,,,,
5518,"1376 SCHLETTI ST, ST PAUL, MN, 55117",Tie,,,,,,,,,
5510,"151 WOODLYNN AVE, ROSEVILLE, MN, 55113",Match,Exact,"151 WOODLYNN AVE, ROSEVILLE, MN, 55113","-93.10740142055,45.034649106465",97643043.0,R,27.0,123.0,41601.0,1000.0
5508,"3055 WOODBRIDGE ST, ROSEVILLE, MN, 55113",Match,Exact,"3055 WOODBRIDGE ST, ROSEVILLE, MN, 55113","-93.108355182847,45.033224065465",97642698.0,L,27.0,123.0,41601.0,1000.0
5509,"3041 WOODBRIDGE ST, ROSEVILLE, MN, 55113",Match,Exact,"3041 WOODBRIDGE ST, ROSEVILLE, MN, 55113","-93.108351471922,45.032808435399",97642698.0,L,27.0,123.0,41601.0,1000.0
5500,"983 ST ANTHONY AVE, ST PAUL, MN, 55104",Match,Exact,"983 ST ANTHONY AVE, SAINT PAUL, MN, 55104","-93.141631248473,44.952187297495",97646598.0,R,27.0,123.0,33500.0,3012.0
5522,"1345 SCHLETTI ST, ST PAUL, MN, 55117",Tie,,,,,,,,,
5501,"1004 CENTRAL AVE W, ST PAUL, MN, 55104",Match,Non_Exact,"1004 W CENTRAL AVE, SAINT PAUL, MN, 55104","-93.142620039404,44.952981706051",97646595.0,L,27.0,123.0,33500.0,3012.0
5523,"2009 BEACON ST, ROSEVILLE, MN, 55113",Match,Exact,"2009 BEACON ST, ROSEVILLE, MN, 55113","-93.175682425795,45.001469607521",97640803.0,L,27.0,123.0,41301.0,1020.0
5502,"8005 WOODLAWN DR, MOUNDS VIEW, MN, 55112",Match,Exact,"8005 WOODLAWN DR, MOUNDS VIEW, MN, 55112","-93.206434303022,45.113584631571",97633425.0,R,27.0,123.0,40901.0,1005.0
5524,"1787 SHRYER AVE W, ROSEVILLE, MN, 55113",Match,Exact,"1787 SHRYER AVE W, ROSEVILLE, MN, 55113","-93.175679050361,45.002136758772",97640802.0,R,27.0,123.0,41301.0,1021.0
5503,"7968 EDGEWOOD DR, MOUNDS VIEW, MN, 55112",Match,Exact,"7968 EDGEWOOD DR, MOUNDS VIEW, MN, 55112","-93.204027032927,45.11293490339",97633429.0,L,27.0,123.0,40901.0,1005.0
5525,"1721 SHRYER AVE W, ROSEVILLE, MN, 55113",Match,Exact,"1721 SHRYER AVE W, ROSEVILLE, MN, 55113","-93.172699261514,45.002146292362",97640817.0,R,27.0,123.0,41301.0,1021.0
5504,"7955 LONG LAKE RD, MOUNDS VIEW, MN, 55112",Match,Exact,"7955 LONG LAKE RD, MOUNDS VIEW, MN, 55112","-93.20897841955,45.112704305854",97633416.0,R,27.0,123.0,40901.0,1006.0
5526,"1745 SHRYER AVE W, ROSEVILLE, MN, 55113",Match,Exact,"1745 SHRYER AVE W, ROSEVILLE, MN, 55113","-93.173747321088,45.002137884813",97640813.0,R,27.0,123.0,41301.0,1021.0
5505,"3005 WOODBRIDGE ST, ROSEVILLE, MN, 55113",Match,Exact,"3005 WOODBRIDGE ST, ROSEVILLE, MN, 55113","-93.108341929544,45.031739672372",97642698.0,L,27.0,123.0,41601.0,1000.0
5527,"1779 SHRYER AVE W, ROSEVILLE, MN, 55113",Match,Exact,"1779 SHRYER AVE W, ROSEVILLE, MN, 55113","-93.175262254844,45.002134728735",97640804.0,R,27.0,123.0,41301.0,1021.0
5506,"3047 WOODBRIDGE ST, ROSEVILLE, MN, 55113",Match,Exact,"3047 WOODBRIDGE ST, ROSEVILLE, MN, 55113","-93.108353062318,45.03298656257",97642698.0,L,27.0,123.0,41601.0,1000.0
5507,"3029 WOODBRIDGE ST, ROSEVILLE, MN, 55113",Match,Exact,"3029 WOODBRIDGE ST, ROSEVILLE, MN, 55113","-93.108348291129,45.032452181057",97642698.0,L,27.0,123.0,41601.0,1000.0
